solid phantom_pegboard
  facet normal 0.000000e+00 0.000000e+00 1.000000e+00
    outer loop
      vertex -40.0000 -35.0000 20.0000
      vertex -37.5000 -35.0000 20.0000
      vertex -37.5000 -32.5000 20.0000
    endloop
  endfacet
  facet normal 0.000000e+00 0.000000e+00 1.000000e+00
    outer loop
      vertex -40.0000 -35.0000 20.0000
      vertex -37.5000 -32.5000 20.0000
      vertex -40.0000 -32.5000 20.0000
    endloop
  endfacet
  facet normal 0.000000e+00 0.000000e+00 1.000000e+00
    outer loop
      vertex -40.0000 -32.5000 20.0000
      vertex -37.5000 -32.5000 20.0000
      vertex -37.5000 -30.0000 20.0000
    endloop
  endfacet
  facet normal 0.000000e+00 0.000000e+00 1.000000e+00
    outer loop
      vertex -40.0000 -32.5000 20.0000
      vertex -37.5000 -30.0000 20.0000
      vertex -40.0000 -30.0000 20.0000
    endloop
  endfacet
  facet normal 0.000000e+00 0.000000e+00 1.000000e+00
    outer loop
      vertex -40.0000 -30.0000 20.0000
      vertex -37.5000 -30.0000 20.0000
      vertex -37.5000 -27.5000 20.0000
    endloop
  endfacet
  facet normal 0.000000e+00 0.000000e+00 1.000000e+00
    outer loop
      vertex -40.0000 -30.0000 20.0000
      vertex -37.5000 -27.5000 20.0000
      vertex -40.0000 -27.5000 20.0000
    endloop
  endfacet
  facet normal 0.000000e+00 0.000000e+00 1.000000e+00
    outer loop
      vertex -40.0000 -27.5000 20.0000
      vertex -37.5000 -27.5000 20.0000
      vertex -37.5000 -25.0000 20.0000
    endloop
  endfacet
  facet normal 0.000000e+00 0.000000e+00 1.000000e+00
    outer loop
      vertex -40.0000 -27.5000 20.0000
      vertex -37.5000 -25.0000 20.0000
      vertex -40.0000 -25.0000 20.0000
    endloop
  endfacet
  facet normal 0.000000e+00 0.000000e+00 1.000000e+00
    outer loop
      vertex -40.0000 -25.0000 20.0000
      vertex -37.5000 -25.0000 20.0000
      vertex -37.5000 -22.5000 20.0000
    endloop
  endfacet
  facet normal 0.000000e+00 0.000000e+00 1.000000e+00
    outer loop
      vertex -40.0000 -25.0000 20.0000
      vertex -37.5000 -22.5000 20.0000
      vertex -40.0000 -22.5000 20.0000
    endloop
  endfacet
  facet normal 0.000000e+00 0.000000e+00 1.000000e+00
    outer loop
      vertex -40.0000 -22.5000 20.0000
      vertex -37.5000 -22.5000 20.0000
      vertex -37.5000 -20.0000 20.0000
    endloop
  endfacet
  facet normal 0.000000e+00 0.000000e+00 1.000000e+00
    outer loop
      vertex -40.0000 -22.5000 20.0000
      vertex -37.5000 -20.0000 20.0000
      vertex -40.0000 -20.0000 20.0000
    endloop
  endfacet
  facet normal 0.000000e+00 0.000000e+00 1.000000e+00
    outer loop
      vertex -40.0000 -20.0000 20.0000
      vertex -37.5000 -20.0000 20.0000
      vertex -37.5000 -17.5000 20.0000
    endloop
  endfacet
  facet normal 0.000000e+00 0.000000e+00 1.000000e+00
    outer loop
      vertex -40.0000 -20.0000 20.0000
      vertex -37.5000 -17.5000 20.0000
      vertex -40.0000 -17.5000 20.0000
    endloop
  endfacet
  facet normal 0.000000e+00 0.000000e+00 1.000000e+00
    outer loop
      vertex -40.0000 -17.5000 20.0000
      vertex -37.5000 -17.5000 20.0000
      vertex -37.5000 -15.0000 20.0000
    endloop
  endfacet
  facet normal 0.000000e+00 0.000000e+00 1.000000e+00
    outer loop
      vertex -40.0000 -17.5000 20.0000
      vertex -37.5000 -15.0000 20.0000
      vertex -40.0000 -15.0000 20.0000
    endloop
  endfacet
  facet normal 0.000000e+00 0.000000e+00 1.000000e+00
    outer loop
      vertex -40.0000 -15.0000 20.0000
      vertex -37.5000 -15.0000 20.0000
      vertex -37.5000 -12.5000 20.0000
    endloop
  endfacet
  facet normal 0.000000e+00 0.000000e+00 1.000000e+00
    outer loop
      vertex -40.0000 -15.0000 20.0000
      vertex -37.5000 -12.5000 20.0000
      vertex -40.0000 -12.5000 20.0000
    endloop
  endfacet
  facet normal 0.000000e+00 0.000000e+00 1.000000e+00
    outer loop
      vertex -40.0000 -12.5000 20.0000
      vertex -37.5000 -12.5000 20.0000
      vertex -37.5000 -10.0000 20.0000
    endloop
  endfacet
  facet normal 0.000000e+00 0.000000e+00 1.000000e+00
    outer loop
      vertex -40.0000 -12.5000 20.0000
      vertex -37.5000 -10.0000 20.0000
      vertex -40.0000 -10.0000 20.0000
    endloop
  endfacet
  facet normal 0.000000e+00 0.000000e+00 1.000000e+00
    outer loop
      vertex -40.0000 -10.0000 20.0000
      vertex -37.5000 -10.0000 20.0000
      vertex -37.5000 -7.5000 20.0000
    endloop
  endfacet
  facet normal 0.000000e+00 0.000000e+00 1.000000e+00
    outer loop
      vertex -40.0000 -10.0000 20.0000
      vertex -37.5000 -7.5000 20.0000
      vertex -40.0000 -7.5000 20.0000
    endloop
  endfacet
  facet normal 0.000000e+00 0.000000e+00 1.000000e+00
    outer loop
      vertex -40.0000 -7.5000 20.0000
      vertex -37.5000 -7.5000 20.0000
      vertex -37.5000 -5.0000 20.0000
    endloop
  endfacet
  facet normal 0.000000e+00 0.000000e+00 1.000000e+00
    outer loop
      vertex -40.0000 -7.5000 20.0000
      vertex -37.5000 -5.0000 20.0000
      vertex -40.0000 -5.0000 20.0000
    endloop
  endfacet
  facet normal 0.000000e+00 0.000000e+00 1.000000e+00
    outer loop
      vertex -40.0000 -5.0000 20.0000
      vertex -37.5000 -5.0000 20.0000
      vertex -37.5000 -2.5000 20.0000
    endloop
  endfacet
  facet normal 0.000000e+00 0.000000e+00 1.000000e+00
    outer loop
      vertex -40.0000 -5.0000 20.0000
      vertex -37.5000 -2.5000 20.0000
      vertex -40.0000 -2.5000 20.0000
    endloop
  endfacet
  facet normal 0.000000e+00 0.000000e+00 1.000000e+00
    outer loop
      vertex -40.0000 -2.5000 20.0000
      vertex -37.5000 -2.5000 20.0000
      vertex -37.5000 0.0000 20.0000
    endloop
  endfacet
  facet normal 0.000000e+00 0.000000e+00 1.000000e+00
    outer loop
      vertex -40.0000 -2.5000 20.0000
      vertex -37.5000 0.0000 20.0000
      vertex -40.0000 0.0000 20.0000
    endloop
  endfacet
  facet normal 0.000000e+00 0.000000e+00 1.000000e+00
    outer loop
      vertex -40.0000 0.0000 20.0000
      vertex -37.5000 0.0000 20.0000
      vertex -37.5000 2.5000 20.0000
    endloop
  endfacet
  facet normal 0.000000e+00 0.000000e+00 1.000000e+00
    outer loop
      vertex -40.0000 0.0000 20.0000
      vertex -37.5000 2.5000 20.0000
      vertex -40.0000 2.5000 20.0000
    endloop
  endfacet
  facet normal 0.000000e+00 0.000000e+00 1.000000e+00
    outer loop
      vertex -40.0000 2.5000 20.0000
      vertex -37.5000 2.5000 20.0000
      vertex -37.5000 5.0000 20.0000
    endloop
  endfacet
  facet normal 0.000000e+00 0.000000e+00 1.000000e+00
    outer loop
      vertex -40.0000 2.5000 20.0000
      vertex -37.5000 5.0000 20.0000
      vertex -40.0000 5.0000 20.0000
    endloop
  endfacet
  facet normal 0.000000e+00 0.000000e+00 1.000000e+00
    outer loop
      vertex -40.0000 5.0000 20.0000
      vertex -37.5000 5.0000 20.0000
      vertex -37.5000 7.5000 20.0000
    endloop
  endfacet
  facet normal 0.000000e+00 0.000000e+00 1.000000e+00
    outer loop
      vertex -40.0000 5.0000 20.0000
      vertex -37.5000 7.5000 20.0000
      vertex -40.0000 7.5000 20.0000
    endloop
  endfacet
  facet normal 0.000000e+00 0.000000e+00 1.000000e+00
    outer loop
      vertex -40.0000 7.5000 20.0000
      vertex -37.5000 7.5000 20.0000
      vertex -37.5000 10.0000 20.0000
    endloop
  endfacet
  facet normal 0.000000e+00 0.000000e+00 1.000000e+00
    outer loop
      vertex -40.0000 7.5000 20.0000
      vertex -37.5000 10.0000 20.0000
      vertex -40.0000 10.0000 20.0000
    endloop
  endfacet
  facet normal 0.000000e+00 0.000000e+00 1.000000e+00
    outer loop
      vertex -40.0000 10.0000 20.0000
      vertex -37.5000 10.0000 20.0000
      vertex -37.5000 12.5000 20.0000
    endloop
  endfacet
  facet normal 0.000000e+00 0.000000e+00 1.000000e+00
    outer loop
      vertex -40.0000 10.0000 20.0000
      vertex -37.5000 12.5000 20.0000
      vertex -40.0000 12.5000 20.0000
    endloop
  endfacet
  facet normal 0.000000e+00 0.000000e+00 1.000000e+00
    outer loop
      vertex -40.0000 12.5000 20.0000
      vertex -37.5000 12.5000 20.0000
      vertex -37.5000 15.0000 20.0000
    endloop
  endfacet
  facet normal 0.000000e+00 0.000000e+00 1.000000e+00
    outer loop
      vertex -40.0000 12.5000 20.0000
      vertex -37.5000 15.0000 20.0000
      vertex -40.0000 15.0000 20.0000
    endloop
  endfacet
  facet normal 0.000000e+00 0.000000e+00 1.000000e+00
    outer loop
      vertex -40.0000 15.0000 20.0000
      vertex -37.5000 15.0000 20.0000
      vertex -37.5000 17.5000 20.0000
    endloop
  endfacet
  facet normal 0.000000e+00 0.000000e+00 1.000000e+00
    outer loop
      vertex -40.0000 15.0000 20.0000
      vertex -37.5000 17.5000 20.0000
      vertex -40.0000 17.5000 20.0000
    endloop
  endfacet
  facet normal 0.000000e+00 0.000000e+00 1.000000e+00
    outer loop
      vertex -40.0000 17.5000 20.0000
      vertex -37.5000 17.5000 20.0000
      vertex -37.5000 20.0000 20.0000
    endloop
  endfacet
  facet normal 0.000000e+00 0.000000e+00 1.000000e+00
    outer loop
      vertex -40.0000 17.5000 20.0000
      vertex -37.5000 20.0000 20.0000
      vertex -40.0000 20.0000 20.0000
    endloop
  endfacet
  facet normal 0.000000e+00 0.000000e+00 1.000000e+00
    outer loop
      vertex -40.0000 20.0000 20.0000
      vertex -37.5000 20.0000 20.0000
      vertex -37.5000 22.5000 20.0000
    endloop
  endfacet
  facet normal 0.000000e+00 0.000000e+00 1.000000e+00
    outer loop
      vertex -40.0000 20.0000 20.0000
      vertex -37.5000 22.5000 20.0000
      vertex -40.0000 22.5000 20.0000
    endloop
  endfacet
  facet normal 0.000000e+00 0.000000e+00 1.000000e+00
    outer loop
      vertex -40.0000 22.5000 20.0000
      vertex -37.5000 22.5000 20.0000
      vertex -37.5000 25.0000 20.0000
    endloop
  endfacet
  facet normal 0.000000e+00 0.000000e+00 1.000000e+00
    outer loop
      vertex -40.0000 22.5000 20.0000
      vertex -37.5000 25.0000 20.0000
      vertex -40.0000 25.0000 20.0000
    endloop
  endfacet
  facet normal 0.000000e+00 0.000000e+00 1.000000e+00
    outer loop
      vertex -40.0000 25.0000 20.0000
      vertex -37.5000 25.0000 20.0000
      vertex -37.5000 27.5000 20.0000
    endloop
  endfacet
  facet normal 0.000000e+00 0.000000e+00 1.000000e+00
    outer loop
      vertex -40.0000 25.0000 20.0000
      vertex -37.5000 27.5000 20.0000
      vertex -40.0000 27.5000 20.0000
    endloop
  endfacet
  facet normal 0.000000e+00 0.000000e+00 1.000000e+00
    outer loop
      vertex -40.0000 27.5000 20.0000
      vertex -37.5000 27.5000 20.0000
      vertex -37.5000 30.0000 20.0000
    endloop
  endfacet
  facet normal 0.000000e+00 0.000000e+00 1.000000e+00
    outer loop
      vertex -40.0000 27.5000 20.0000
      vertex -37.5000 30.0000 20.0000
      vertex -40.0000 30.0000 20.0000
    endloop
  endfacet
  facet normal 0.000000e+00 0.000000e+00 1.000000e+00
    outer loop
      vertex -40.0000 30.0000 20.0000
      vertex -37.5000 30.0000 20.0000
      vertex -37.5000 32.5000 20.0000
    endloop
  endfacet
  facet normal 0.000000e+00 0.000000e+00 1.000000e+00
    outer loop
      vertex -40.0000 30.0000 20.0000
      vertex -37.5000 32.5000 20.0000
      vertex -40.0000 32.5000 20.0000
    endloop
  endfacet
  facet normal 0.000000e+00 0.000000e+00 1.000000e+00
    outer loop
      vertex -40.0000 32.5000 20.0000
      vertex -37.5000 32.5000 20.0000
      vertex -37.5000 35.0000 20.0000
    endloop
  endfacet
  facet normal 0.000000e+00 0.000000e+00 1.000000e+00
    outer loop
      vertex -40.0000 32.5000 20.0000
      vertex -37.5000 35.0000 20.0000
      vertex -40.0000 35.0000 20.0000
    endloop
  endfacet
  facet normal 0.000000e+00 0.000000e+00 1.000000e+00
    outer loop
      vertex -37.5000 -35.0000 20.0000
      vertex -35.0000 -35.0000 20.0000
      vertex -35.0000 -32.5000 20.0000
    endloop
  endfacet
  facet normal 0.000000e+00 0.000000e+00 1.000000e+00
    outer loop
      vertex -37.5000 -35.0000 20.0000
      vertex -35.0000 -32.5000 20.0000
      vertex -37.5000 -32.5000 20.0000
    endloop
  endfacet
  facet normal 0.000000e+00 0.000000e+00 1.000000e+00
    outer loop
      vertex -37.5000 -32.5000 20.0000
      vertex -35.0000 -32.5000 20.0000
      vertex -35.0000 -30.0000 20.0000
    endloop
  endfacet
  facet normal 0.000000e+00 0.000000e+00 1.000000e+00
    outer loop
      vertex -37.5000 -32.5000 20.0000
      vertex -35.0000 -30.0000 20.0000
      vertex -37.5000 -30.0000 20.0000
    endloop
  endfacet
  facet normal 0.000000e+00 0.000000e+00 1.000000e+00
    outer loop
      vertex -37.5000 -30.0000 20.0000
      vertex -35.0000 -30.0000 20.0000
      vertex -35.0000 -27.5000 20.0000
    endloop
  endfacet
  facet normal 0.000000e+00 0.000000e+00 1.000000e+00
    outer loop
      vertex -37.5000 -30.0000 20.0000
      vertex -35.0000 -27.5000 20.0000
      vertex -37.5000 -27.5000 20.0000
    endloop
  endfacet
  facet normal 0.000000e+00 0.000000e+00 1.000000e+00
    outer loop
      vertex -37.5000 -27.5000 20.0000
      vertex -35.0000 -27.5000 20.0000
      vertex -35.0000 -25.0000 20.0000
    endloop
  endfacet
  facet normal 0.000000e+00 0.000000e+00 1.000000e+00
    outer loop
      vertex -37.5000 -27.5000 20.0000
      vertex -35.0000 -25.0000 20.0000
      vertex -37.5000 -25.0000 20.0000
    endloop
  endfacet
  facet normal 0.000000e+00 0.000000e+00 1.000000e+00
    outer loop
      vertex -37.5000 -25.0000 20.0000
      vertex -35.0000 -25.0000 20.0000
      vertex -35.0000 -22.5000 20.0000
    endloop
  endfacet
  facet normal 0.000000e+00 0.000000e+00 1.000000e+00
    outer loop
      vertex -37.5000 -25.0000 20.0000
      vertex -35.0000 -22.5000 20.0000
      vertex -37.5000 -22.5000 20.0000
    endloop
  endfacet
  facet normal 0.000000e+00 0.000000e+00 1.000000e+00
    outer loop
      vertex -37.5000 -22.5000 20.0000
      vertex -35.0000 -22.5000 20.0000
      vertex -35.0000 -20.0000 20.0000
    endloop
  endfacet
  facet normal 0.000000e+00 0.000000e+00 1.000000e+00
    outer loop
      vertex -37.5000 -22.5000 20.0000
      vertex -35.0000 -20.0000 20.0000
      vertex -37.5000 -20.0000 20.0000
    endloop
  endfacet
  facet normal 0.000000e+00 0.000000e+00 1.000000e+00
    outer loop
      vertex -37.5000 -20.0000 20.0000
      vertex -35.0000 -20.0000 20.0000
      vertex -35.0000 -17.5000 20.0000
    endloop
  endfacet
  facet normal 0.000000e+00 0.000000e+00 1.000000e+00
    outer loop
      vertex -37.5000 -20.0000 20.0000
      vertex -35.0000 -17.5000 20.0000
      vertex -37.5000 -17.5000 20.0000
    endloop
  endfacet
  facet normal 0.000000e+00 0.000000e+00 1.000000e+00
    outer loop
      vertex -37.5000 -17.5000 20.0000
      vertex -35.0000 -17.5000 20.0000
      vertex -35.0000 -15.0000 20.0000
    endloop
  endfacet
  facet normal 0.000000e+00 0.000000e+00 1.000000e+00
    outer loop
      vertex -37.5000 -17.5000 20.0000
      vertex -35.0000 -15.0000 20.0000
      vertex -37.5000 -15.0000 20.0000
    endloop
  endfacet
  facet normal 0.000000e+00 0.000000e+00 1.000000e+00
    outer loop
      vertex -37.5000 -15.0000 20.0000
      vertex -35.0000 -15.0000 20.0000
      vertex -35.0000 -12.5000 20.0000
    endloop
  endfacet
  facet normal 0.000000e+00 0.000000e+00 1.000000e+00
    outer loop
      vertex -37.5000 -15.0000 20.0000
      vertex -35.0000 -12.5000 20.0000
      vertex -37.5000 -12.5000 20.0000
    endloop
  endfacet
  facet normal 0.000000e+00 0.000000e+00 1.000000e+00
    outer loop
      vertex -37.5000 -12.5000 20.0000
      vertex -35.0000 -12.5000 20.0000
      vertex -35.0000 -10.0000 20.0000
    endloop
  endfacet
  facet normal 0.000000e+00 0.000000e+00 1.000000e+00
    outer loop
      vertex -37.5000 -12.5000 20.0000
      vertex -35.0000 -10.0000 20.0000
      vertex -37.5000 -10.0000 20.0000
    endloop
  endfacet
  facet normal 0.000000e+00 0.000000e+00 1.000000e+00
    outer loop
      vertex -37.5000 -10.0000 20.0000
      vertex -35.0000 -10.0000 20.0000
      vertex -35.0000 -7.5000 20.0000
    endloop
  endfacet
  facet normal 0.000000e+00 0.000000e+00 1.000000e+00
    outer loop
      vertex -37.5000 -10.0000 20.0000
      vertex -35.0000 -7.5000 20.0000
      vertex -37.5000 -7.5000 20.0000
    endloop
  endfacet
  facet normal 0.000000e+00 0.000000e+00 1.000000e+00
    outer loop
      vertex -37.5000 -7.5000 20.0000
      vertex -35.0000 -7.5000 20.0000
      vertex -35.0000 -5.0000 20.0000
    endloop
  endfacet
  facet normal 0.000000e+00 0.000000e+00 1.000000e+00
    outer loop
      vertex -37.5000 -7.5000 20.0000
      vertex -35.0000 -5.0000 20.0000
      vertex -37.5000 -5.0000 20.0000
    endloop
  endfacet
  facet normal 0.000000e+00 0.000000e+00 1.000000e+00
    outer loop
      vertex -37.5000 -5.0000 20.0000
      vertex -35.0000 -5.0000 20.0000
      vertex -35.0000 -2.5000 20.0000
    endloop
  endfacet
  facet normal 0.000000e+00 0.000000e+00 1.000000e+00
    outer loop
      vertex -37.5000 -5.0000 20.0000
      vertex -35.0000 -2.5000 20.0000
      vertex -37.5000 -2.5000 20.0000
    endloop
  endfacet
  facet normal 0.000000e+00 0.000000e+00 1.000000e+00
    outer loop
      vertex -37.5000 -2.5000 20.0000
      vertex -35.0000 -2.5000 20.0000
      vertex -35.0000 0.0000 20.0000
    endloop
  endfacet
  facet normal 0.000000e+00 0.000000e+00 1.000000e+00
    outer loop
      vertex -37.5000 -2.5000 20.0000
      vertex -35.0000 0.0000 20.0000
      vertex -37.5000 0.0000 20.0000
    endloop
  endfacet
  facet normal 0.000000e+00 0.000000e+00 1.000000e+00
    outer loop
      vertex -37.5000 0.0000 20.0000
      vertex -35.0000 0.0000 20.0000
      vertex -35.0000 2.5000 20.0000
    endloop
  endfacet
  facet normal 0.000000e+00 0.000000e+00 1.000000e+00
    outer loop
      vertex -37.5000 0.0000 20.0000
      vertex -35.0000 2.5000 20.0000
      vertex -37.5000 2.5000 20.0000
    endloop
  endfacet
  facet normal 0.000000e+00 0.000000e+00 1.000000e+00
    outer loop
      vertex -37.5000 2.5000 20.0000
      vertex -35.0000 2.5000 20.0000
      vertex -35.0000 5.0000 20.0000
    endloop
  endfacet
  facet normal 0.000000e+00 0.000000e+00 1.000000e+00
    outer loop
      vertex -37.5000 2.5000 20.0000
      vertex -35.0000 5.0000 20.0000
      vertex -37.5000 5.0000 20.0000
    endloop
  endfacet
  facet normal 0.000000e+00 0.000000e+00 1.000000e+00
    outer loop
      vertex -37.5000 5.0000 20.0000
      vertex -35.0000 5.0000 20.0000
      vertex -35.0000 7.5000 20.0000
    endloop
  endfacet
  facet normal 0.000000e+00 0.000000e+00 1.000000e+00
    outer loop
      vertex -37.5000 5.0000 20.0000
      vertex -35.0000 7.5000 20.0000
      vertex -37.5000 7.5000 20.0000
    endloop
  endfacet
  facet normal 0.000000e+00 0.000000e+00 1.000000e+00
    outer loop
      vertex -37.5000 7.5000 20.0000
      vertex -35.0000 7.5000 20.0000
      vertex -35.0000 10.0000 20.0000
    endloop
  endfacet
  facet normal 0.000000e+00 0.000000e+00 1.000000e+00
    outer loop
      vertex -37.5000 7.5000 20.0000
      vertex -35.0000 10.0000 20.0000
      vertex -37.5000 10.0000 20.0000
    endloop
  endfacet
  facet normal 0.000000e+00 0.000000e+00 1.000000e+00
    outer loop
      vertex -37.5000 10.0000 20.0000
      vertex -35.0000 10.0000 20.0000
      vertex -35.0000 12.5000 20.0000
    endloop
  endfacet
  facet normal 0.000000e+00 0.000000e+00 1.000000e+00
    outer loop
      vertex -37.5000 10.0000 20.0000
      vertex -35.0000 12.5000 20.0000
      vertex -37.5000 12.5000 20.0000
    endloop
  endfacet
  facet normal 0.000000e+00 0.000000e+00 1.000000e+00
    outer loop
      vertex -37.5000 12.5000 20.0000
      vertex -35.0000 12.5000 20.0000
      vertex -35.0000 15.0000 20.0000
    endloop
  endfacet
  facet normal 0.000000e+00 0.000000e+00 1.000000e+00
    outer loop
      vertex -37.5000 12.5000 20.0000
      vertex -35.0000 15.0000 20.0000
      vertex -37.5000 15.0000 20.0000
    endloop
  endfacet
  facet normal 0.000000e+00 0.000000e+00 1.000000e+00
    outer loop
      vertex -37.5000 15.0000 20.0000
      vertex -35.0000 15.0000 20.0000
      vertex -35.0000 17.5000 20.0000
    endloop
  endfacet
  facet normal 0.000000e+00 0.000000e+00 1.000000e+00
    outer loop
      vertex -37.5000 15.0000 20.0000
      vertex -35.0000 17.5000 20.0000
      vertex -37.5000 17.5000 20.0000
    endloop
  endfacet
  facet normal 0.000000e+00 0.000000e+00 1.000000e+00
    outer loop
      vertex -37.5000 17.5000 20.0000
      vertex -35.0000 17.5000 20.0000
      vertex -35.0000 20.0000 20.0000
    endloop
  endfacet
  facet normal 0.000000e+00 0.000000e+00 1.000000e+00
    outer loop
      vertex -37.5000 17.5000 20.0000
      vertex -35.0000 20.0000 20.0000
      vertex -37.5000 20.0000 20.0000
    endloop
  endfacet
  facet normal 0.000000e+00 0.000000e+00 1.000000e+00
    outer loop
      vertex -37.5000 20.0000 20.0000
      vertex -35.0000 20.0000 20.0000
      vertex -35.0000 22.5000 20.0000
    endloop
  endfacet
  facet normal 0.000000e+00 0.000000e+00 1.000000e+00
    outer loop
      vertex -37.5000 20.0000 20.0000
      vertex -35.0000 22.5000 20.0000
      vertex -37.5000 22.5000 20.0000
    endloop
  endfacet
  facet normal 0.000000e+00 0.000000e+00 1.000000e+00
    outer loop
      vertex -37.5000 22.5000 20.0000
      vertex -35.0000 22.5000 20.0000
      vertex -35.0000 25.0000 20.0000
    endloop
  endfacet
  facet normal 0.000000e+00 0.000000e+00 1.000000e+00
    outer loop
      vertex -37.5000 22.5000 20.0000
      vertex -35.0000 25.0000 20.0000
      vertex -37.5000 25.0000 20.0000
    endloop
  endfacet
  facet normal 0.000000e+00 0.000000e+00 1.000000e+00
    outer loop
      vertex -37.5000 25.0000 20.0000
      vertex -35.0000 25.0000 20.0000
      vertex -35.0000 27.5000 20.0000
    endloop
  endfacet
  facet normal 0.000000e+00 0.000000e+00 1.000000e+00
    outer loop
      vertex -37.5000 25.0000 20.0000
      vertex -35.0000 27.5000 20.0000
      vertex -37.5000 27.5000 20.0000
    endloop
  endfacet
  facet normal 0.000000e+00 0.000000e+00 1.000000e+00
    outer loop
      vertex -37.5000 27.5000 20.0000
      vertex -35.0000 27.5000 20.0000
      vertex -35.0000 30.0000 20.0000
    endloop
  endfacet
  facet normal 0.000000e+00 0.000000e+00 1.000000e+00
    outer loop
      vertex -37.5000 27.5000 20.0000
      vertex -35.0000 30.0000 20.0000
      vertex -37.5000 30.0000 20.0000
    endloop
  endfacet
  facet normal 0.000000e+00 0.000000e+00 1.000000e+00
    outer loop
      vertex -37.5000 30.0000 20.0000
      vertex -35.0000 30.0000 20.0000
      vertex -35.0000 32.5000 20.0000
    endloop
  endfacet
  facet normal 0.000000e+00 0.000000e+00 1.000000e+00
    outer loop
      vertex -37.5000 30.0000 20.0000
      vertex -35.0000 32.5000 20.0000
      vertex -37.5000 32.5000 20.0000
    endloop
  endfacet
  facet normal 0.000000e+00 0.000000e+00 1.000000e+00
    outer loop
      vertex -37.5000 32.5000 20.0000
      vertex -35.0000 32.5000 20.0000
      vertex -35.0000 35.0000 20.0000
    endloop
  endfacet
  facet normal 0.000000e+00 0.000000e+00 1.000000e+00
    outer loop
      vertex -37.5000 32.5000 20.0000
      vertex -35.0000 35.0000 20.0000
      vertex -37.5000 35.0000 20.0000
    endloop
  endfacet
  facet normal 0.000000e+00 0.000000e+00 1.000000e+00
    outer loop
      vertex -35.0000 -35.0000 20.0000
      vertex -32.5000 -35.0000 20.0000
      vertex -32.5000 -32.5000 20.0000
    endloop
  endfacet
  facet normal 0.000000e+00 0.000000e+00 1.000000e+00
    outer loop
      vertex -35.0000 -35.0000 20.0000
      vertex -32.5000 -32.5000 20.0000
      vertex -35.0000 -32.5000 20.0000
    endloop
  endfacet
  facet normal 0.000000e+00 0.000000e+00 1.000000e+00
    outer loop
      vertex -35.0000 -32.5000 20.0000
      vertex -32.5000 -32.5000 20.0000
      vertex -32.5000 -30.0000 20.0000
    endloop
  endfacet
  facet normal 0.000000e+00 0.000000e+00 1.000000e+00
    outer loop
      vertex -35.0000 -32.5000 20.0000
      vertex -32.5000 -30.0000 20.0000
      vertex -35.0000 -30.0000 20.0000
    endloop
  endfacet
  facet normal 0.000000e+00 0.000000e+00 1.000000e+00
    outer loop
      vertex -35.0000 -30.0000 20.0000
      vertex -32.5000 -30.0000 20.0000
      vertex -32.5000 -27.5000 20.0000
    endloop
  endfacet
  facet normal 0.000000e+00 0.000000e+00 1.000000e+00
    outer loop
      vertex -35.0000 -30.0000 20.0000
      vertex -32.5000 -27.5000 20.0000
      vertex -35.0000 -27.5000 20.0000
    endloop
  endfacet
  facet normal 0.000000e+00 0.000000e+00 1.000000e+00
    outer loop
      vertex -35.0000 -27.5000 20.0000
      vertex -32.5000 -27.5000 20.0000
      vertex -32.5000 -25.0000 20.0000
    endloop
  endfacet
  facet normal 0.000000e+00 0.000000e+00 1.000000e+00
    outer loop
      vertex -35.0000 -27.5000 20.0000
      vertex -32.5000 -25.0000 20.0000
      vertex -35.0000 -25.0000 20.0000
    endloop
  endfacet
  facet normal 0.000000e+00 0.000000e+00 1.000000e+00
    outer loop
      vertex -35.0000 -25.0000 20.0000
      vertex -32.5000 -25.0000 20.0000
      vertex -32.5000 -22.5000 20.0000
    endloop
  endfacet
  facet normal 0.000000e+00 0.000000e+00 1.000000e+00
    outer loop
      vertex -35.0000 -25.0000 20.0000
      vertex -32.5000 -22.5000 20.0000
      vertex -35.0000 -22.5000 20.0000
    endloop
  endfacet
  facet normal 0.000000e+00 0.000000e+00 1.000000e+00
    outer loop
      vertex -35.0000 -22.5000 20.0000
      vertex -32.5000 -22.5000 20.0000
      vertex -32.5000 -20.0000 20.0000
    endloop
  endfacet
  facet normal 0.000000e+00 0.000000e+00 1.000000e+00
    outer loop
      vertex -35.0000 -22.5000 20.0000
      vertex -32.5000 -20.0000 20.0000
      vertex -35.0000 -20.0000 20.0000
    endloop
  endfacet
  facet normal 0.000000e+00 0.000000e+00 1.000000e+00
    outer loop
      vertex -35.0000 -20.0000 20.0000
      vertex -32.5000 -20.0000 20.0000
      vertex -32.5000 -17.5000 20.0000
    endloop
  endfacet
  facet normal 0.000000e+00 0.000000e+00 1.000000e+00
    outer loop
      vertex -35.0000 -20.0000 20.0000
      vertex -32.5000 -17.5000 20.0000
      vertex -35.0000 -17.5000 20.0000
    endloop
  endfacet
  facet normal 0.000000e+00 0.000000e+00 1.000000e+00
    outer loop
      vertex -35.0000 -17.5000 20.0000
      vertex -32.5000 -17.5000 20.0000
      vertex -32.5000 -15.0000 20.0000
    endloop
  endfacet
  facet normal 0.000000e+00 0.000000e+00 1.000000e+00
    outer loop
      vertex -35.0000 -17.5000 20.0000
      vertex -32.5000 -15.0000 20.0000
      vertex -35.0000 -15.0000 20.0000
    endloop
  endfacet
  facet normal 0.000000e+00 0.000000e+00 1.000000e+00
    outer loop
      vertex -35.0000 -15.0000 20.0000
      vertex -32.5000 -15.0000 20.0000
      vertex -32.5000 -12.5000 20.0000
    endloop
  endfacet
  facet normal 0.000000e+00 0.000000e+00 1.000000e+00
    outer loop
      vertex -35.0000 -15.0000 20.0000
      vertex -32.5000 -12.5000 20.0000
      vertex -35.0000 -12.5000 20.0000
    endloop
  endfacet
  facet normal 0.000000e+00 0.000000e+00 1.000000e+00
    outer loop
      vertex -35.0000 -12.5000 20.0000
      vertex -32.5000 -12.5000 20.0000
      vertex -32.5000 -10.0000 20.0000
    endloop
  endfacet
  facet normal 0.000000e+00 0.000000e+00 1.000000e+00
    outer loop
      vertex -35.0000 -12.5000 20.0000
      vertex -32.5000 -10.0000 20.0000
      vertex -35.0000 -10.0000 20.0000
    endloop
  endfacet
  facet normal 0.000000e+00 0.000000e+00 1.000000e+00
    outer loop
      vertex -35.0000 -10.0000 20.0000
      vertex -32.5000 -10.0000 20.0000
      vertex -32.5000 -7.5000 20.0000
    endloop
  endfacet
  facet normal 0.000000e+00 0.000000e+00 1.000000e+00
    outer loop
      vertex -35.0000 -10.0000 20.0000
      vertex -32.5000 -7.5000 20.0000
      vertex -35.0000 -7.5000 20.0000
    endloop
  endfacet
  facet normal 0.000000e+00 0.000000e+00 1.000000e+00
    outer loop
      vertex -35.0000 -7.5000 20.0000
      vertex -32.5000 -7.5000 20.0000
      vertex -32.5000 -5.0000 20.0000
    endloop
  endfacet
  facet normal 0.000000e+00 0.000000e+00 1.000000e+00
    outer loop
      vertex -35.0000 -7.5000 20.0000
      vertex -32.5000 -5.0000 20.0000
      vertex -35.0000 -5.0000 20.0000
    endloop
  endfacet
  facet normal 0.000000e+00 0.000000e+00 1.000000e+00
    outer loop
      vertex -35.0000 -5.0000 20.0000
      vertex -32.5000 -5.0000 20.0000
      vertex -32.5000 -2.5000 20.0000
    endloop
  endfacet
  facet normal 0.000000e+00 0.000000e+00 1.000000e+00
    outer loop
      vertex -35.0000 -5.0000 20.0000
      vertex -32.5000 -2.5000 20.0000
      vertex -35.0000 -2.5000 20.0000
    endloop
  endfacet
  facet normal 0.000000e+00 0.000000e+00 1.000000e+00
    outer loop
      vertex -35.0000 -2.5000 20.0000
      vertex -32.5000 -2.5000 20.0000
      vertex -32.5000 0.0000 20.0000
    endloop
  endfacet
  facet normal 0.000000e+00 0.000000e+00 1.000000e+00
    outer loop
      vertex -35.0000 -2.5000 20.0000
      vertex -32.5000 0.0000 20.0000
      vertex -35.0000 0.0000 20.0000
    endloop
  endfacet
  facet normal 0.000000e+00 0.000000e+00 1.000000e+00
    outer loop
      vertex -35.0000 0.0000 20.0000
      vertex -32.5000 0.0000 20.0000
      vertex -32.5000 2.5000 20.0000
    endloop
  endfacet
  facet normal 0.000000e+00 0.000000e+00 1.000000e+00
    outer loop
      vertex -35.0000 0.0000 20.0000
      vertex -32.5000 2.5000 20.0000
      vertex -35.0000 2.5000 20.0000
    endloop
  endfacet
  facet normal 0.000000e+00 0.000000e+00 1.000000e+00
    outer loop
      vertex -35.0000 2.5000 20.0000
      vertex -32.5000 2.5000 20.0000
      vertex -32.5000 5.0000 20.0000
    endloop
  endfacet
  facet normal 0.000000e+00 0.000000e+00 1.000000e+00
    outer loop
      vertex -35.0000 2.5000 20.0000
      vertex -32.5000 5.0000 20.0000
      vertex -35.0000 5.0000 20.0000
    endloop
  endfacet
  facet normal 0.000000e+00 0.000000e+00 1.000000e+00
    outer loop
      vertex -35.0000 5.0000 20.0000
      vertex -32.5000 5.0000 20.0000
      vertex -32.5000 7.5000 20.0000
    endloop
  endfacet
  facet normal 0.000000e+00 0.000000e+00 1.000000e+00
    outer loop
      vertex -35.0000 5.0000 20.0000
      vertex -32.5000 7.5000 20.0000
      vertex -35.0000 7.5000 20.0000
    endloop
  endfacet
  facet normal 0.000000e+00 0.000000e+00 1.000000e+00
    outer loop
      vertex -35.0000 7.5000 20.0000
      vertex -32.5000 7.5000 20.0000
      vertex -32.5000 10.0000 20.0000
    endloop
  endfacet
  facet normal 0.000000e+00 0.000000e+00 1.000000e+00
    outer loop
      vertex -35.0000 7.5000 20.0000
      vertex -32.5000 10.0000 20.0000
      vertex -35.0000 10.0000 20.0000
    endloop
  endfacet
  facet normal 0.000000e+00 0.000000e+00 1.000000e+00
    outer loop
      vertex -35.0000 10.0000 20.0000
      vertex -32.5000 10.0000 20.0000
      vertex -32.5000 12.5000 20.0000
    endloop
  endfacet
  facet normal 0.000000e+00 0.000000e+00 1.000000e+00
    outer loop
      vertex -35.0000 10.0000 20.0000
      vertex -32.5000 12.5000 20.0000
      vertex -35.0000 12.5000 20.0000
    endloop
  endfacet
  facet normal 0.000000e+00 0.000000e+00 1.000000e+00
    outer loop
      vertex -35.0000 12.5000 20.0000
      vertex -32.5000 12.5000 20.0000
      vertex -32.5000 15.0000 20.0000
    endloop
  endfacet
  facet normal 0.000000e+00 0.000000e+00 1.000000e+00
    outer loop
      vertex -35.0000 12.5000 20.0000
      vertex -32.5000 15.0000 20.0000
      vertex -35.0000 15.0000 20.0000
    endloop
  endfacet
  facet normal 0.000000e+00 0.000000e+00 1.000000e+00
    outer loop
      vertex -35.0000 15.0000 20.0000
      vertex -32.5000 15.0000 20.0000
      vertex -32.5000 17.5000 20.0000
    endloop
  endfacet
  facet normal 0.000000e+00 0.000000e+00 1.000000e+00
    outer loop
      vertex -35.0000 15.0000 20.0000
      vertex -32.5000 17.5000 20.0000
      vertex -35.0000 17.5000 20.0000
    endloop
  endfacet
  facet normal 0.000000e+00 0.000000e+00 1.000000e+00
    outer loop
      vertex -35.0000 17.5000 20.0000
      vertex -32.5000 17.5000 20.0000
      vertex -32.5000 20.0000 20.0000
    endloop
  endfacet
  facet normal 0.000000e+00 0.000000e+00 1.000000e+00
    outer loop
      vertex -35.0000 17.5000 20.0000
      vertex -32.5000 20.0000 20.0000
      vertex -35.0000 20.0000 20.0000
    endloop
  endfacet
  facet normal 0.000000e+00 0.000000e+00 1.000000e+00
    outer loop
      vertex -35.0000 20.0000 20.0000
      vertex -32.5000 20.0000 20.0000
      vertex -32.5000 22.5000 20.0000
    endloop
  endfacet
  facet normal 0.000000e+00 0.000000e+00 1.000000e+00
    outer loop
      vertex -35.0000 20.0000 20.0000
      vertex -32.5000 22.5000 20.0000
      vertex -35.0000 22.5000 20.0000
    endloop
  endfacet
  facet normal 0.000000e+00 0.000000e+00 1.000000e+00
    outer loop
      vertex -35.0000 22.5000 20.0000
      vertex -32.5000 22.5000 20.0000
      vertex -32.5000 25.0000 20.0000
    endloop
  endfacet
  facet normal 0.000000e+00 0.000000e+00 1.000000e+00
    outer loop
      vertex -35.0000 22.5000 20.0000
      vertex -32.5000 25.0000 20.0000
      vertex -35.0000 25.0000 20.0000
    endloop
  endfacet
  facet normal 0.000000e+00 0.000000e+00 1.000000e+00
    outer loop
      vertex -35.0000 25.0000 20.0000
      vertex -32.5000 25.0000 20.0000
      vertex -32.5000 27.5000 20.0000
    endloop
  endfacet
  facet normal 0.000000e+00 0.000000e+00 1.000000e+00
    outer loop
      vertex -35.0000 25.0000 20.0000
      vertex -32.5000 27.5000 20.0000
      vertex -35.0000 27.5000 20.0000
    endloop
  endfacet
  facet normal 0.000000e+00 0.000000e+00 1.000000e+00
    outer loop
      vertex -35.0000 27.5000 20.0000
      vertex -32.5000 27.5000 20.0000
      vertex -32.5000 30.0000 20.0000
    endloop
  endfacet
  facet normal 0.000000e+00 0.000000e+00 1.000000e+00
    outer loop
      vertex -35.0000 27.5000 20.0000
      vertex -32.5000 30.0000 20.0000
      vertex -35.0000 30.0000 20.0000
    endloop
  endfacet
  facet normal 0.000000e+00 0.000000e+00 1.000000e+00
    outer loop
      vertex -35.0000 30.0000 20.0000
      vertex -32.5000 30.0000 20.0000
      vertex -32.5000 32.5000 20.0000
    endloop
  endfacet
  facet normal 0.000000e+00 0.000000e+00 1.000000e+00
    outer loop
      vertex -35.0000 30.0000 20.0000
      vertex -32.5000 32.5000 20.0000
      vertex -35.0000 32.5000 20.0000
    endloop
  endfacet
  facet normal 0.000000e+00 0.000000e+00 1.000000e+00
    outer loop
      vertex -35.0000 32.5000 20.0000
      vertex -32.5000 32.5000 20.0000
      vertex -32.5000 35.0000 20.0000
    endloop
  endfacet
  facet normal 0.000000e+00 0.000000e+00 1.000000e+00
    outer loop
      vertex -35.0000 32.5000 20.0000
      vertex -32.5000 35.0000 20.0000
      vertex -35.0000 35.0000 20.0000
    endloop
  endfacet
  facet normal 0.000000e+00 0.000000e+00 1.000000e+00
    outer loop
      vertex -32.5000 -35.0000 20.0000
      vertex -30.0000 -35.0000 20.0000
      vertex -30.0000 -32.5000 20.0000
    endloop
  endfacet
  facet normal 0.000000e+00 0.000000e+00 1.000000e+00
    outer loop
      vertex -32.5000 -35.0000 20.0000
      vertex -30.0000 -32.5000 20.0000
      vertex -32.5000 -32.5000 20.0000
    endloop
  endfacet
  facet normal 0.000000e+00 0.000000e+00 1.000000e+00
    outer loop
      vertex -32.5000 32.5000 20.0000
      vertex -30.0000 32.5000 20.0000
      vertex -30.0000 35.0000 20.0000
    endloop
  endfacet
  facet normal 0.000000e+00 0.000000e+00 1.000000e+00
    outer loop
      vertex -32.5000 32.5000 20.0000
      vertex -30.0000 35.0000 20.0000
      vertex -32.5000 35.0000 20.0000
    endloop
  endfacet
  facet normal 0.000000e+00 0.000000e+00 1.000000e+00
    outer loop
      vertex -30.0000 -35.0000 20.0000
      vertex -27.5000 -35.0000 20.0000
      vertex -27.5000 -32.5000 20.0000
    endloop
  endfacet
  facet normal 0.000000e+00 0.000000e+00 1.000000e+00
    outer loop
      vertex -30.0000 -35.0000 20.0000
      vertex -27.5000 -32.5000 20.0000
      vertex -30.0000 -32.5000 20.0000
    endloop
  endfacet
  facet normal 0.000000e+00 0.000000e+00 1.000000e+00
    outer loop
      vertex -30.0000 32.5000 20.0000
      vertex -27.5000 32.5000 20.0000
      vertex -27.5000 35.0000 20.0000
    endloop
  endfacet
  facet normal 0.000000e+00 0.000000e+00 1.000000e+00
    outer loop
      vertex -30.0000 32.5000 20.0000
      vertex -27.5000 35.0000 20.0000
      vertex -30.0000 35.0000 20.0000
    endloop
  endfacet
  facet normal 0.000000e+00 0.000000e+00 1.000000e+00
    outer loop
      vertex -27.5000 -35.0000 20.0000
      vertex -25.0000 -35.0000 20.0000
      vertex -25.0000 -32.5000 20.0000
    endloop
  endfacet
  facet normal 0.000000e+00 0.000000e+00 1.000000e+00
    outer loop
      vertex -27.5000 -35.0000 20.0000
      vertex -25.0000 -32.5000 20.0000
      vertex -27.5000 -32.5000 20.0000
    endloop
  endfacet
  facet normal 0.000000e+00 0.000000e+00 1.000000e+00
    outer loop
      vertex -27.5000 32.5000 20.0000
      vertex -25.0000 32.5000 20.0000
      vertex -25.0000 35.0000 20.0000
    endloop
  endfacet
  facet normal 0.000000e+00 0.000000e+00 1.000000e+00
    outer loop
      vertex -27.5000 32.5000 20.0000
      vertex -25.0000 35.0000 20.0000
      vertex -27.5000 35.0000 20.0000
    endloop
  endfacet
  facet normal 0.000000e+00 0.000000e+00 1.000000e+00
    outer loop
      vertex -25.0000 -35.0000 20.0000
      vertex -22.5000 -35.0000 20.0000
      vertex -22.5000 -32.5000 20.0000
    endloop
  endfacet
  facet normal 0.000000e+00 0.000000e+00 1.000000e+00
    outer loop
      vertex -25.0000 -35.0000 20.0000
      vertex -22.5000 -32.5000 20.0000
      vertex -25.0000 -32.5000 20.0000
    endloop
  endfacet
  facet normal 0.000000e+00 0.000000e+00 1.000000e+00
    outer loop
      vertex -25.0000 32.5000 20.0000
      vertex -22.5000 32.5000 20.0000
      vertex -22.5000 35.0000 20.0000
    endloop
  endfacet
  facet normal 0.000000e+00 0.000000e+00 1.000000e+00
    outer loop
      vertex -25.0000 32.5000 20.0000
      vertex -22.5000 35.0000 20.0000
      vertex -25.0000 35.0000 20.0000
    endloop
  endfacet
  facet normal 0.000000e+00 0.000000e+00 1.000000e+00
    outer loop
      vertex -22.5000 -35.0000 20.0000
      vertex -20.0000 -35.0000 20.0000
      vertex -20.0000 -32.5000 20.0000
    endloop
  endfacet
  facet normal 0.000000e+00 0.000000e+00 1.000000e+00
    outer loop
      vertex -22.5000 -35.0000 20.0000
      vertex -20.0000 -32.5000 20.0000
      vertex -22.5000 -32.5000 20.0000
    endloop
  endfacet
  facet normal 0.000000e+00 0.000000e+00 1.000000e+00
    outer loop
      vertex -22.5000 32.5000 20.0000
      vertex -20.0000 32.5000 20.0000
      vertex -20.0000 35.0000 20.0000
    endloop
  endfacet
  facet normal 0.000000e+00 0.000000e+00 1.000000e+00
    outer loop
      vertex -22.5000 32.5000 20.0000
      vertex -20.0000 35.0000 20.0000
      vertex -22.5000 35.0000 20.0000
    endloop
  endfacet
  facet normal 0.000000e+00 0.000000e+00 1.000000e+00
    outer loop
      vertex -20.0000 -35.0000 20.0000
      vertex -17.5000 -35.0000 20.0000
      vertex -17.5000 -32.5000 20.0000
    endloop
  endfacet
  facet normal 0.000000e+00 0.000000e+00 1.000000e+00
    outer loop
      vertex -20.0000 -35.0000 20.0000
      vertex -17.5000 -32.5000 20.0000
      vertex -20.0000 -32.5000 20.0000
    endloop
  endfacet
  facet normal 0.000000e+00 0.000000e+00 1.000000e+00
    outer loop
      vertex -20.0000 32.5000 20.0000
      vertex -17.5000 32.5000 20.0000
      vertex -17.5000 35.0000 20.0000
    endloop
  endfacet
  facet normal 0.000000e+00 0.000000e+00 1.000000e+00
    outer loop
      vertex -20.0000 32.5000 20.0000
      vertex -17.5000 35.0000 20.0000
      vertex -20.0000 35.0000 20.0000
    endloop
  endfacet
  facet normal 0.000000e+00 0.000000e+00 1.000000e+00
    outer loop
      vertex -17.5000 -35.0000 20.0000
      vertex -15.0000 -35.0000 20.0000
      vertex -15.0000 -32.5000 20.0000
    endloop
  endfacet
  facet normal 0.000000e+00 0.000000e+00 1.000000e+00
    outer loop
      vertex -17.5000 -35.0000 20.0000
      vertex -15.0000 -32.5000 20.0000
      vertex -17.5000 -32.5000 20.0000
    endloop
  endfacet
  facet normal 0.000000e+00 0.000000e+00 1.000000e+00
    outer loop
      vertex -17.5000 32.5000 20.0000
      vertex -15.0000 32.5000 20.0000
      vertex -15.0000 35.0000 20.0000
    endloop
  endfacet
  facet normal 0.000000e+00 0.000000e+00 1.000000e+00
    outer loop
      vertex -17.5000 32.5000 20.0000
      vertex -15.0000 35.0000 20.0000
      vertex -17.5000 35.0000 20.0000
    endloop
  endfacet
  facet normal 0.000000e+00 0.000000e+00 1.000000e+00
    outer loop
      vertex -15.0000 -35.0000 20.0000
      vertex -12.5000 -35.0000 20.0000
      vertex -12.5000 -32.5000 20.0000
    endloop
  endfacet
  facet normal 0.000000e+00 0.000000e+00 1.000000e+00
    outer loop
      vertex -15.0000 -35.0000 20.0000
      vertex -12.5000 -32.5000 20.0000
      vertex -15.0000 -32.5000 20.0000
    endloop
  endfacet
  facet normal 0.000000e+00 0.000000e+00 1.000000e+00
    outer loop
      vertex -15.0000 32.5000 20.0000
      vertex -12.5000 32.5000 20.0000
      vertex -12.5000 35.0000 20.0000
    endloop
  endfacet
  facet normal 0.000000e+00 0.000000e+00 1.000000e+00
    outer loop
      vertex -15.0000 32.5000 20.0000
      vertex -12.5000 35.0000 20.0000
      vertex -15.0000 35.0000 20.0000
    endloop
  endfacet
  facet normal 0.000000e+00 0.000000e+00 1.000000e+00
    outer loop
      vertex -12.5000 -35.0000 20.0000
      vertex -10.0000 -35.0000 20.0000
      vertex -10.0000 -32.5000 20.0000
    endloop
  endfacet
  facet normal 0.000000e+00 0.000000e+00 1.000000e+00
    outer loop
      vertex -12.5000 -35.0000 20.0000
      vertex -10.0000 -32.5000 20.0000
      vertex -12.5000 -32.5000 20.0000
    endloop
  endfacet
  facet normal 0.000000e+00 0.000000e+00 1.000000e+00
    outer loop
      vertex -12.5000 32.5000 20.0000
      vertex -10.0000 32.5000 20.0000
      vertex -10.0000 35.0000 20.0000
    endloop
  endfacet
  facet normal 0.000000e+00 0.000000e+00 1.000000e+00
    outer loop
      vertex -12.5000 32.5000 20.0000
      vertex -10.0000 35.0000 20.0000
      vertex -12.5000 35.0000 20.0000
    endloop
  endfacet
  facet normal 0.000000e+00 0.000000e+00 1.000000e+00
    outer loop
      vertex -10.0000 -35.0000 20.0000
      vertex -7.5000 -35.0000 20.0000
      vertex -7.5000 -32.5000 20.0000
    endloop
  endfacet
  facet normal 0.000000e+00 0.000000e+00 1.000000e+00
    outer loop
      vertex -10.0000 -35.0000 20.0000
      vertex -7.5000 -32.5000 20.0000
      vertex -10.0000 -32.5000 20.0000
    endloop
  endfacet
  facet normal 0.000000e+00 0.000000e+00 1.000000e+00
    outer loop
      vertex -10.0000 32.5000 20.0000
      vertex -7.5000 32.5000 20.0000
      vertex -7.5000 35.0000 20.0000
    endloop
  endfacet
  facet normal 0.000000e+00 0.000000e+00 1.000000e+00
    outer loop
      vertex -10.0000 32.5000 20.0000
      vertex -7.5000 35.0000 20.0000
      vertex -10.0000 35.0000 20.0000
    endloop
  endfacet
  facet normal 0.000000e+00 0.000000e+00 1.000000e+00
    outer loop
      vertex -7.5000 -35.0000 20.0000
      vertex -5.0000 -35.0000 20.0000
      vertex -5.0000 -32.5000 20.0000
    endloop
  endfacet
  facet normal 0.000000e+00 0.000000e+00 1.000000e+00
    outer loop
      vertex -7.5000 -35.0000 20.0000
      vertex -5.0000 -32.5000 20.0000
      vertex -7.5000 -32.5000 20.0000
    endloop
  endfacet
  facet normal 0.000000e+00 0.000000e+00 1.000000e+00
    outer loop
      vertex -7.5000 32.5000 20.0000
      vertex -5.0000 32.5000 20.0000
      vertex -5.0000 35.0000 20.0000
    endloop
  endfacet
  facet normal 0.000000e+00 0.000000e+00 1.000000e+00
    outer loop
      vertex -7.5000 32.5000 20.0000
      vertex -5.0000 35.0000 20.0000
      vertex -7.5000 35.0000 20.0000
    endloop
  endfacet
  facet normal 0.000000e+00 0.000000e+00 1.000000e+00
    outer loop
      vertex -5.0000 -35.0000 20.0000
      vertex -2.5000 -35.0000 20.0000
      vertex -2.5000 -32.5000 20.0000
    endloop
  endfacet
  facet normal 0.000000e+00 0.000000e+00 1.000000e+00
    outer loop
      vertex -5.0000 -35.0000 20.0000
      vertex -2.5000 -32.5000 20.0000
      vertex -5.0000 -32.5000 20.0000
    endloop
  endfacet
  facet normal 0.000000e+00 0.000000e+00 1.000000e+00
    outer loop
      vertex -5.0000 32.5000 20.0000
      vertex -2.5000 32.5000 20.0000
      vertex -2.5000 35.0000 20.0000
    endloop
  endfacet
  facet normal 0.000000e+00 0.000000e+00 1.000000e+00
    outer loop
      vertex -5.0000 32.5000 20.0000
      vertex -2.5000 35.0000 20.0000
      vertex -5.0000 35.0000 20.0000
    endloop
  endfacet
  facet normal 0.000000e+00 0.000000e+00 1.000000e+00
    outer loop
      vertex -2.5000 -35.0000 20.0000
      vertex 0.0000 -35.0000 20.0000
      vertex 0.0000 -32.5000 20.0000
    endloop
  endfacet
  facet normal 0.000000e+00 0.000000e+00 1.000000e+00
    outer loop
      vertex -2.5000 -35.0000 20.0000
      vertex 0.0000 -32.5000 20.0000
      vertex -2.5000 -32.5000 20.0000
    endloop
  endfacet
  facet normal 0.000000e+00 0.000000e+00 1.000000e+00
    outer loop
      vertex -2.5000 32.5000 20.0000
      vertex 0.0000 32.5000 20.0000
      vertex 0.0000 35.0000 20.0000
    endloop
  endfacet
  facet normal 0.000000e+00 0.000000e+00 1.000000e+00
    outer loop
      vertex -2.5000 32.5000 20.0000
      vertex 0.0000 35.0000 20.0000
      vertex -2.5000 35.0000 20.0000
    endloop
  endfacet
  facet normal 0.000000e+00 0.000000e+00 1.000000e+00
    outer loop
      vertex 0.0000 -35.0000 20.0000
      vertex 2.5000 -35.0000 20.0000
      vertex 2.5000 -32.5000 20.0000
    endloop
  endfacet
  facet normal 0.000000e+00 0.000000e+00 1.000000e+00
    outer loop
      vertex 0.0000 -35.0000 20.0000
      vertex 2.5000 -32.5000 20.0000
      vertex 0.0000 -32.5000 20.0000
    endloop
  endfacet
  facet normal 0.000000e+00 0.000000e+00 1.000000e+00
    outer loop
      vertex 0.0000 32.5000 20.0000
      vertex 2.5000 32.5000 20.0000
      vertex 2.5000 35.0000 20.0000
    endloop
  endfacet
  facet normal 0.000000e+00 0.000000e+00 1.000000e+00
    outer loop
      vertex 0.0000 32.5000 20.0000
      vertex 2.5000 35.0000 20.0000
      vertex 0.0000 35.0000 20.0000
    endloop
  endfacet
  facet normal 0.000000e+00 0.000000e+00 1.000000e+00
    outer loop
      vertex 2.5000 -35.0000 20.0000
      vertex 5.0000 -35.0000 20.0000
      vertex 5.0000 -32.5000 20.0000
    endloop
  endfacet
  facet normal 0.000000e+00 0.000000e+00 1.000000e+00
    outer loop
      vertex 2.5000 -35.0000 20.0000
      vertex 5.0000 -32.5000 20.0000
      vertex 2.5000 -32.5000 20.0000
    endloop
  endfacet
  facet normal 0.000000e+00 0.000000e+00 1.000000e+00
    outer loop
      vertex 2.5000 32.5000 20.0000
      vertex 5.0000 32.5000 20.0000
      vertex 5.0000 35.0000 20.0000
    endloop
  endfacet
  facet normal 0.000000e+00 0.000000e+00 1.000000e+00
    outer loop
      vertex 2.5000 32.5000 20.0000
      vertex 5.0000 35.0000 20.0000
      vertex 2.5000 35.0000 20.0000
    endloop
  endfacet
  facet normal 0.000000e+00 0.000000e+00 1.000000e+00
    outer loop
      vertex 5.0000 -35.0000 20.0000
      vertex 7.5000 -35.0000 20.0000
      vertex 7.5000 -32.5000 20.0000
    endloop
  endfacet
  facet normal 0.000000e+00 0.000000e+00 1.000000e+00
    outer loop
      vertex 5.0000 -35.0000 20.0000
      vertex 7.5000 -32.5000 20.0000
      vertex 5.0000 -32.5000 20.0000
    endloop
  endfacet
  facet normal 0.000000e+00 0.000000e+00 1.000000e+00
    outer loop
      vertex 5.0000 32.5000 20.0000
      vertex 7.5000 32.5000 20.0000
      vertex 7.5000 35.0000 20.0000
    endloop
  endfacet
  facet normal 0.000000e+00 0.000000e+00 1.000000e+00
    outer loop
      vertex 5.0000 32.5000 20.0000
      vertex 7.5000 35.0000 20.0000
      vertex 5.0000 35.0000 20.0000
    endloop
  endfacet
  facet normal 0.000000e+00 0.000000e+00 1.000000e+00
    outer loop
      vertex 7.5000 -35.0000 20.0000
      vertex 10.0000 -35.0000 20.0000
      vertex 10.0000 -32.5000 20.0000
    endloop
  endfacet
  facet normal 0.000000e+00 0.000000e+00 1.000000e+00
    outer loop
      vertex 7.5000 -35.0000 20.0000
      vertex 10.0000 -32.5000 20.0000
      vertex 7.5000 -32.5000 20.0000
    endloop
  endfacet
  facet normal 0.000000e+00 0.000000e+00 1.000000e+00
    outer loop
      vertex 7.5000 32.5000 20.0000
      vertex 10.0000 32.5000 20.0000
      vertex 10.0000 35.0000 20.0000
    endloop
  endfacet
  facet normal 0.000000e+00 0.000000e+00 1.000000e+00
    outer loop
      vertex 7.5000 32.5000 20.0000
      vertex 10.0000 35.0000 20.0000
      vertex 7.5000 35.0000 20.0000
    endloop
  endfacet
  facet normal 0.000000e+00 0.000000e+00 1.000000e+00
    outer loop
      vertex 10.0000 -35.0000 20.0000
      vertex 12.5000 -35.0000 20.0000
      vertex 12.5000 -32.5000 20.0000
    endloop
  endfacet
  facet normal 0.000000e+00 0.000000e+00 1.000000e+00
    outer loop
      vertex 10.0000 -35.0000 20.0000
      vertex 12.5000 -32.5000 20.0000
      vertex 10.0000 -32.5000 20.0000
    endloop
  endfacet
  facet normal 0.000000e+00 0.000000e+00 1.000000e+00
    outer loop
      vertex 10.0000 32.5000 20.0000
      vertex 12.5000 32.5000 20.0000
      vertex 12.5000 35.0000 20.0000
    endloop
  endfacet
  facet normal 0.000000e+00 0.000000e+00 1.000000e+00
    outer loop
      vertex 10.0000 32.5000 20.0000
      vertex 12.5000 35.0000 20.0000
      vertex 10.0000 35.0000 20.0000
    endloop
  endfacet
  facet normal 0.000000e+00 0.000000e+00 1.000000e+00
    outer loop
      vertex 12.5000 -35.0000 20.0000
      vertex 15.0000 -35.0000 20.0000
      vertex 15.0000 -32.5000 20.0000
    endloop
  endfacet
  facet normal 0.000000e+00 0.000000e+00 1.000000e+00
    outer loop
      vertex 12.5000 -35.0000 20.0000
      vertex 15.0000 -32.5000 20.0000
      vertex 12.5000 -32.5000 20.0000
    endloop
  endfacet
  facet normal 0.000000e+00 0.000000e+00 1.000000e+00
    outer loop
      vertex 12.5000 32.5000 20.0000
      vertex 15.0000 32.5000 20.0000
      vertex 15.0000 35.0000 20.0000
    endloop
  endfacet
  facet normal 0.000000e+00 0.000000e+00 1.000000e+00
    outer loop
      vertex 12.5000 32.5000 20.0000
      vertex 15.0000 35.0000 20.0000
      vertex 12.5000 35.0000 20.0000
    endloop
  endfacet
  facet normal 0.000000e+00 0.000000e+00 1.000000e+00
    outer loop
      vertex 15.0000 -35.0000 20.0000
      vertex 17.5000 -35.0000 20.0000
      vertex 17.5000 -32.5000 20.0000
    endloop
  endfacet
  facet normal 0.000000e+00 0.000000e+00 1.000000e+00
    outer loop
      vertex 15.0000 -35.0000 20.0000
      vertex 17.5000 -32.5000 20.0000
      vertex 15.0000 -32.5000 20.0000
    endloop
  endfacet
  facet normal 0.000000e+00 0.000000e+00 1.000000e+00
    outer loop
      vertex 15.0000 32.5000 20.0000
      vertex 17.5000 32.5000 20.0000
      vertex 17.5000 35.0000 20.0000
    endloop
  endfacet
  facet normal 0.000000e+00 0.000000e+00 1.000000e+00
    outer loop
      vertex 15.0000 32.5000 20.0000
      vertex 17.5000 35.0000 20.0000
      vertex 15.0000 35.0000 20.0000
    endloop
  endfacet
  facet normal 0.000000e+00 0.000000e+00 1.000000e+00
    outer loop
      vertex 17.5000 -35.0000 20.0000
      vertex 20.0000 -35.0000 20.0000
      vertex 20.0000 -32.5000 20.0000
    endloop
  endfacet
  facet normal 0.000000e+00 0.000000e+00 1.000000e+00
    outer loop
      vertex 17.5000 -35.0000 20.0000
      vertex 20.0000 -32.5000 20.0000
      vertex 17.5000 -32.5000 20.0000
    endloop
  endfacet
  facet normal 0.000000e+00 0.000000e+00 1.000000e+00
    outer loop
      vertex 17.5000 32.5000 20.0000
      vertex 20.0000 32.5000 20.0000
      vertex 20.0000 35.0000 20.0000
    endloop
  endfacet
  facet normal 0.000000e+00 0.000000e+00 1.000000e+00
    outer loop
      vertex 17.5000 32.5000 20.0000
      vertex 20.0000 35.0000 20.0000
      vertex 17.5000 35.0000 20.0000
    endloop
  endfacet
  facet normal 0.000000e+00 0.000000e+00 1.000000e+00
    outer loop
      vertex 20.0000 -35.0000 20.0000
      vertex 22.5000 -35.0000 20.0000
      vertex 22.5000 -32.5000 20.0000
    endloop
  endfacet
  facet normal 0.000000e+00 0.000000e+00 1.000000e+00
    outer loop
      vertex 20.0000 -35.0000 20.0000
      vertex 22.5000 -32.5000 20.0000
      vertex 20.0000 -32.5000 20.0000
    endloop
  endfacet
  facet normal 0.000000e+00 0.000000e+00 1.000000e+00
    outer loop
      vertex 20.0000 32.5000 20.0000
      vertex 22.5000 32.5000 20.0000
      vertex 22.5000 35.0000 20.0000
    endloop
  endfacet
  facet normal 0.000000e+00 0.000000e+00 1.000000e+00
    outer loop
      vertex 20.0000 32.5000 20.0000
      vertex 22.5000 35.0000 20.0000
      vertex 20.0000 35.0000 20.0000
    endloop
  endfacet
  facet normal 0.000000e+00 0.000000e+00 1.000000e+00
    outer loop
      vertex 22.5000 -35.0000 20.0000
      vertex 25.0000 -35.0000 20.0000
      vertex 25.0000 -32.5000 20.0000
    endloop
  endfacet
  facet normal 0.000000e+00 0.000000e+00 1.000000e+00
    outer loop
      vertex 22.5000 -35.0000 20.0000
      vertex 25.0000 -32.5000 20.0000
      vertex 22.5000 -32.5000 20.0000
    endloop
  endfacet
  facet normal 0.000000e+00 0.000000e+00 1.000000e+00
    outer loop
      vertex 22.5000 32.5000 20.0000
      vertex 25.0000 32.5000 20.0000
      vertex 25.0000 35.0000 20.0000
    endloop
  endfacet
  facet normal 0.000000e+00 0.000000e+00 1.000000e+00
    outer loop
      vertex 22.5000 32.5000 20.0000
      vertex 25.0000 35.0000 20.0000
      vertex 22.5000 35.0000 20.0000
    endloop
  endfacet
  facet normal 0.000000e+00 0.000000e+00 1.000000e+00
    outer loop
      vertex 25.0000 -35.0000 20.0000
      vertex 27.5000 -35.0000 20.0000
      vertex 27.5000 -32.5000 20.0000
    endloop
  endfacet
  facet normal 0.000000e+00 0.000000e+00 1.000000e+00
    outer loop
      vertex 25.0000 -35.0000 20.0000
      vertex 27.5000 -32.5000 20.0000
      vertex 25.0000 -32.5000 20.0000
    endloop
  endfacet
  facet normal 0.000000e+00 0.000000e+00 1.000000e+00
    outer loop
      vertex 25.0000 32.5000 20.0000
      vertex 27.5000 32.5000 20.0000
      vertex 27.5000 35.0000 20.0000
    endloop
  endfacet
  facet normal 0.000000e+00 0.000000e+00 1.000000e+00
    outer loop
      vertex 25.0000 32.5000 20.0000
      vertex 27.5000 35.0000 20.0000
      vertex 25.0000 35.0000 20.0000
    endloop
  endfacet
  facet normal 0.000000e+00 0.000000e+00 1.000000e+00
    outer loop
      vertex 27.5000 -35.0000 20.0000
      vertex 30.0000 -35.0000 20.0000
      vertex 30.0000 -32.5000 20.0000
    endloop
  endfacet
  facet normal 0.000000e+00 0.000000e+00 1.000000e+00
    outer loop
      vertex 27.5000 -35.0000 20.0000
      vertex 30.0000 -32.5000 20.0000
      vertex 27.5000 -32.5000 20.0000
    endloop
  endfacet
  facet normal 0.000000e+00 0.000000e+00 1.000000e+00
    outer loop
      vertex 27.5000 32.5000 20.0000
      vertex 30.0000 32.5000 20.0000
      vertex 30.0000 35.0000 20.0000
    endloop
  endfacet
  facet normal 0.000000e+00 0.000000e+00 1.000000e+00
    outer loop
      vertex 27.5000 32.5000 20.0000
      vertex 30.0000 35.0000 20.0000
      vertex 27.5000 35.0000 20.0000
    endloop
  endfacet
  facet normal 0.000000e+00 0.000000e+00 1.000000e+00
    outer loop
      vertex 30.0000 -35.0000 20.0000
      vertex 32.5000 -35.0000 20.0000
      vertex 32.5000 -32.5000 20.0000
    endloop
  endfacet
  facet normal 0.000000e+00 0.000000e+00 1.000000e+00
    outer loop
      vertex 30.0000 -35.0000 20.0000
      vertex 32.5000 -32.5000 20.0000
      vertex 30.0000 -32.5000 20.0000
    endloop
  endfacet
  facet normal 0.000000e+00 0.000000e+00 1.000000e+00
    outer loop
      vertex 30.0000 32.5000 20.0000
      vertex 32.5000 32.5000 20.0000
      vertex 32.5000 35.0000 20.0000
    endloop
  endfacet
  facet normal 0.000000e+00 0.000000e+00 1.000000e+00
    outer loop
      vertex 30.0000 32.5000 20.0000
      vertex 32.5000 35.0000 20.0000
      vertex 30.0000 35.0000 20.0000
    endloop
  endfacet
  facet normal 0.000000e+00 0.000000e+00 1.000000e+00
    outer loop
      vertex 32.5000 -35.0000 20.0000
      vertex 35.0000 -35.0000 20.0000
      vertex 35.0000 -32.5000 20.0000
    endloop
  endfacet
  facet normal 0.000000e+00 0.000000e+00 1.000000e+00
    outer loop
      vertex 32.5000 -35.0000 20.0000
      vertex 35.0000 -32.5000 20.0000
      vertex 32.5000 -32.5000 20.0000
    endloop
  endfacet
  facet normal 0.000000e+00 0.000000e+00 1.000000e+00
    outer loop
      vertex 32.5000 -32.5000 20.0000
      vertex 35.0000 -32.5000 20.0000
      vertex 35.0000 -30.0000 20.0000
    endloop
  endfacet
  facet normal 0.000000e+00 0.000000e+00 1.000000e+00
    outer loop
      vertex 32.5000 -32.5000 20.0000
      vertex 35.0000 -30.0000 20.0000
      vertex 32.5000 -30.0000 20.0000
    endloop
  endfacet
  facet normal 0.000000e+00 0.000000e+00 1.000000e+00
    outer loop
      vertex 32.5000 -30.0000 20.0000
      vertex 35.0000 -30.0000 20.0000
      vertex 35.0000 -27.5000 20.0000
    endloop
  endfacet
  facet normal 0.000000e+00 0.000000e+00 1.000000e+00
    outer loop
      vertex 32.5000 -30.0000 20.0000
      vertex 35.0000 -27.5000 20.0000
      vertex 32.5000 -27.5000 20.0000
    endloop
  endfacet
  facet normal 0.000000e+00 0.000000e+00 1.000000e+00
    outer loop
      vertex 32.5000 -27.5000 20.0000
      vertex 35.0000 -27.5000 20.0000
      vertex 35.0000 -25.0000 20.0000
    endloop
  endfacet
  facet normal 0.000000e+00 0.000000e+00 1.000000e+00
    outer loop
      vertex 32.5000 -27.5000 20.0000
      vertex 35.0000 -25.0000 20.0000
      vertex 32.5000 -25.0000 20.0000
    endloop
  endfacet
  facet normal 0.000000e+00 0.000000e+00 1.000000e+00
    outer loop
      vertex 32.5000 -25.0000 20.0000
      vertex 35.0000 -25.0000 20.0000
      vertex 35.0000 -22.5000 20.0000
    endloop
  endfacet
  facet normal 0.000000e+00 0.000000e+00 1.000000e+00
    outer loop
      vertex 32.5000 -25.0000 20.0000
      vertex 35.0000 -22.5000 20.0000
      vertex 32.5000 -22.5000 20.0000
    endloop
  endfacet
  facet normal 0.000000e+00 0.000000e+00 1.000000e+00
    outer loop
      vertex 32.5000 -22.5000 20.0000
      vertex 35.0000 -22.5000 20.0000
      vertex 35.0000 -20.0000 20.0000
    endloop
  endfacet
  facet normal 0.000000e+00 0.000000e+00 1.000000e+00
    outer loop
      vertex 32.5000 -22.5000 20.0000
      vertex 35.0000 -20.0000 20.0000
      vertex 32.5000 -20.0000 20.0000
    endloop
  endfacet
  facet normal 0.000000e+00 0.000000e+00 1.000000e+00
    outer loop
      vertex 32.5000 -20.0000 20.0000
      vertex 35.0000 -20.0000 20.0000
      vertex 35.0000 -17.5000 20.0000
    endloop
  endfacet
  facet normal 0.000000e+00 0.000000e+00 1.000000e+00
    outer loop
      vertex 32.5000 -20.0000 20.0000
      vertex 35.0000 -17.5000 20.0000
      vertex 32.5000 -17.5000 20.0000
    endloop
  endfacet
  facet normal 0.000000e+00 0.000000e+00 1.000000e+00
    outer loop
      vertex 32.5000 -17.5000 20.0000
      vertex 35.0000 -17.5000 20.0000
      vertex 35.0000 -15.0000 20.0000
    endloop
  endfacet
  facet normal 0.000000e+00 0.000000e+00 1.000000e+00
    outer loop
      vertex 32.5000 -17.5000 20.0000
      vertex 35.0000 -15.0000 20.0000
      vertex 32.5000 -15.0000 20.0000
    endloop
  endfacet
  facet normal 0.000000e+00 0.000000e+00 1.000000e+00
    outer loop
      vertex 32.5000 -15.0000 20.0000
      vertex 35.0000 -15.0000 20.0000
      vertex 35.0000 -12.5000 20.0000
    endloop
  endfacet
  facet normal 0.000000e+00 0.000000e+00 1.000000e+00
    outer loop
      vertex 32.5000 -15.0000 20.0000
      vertex 35.0000 -12.5000 20.0000
      vertex 32.5000 -12.5000 20.0000
    endloop
  endfacet
  facet normal 0.000000e+00 0.000000e+00 1.000000e+00
    outer loop
      vertex 32.5000 -12.5000 20.0000
      vertex 35.0000 -12.5000 20.0000
      vertex 35.0000 -10.0000 20.0000
    endloop
  endfacet
  facet normal 0.000000e+00 0.000000e+00 1.000000e+00
    outer loop
      vertex 32.5000 -12.5000 20.0000
      vertex 35.0000 -10.0000 20.0000
      vertex 32.5000 -10.0000 20.0000
    endloop
  endfacet
  facet normal 0.000000e+00 0.000000e+00 1.000000e+00
    outer loop
      vertex 32.5000 -10.0000 20.0000
      vertex 35.0000 -10.0000 20.0000
      vertex 35.0000 -7.5000 20.0000
    endloop
  endfacet
  facet normal 0.000000e+00 0.000000e+00 1.000000e+00
    outer loop
      vertex 32.5000 -10.0000 20.0000
      vertex 35.0000 -7.5000 20.0000
      vertex 32.5000 -7.5000 20.0000
    endloop
  endfacet
  facet normal 0.000000e+00 0.000000e+00 1.000000e+00
    outer loop
      vertex 32.5000 -7.5000 20.0000
      vertex 35.0000 -7.5000 20.0000
      vertex 35.0000 -5.0000 20.0000
    endloop
  endfacet
  facet normal 0.000000e+00 0.000000e+00 1.000000e+00
    outer loop
      vertex 32.5000 -7.5000 20.0000
      vertex 35.0000 -5.0000 20.0000
      vertex 32.5000 -5.0000 20.0000
    endloop
  endfacet
  facet normal 0.000000e+00 0.000000e+00 1.000000e+00
    outer loop
      vertex 32.5000 -5.0000 20.0000
      vertex 35.0000 -5.0000 20.0000
      vertex 35.0000 -2.5000 20.0000
    endloop
  endfacet
  facet normal 0.000000e+00 0.000000e+00 1.000000e+00
    outer loop
      vertex 32.5000 -5.0000 20.0000
      vertex 35.0000 -2.5000 20.0000
      vertex 32.5000 -2.5000 20.0000
    endloop
  endfacet
  facet normal 0.000000e+00 0.000000e+00 1.000000e+00
    outer loop
      vertex 32.5000 -2.5000 20.0000
      vertex 35.0000 -2.5000 20.0000
      vertex 35.0000 0.0000 20.0000
    endloop
  endfacet
  facet normal 0.000000e+00 0.000000e+00 1.000000e+00
    outer loop
      vertex 32.5000 -2.5000 20.0000
      vertex 35.0000 0.0000 20.0000
      vertex 32.5000 0.0000 20.0000
    endloop
  endfacet
  facet normal 0.000000e+00 0.000000e+00 1.000000e+00
    outer loop
      vertex 32.5000 0.0000 20.0000
      vertex 35.0000 0.0000 20.0000
      vertex 35.0000 2.5000 20.0000
    endloop
  endfacet
  facet normal 0.000000e+00 0.000000e+00 1.000000e+00
    outer loop
      vertex 32.5000 0.0000 20.0000
      vertex 35.0000 2.5000 20.0000
      vertex 32.5000 2.5000 20.0000
    endloop
  endfacet
  facet normal 0.000000e+00 0.000000e+00 1.000000e+00
    outer loop
      vertex 32.5000 2.5000 20.0000
      vertex 35.0000 2.5000 20.0000
      vertex 35.0000 5.0000 20.0000
    endloop
  endfacet
  facet normal 0.000000e+00 0.000000e+00 1.000000e+00
    outer loop
      vertex 32.5000 2.5000 20.0000
      vertex 35.0000 5.0000 20.0000
      vertex 32.5000 5.0000 20.0000
    endloop
  endfacet
  facet normal 0.000000e+00 0.000000e+00 1.000000e+00
    outer loop
      vertex 32.5000 5.0000 20.0000
      vertex 35.0000 5.0000 20.0000
      vertex 35.0000 7.5000 20.0000
    endloop
  endfacet
  facet normal 0.000000e+00 0.000000e+00 1.000000e+00
    outer loop
      vertex 32.5000 5.0000 20.0000
      vertex 35.0000 7.5000 20.0000
      vertex 32.5000 7.5000 20.0000
    endloop
  endfacet
  facet normal 0.000000e+00 0.000000e+00 1.000000e+00
    outer loop
      vertex 32.5000 7.5000 20.0000
      vertex 35.0000 7.5000 20.0000
      vertex 35.0000 10.0000 20.0000
    endloop
  endfacet
  facet normal 0.000000e+00 0.000000e+00 1.000000e+00
    outer loop
      vertex 32.5000 7.5000 20.0000
      vertex 35.0000 10.0000 20.0000
      vertex 32.5000 10.0000 20.0000
    endloop
  endfacet
  facet normal 0.000000e+00 0.000000e+00 1.000000e+00
    outer loop
      vertex 32.5000 10.0000 20.0000
      vertex 35.0000 10.0000 20.0000
      vertex 35.0000 12.5000 20.0000
    endloop
  endfacet
  facet normal 0.000000e+00 0.000000e+00 1.000000e+00
    outer loop
      vertex 32.5000 10.0000 20.0000
      vertex 35.0000 12.5000 20.0000
      vertex 32.5000 12.5000 20.0000
    endloop
  endfacet
  facet normal 0.000000e+00 0.000000e+00 1.000000e+00
    outer loop
      vertex 32.5000 12.5000 20.0000
      vertex 35.0000 12.5000 20.0000
      vertex 35.0000 15.0000 20.0000
    endloop
  endfacet
  facet normal 0.000000e+00 0.000000e+00 1.000000e+00
    outer loop
      vertex 32.5000 12.5000 20.0000
      vertex 35.0000 15.0000 20.0000
      vertex 32.5000 15.0000 20.0000
    endloop
  endfacet
  facet normal 0.000000e+00 0.000000e+00 1.000000e+00
    outer loop
      vertex 32.5000 15.0000 20.0000
      vertex 35.0000 15.0000 20.0000
      vertex 35.0000 17.5000 20.0000
    endloop
  endfacet
  facet normal 0.000000e+00 0.000000e+00 1.000000e+00
    outer loop
      vertex 32.5000 15.0000 20.0000
      vertex 35.0000 17.5000 20.0000
      vertex 32.5000 17.5000 20.0000
    endloop
  endfacet
  facet normal 0.000000e+00 0.000000e+00 1.000000e+00
    outer loop
      vertex 32.5000 17.5000 20.0000
      vertex 35.0000 17.5000 20.0000
      vertex 35.0000 20.0000 20.0000
    endloop
  endfacet
  facet normal 0.000000e+00 0.000000e+00 1.000000e+00
    outer loop
      vertex 32.5000 17.5000 20.0000
      vertex 35.0000 20.0000 20.0000
      vertex 32.5000 20.0000 20.0000
    endloop
  endfacet
  facet normal 0.000000e+00 0.000000e+00 1.000000e+00
    outer loop
      vertex 32.5000 20.0000 20.0000
      vertex 35.0000 20.0000 20.0000
      vertex 35.0000 22.5000 20.0000
    endloop
  endfacet
  facet normal 0.000000e+00 0.000000e+00 1.000000e+00
    outer loop
      vertex 32.5000 20.0000 20.0000
      vertex 35.0000 22.5000 20.0000
      vertex 32.5000 22.5000 20.0000
    endloop
  endfacet
  facet normal 0.000000e+00 0.000000e+00 1.000000e+00
    outer loop
      vertex 32.5000 22.5000 20.0000
      vertex 35.0000 22.5000 20.0000
      vertex 35.0000 25.0000 20.0000
    endloop
  endfacet
  facet normal 0.000000e+00 0.000000e+00 1.000000e+00
    outer loop
      vertex 32.5000 22.5000 20.0000
      vertex 35.0000 25.0000 20.0000
      vertex 32.5000 25.0000 20.0000
    endloop
  endfacet
  facet normal 0.000000e+00 0.000000e+00 1.000000e+00
    outer loop
      vertex 32.5000 25.0000 20.0000
      vertex 35.0000 25.0000 20.0000
      vertex 35.0000 27.5000 20.0000
    endloop
  endfacet
  facet normal 0.000000e+00 0.000000e+00 1.000000e+00
    outer loop
      vertex 32.5000 25.0000 20.0000
      vertex 35.0000 27.5000 20.0000
      vertex 32.5000 27.5000 20.0000
    endloop
  endfacet
  facet normal 0.000000e+00 0.000000e+00 1.000000e+00
    outer loop
      vertex 32.5000 27.5000 20.0000
      vertex 35.0000 27.5000 20.0000
      vertex 35.0000 30.0000 20.0000
    endloop
  endfacet
  facet normal 0.000000e+00 0.000000e+00 1.000000e+00
    outer loop
      vertex 32.5000 27.5000 20.0000
      vertex 35.0000 30.0000 20.0000
      vertex 32.5000 30.0000 20.0000
    endloop
  endfacet
  facet normal 0.000000e+00 0.000000e+00 1.000000e+00
    outer loop
      vertex 32.5000 30.0000 20.0000
      vertex 35.0000 30.0000 20.0000
      vertex 35.0000 32.5000 20.0000
    endloop
  endfacet
  facet normal 0.000000e+00 0.000000e+00 1.000000e+00
    outer loop
      vertex 32.5000 30.0000 20.0000
      vertex 35.0000 32.5000 20.0000
      vertex 32.5000 32.5000 20.0000
    endloop
  endfacet
  facet normal 0.000000e+00 0.000000e+00 1.000000e+00
    outer loop
      vertex 32.5000 32.5000 20.0000
      vertex 35.0000 32.5000 20.0000
      vertex 35.0000 35.0000 20.0000
    endloop
  endfacet
  facet normal 0.000000e+00 0.000000e+00 1.000000e+00
    outer loop
      vertex 32.5000 32.5000 20.0000
      vertex 35.0000 35.0000 20.0000
      vertex 32.5000 35.0000 20.0000
    endloop
  endfacet
  facet normal 0.000000e+00 0.000000e+00 1.000000e+00
    outer loop
      vertex 35.0000 -35.0000 20.0000
      vertex 37.5000 -35.0000 20.0000
      vertex 37.5000 -32.5000 20.0000
    endloop
  endfacet
  facet normal 0.000000e+00 0.000000e+00 1.000000e+00
    outer loop
      vertex 35.0000 -35.0000 20.0000
      vertex 37.5000 -32.5000 20.0000
      vertex 35.0000 -32.5000 20.0000
    endloop
  endfacet
  facet normal 0.000000e+00 0.000000e+00 1.000000e+00
    outer loop
      vertex 35.0000 -32.5000 20.0000
      vertex 37.5000 -32.5000 20.0000
      vertex 37.5000 -30.0000 20.0000
    endloop
  endfacet
  facet normal 0.000000e+00 0.000000e+00 1.000000e+00
    outer loop
      vertex 35.0000 -32.5000 20.0000
      vertex 37.5000 -30.0000 20.0000
      vertex 35.0000 -30.0000 20.0000
    endloop
  endfacet
  facet normal 0.000000e+00 0.000000e+00 1.000000e+00
    outer loop
      vertex 35.0000 -30.0000 20.0000
      vertex 37.5000 -30.0000 20.0000
      vertex 37.5000 -27.5000 20.0000
    endloop
  endfacet
  facet normal 0.000000e+00 0.000000e+00 1.000000e+00
    outer loop
      vertex 35.0000 -30.0000 20.0000
      vertex 37.5000 -27.5000 20.0000
      vertex 35.0000 -27.5000 20.0000
    endloop
  endfacet
  facet normal 0.000000e+00 0.000000e+00 1.000000e+00
    outer loop
      vertex 35.0000 -27.5000 20.0000
      vertex 37.5000 -27.5000 20.0000
      vertex 37.5000 -25.0000 20.0000
    endloop
  endfacet
  facet normal 0.000000e+00 0.000000e+00 1.000000e+00
    outer loop
      vertex 35.0000 -27.5000 20.0000
      vertex 37.5000 -25.0000 20.0000
      vertex 35.0000 -25.0000 20.0000
    endloop
  endfacet
  facet normal 0.000000e+00 0.000000e+00 1.000000e+00
    outer loop
      vertex 35.0000 -25.0000 20.0000
      vertex 37.5000 -25.0000 20.0000
      vertex 37.5000 -22.5000 20.0000
    endloop
  endfacet
  facet normal 0.000000e+00 0.000000e+00 1.000000e+00
    outer loop
      vertex 35.0000 -25.0000 20.0000
      vertex 37.5000 -22.5000 20.0000
      vertex 35.0000 -22.5000 20.0000
    endloop
  endfacet
  facet normal 0.000000e+00 0.000000e+00 1.000000e+00
    outer loop
      vertex 35.0000 -22.5000 20.0000
      vertex 37.5000 -22.5000 20.0000
      vertex 37.5000 -20.0000 20.0000
    endloop
  endfacet
  facet normal 0.000000e+00 0.000000e+00 1.000000e+00
    outer loop
      vertex 35.0000 -22.5000 20.0000
      vertex 37.5000 -20.0000 20.0000
      vertex 35.0000 -20.0000 20.0000
    endloop
  endfacet
  facet normal 0.000000e+00 0.000000e+00 1.000000e+00
    outer loop
      vertex 35.0000 -20.0000 20.0000
      vertex 37.5000 -20.0000 20.0000
      vertex 37.5000 -17.5000 20.0000
    endloop
  endfacet
  facet normal 0.000000e+00 0.000000e+00 1.000000e+00
    outer loop
      vertex 35.0000 -20.0000 20.0000
      vertex 37.5000 -17.5000 20.0000
      vertex 35.0000 -17.5000 20.0000
    endloop
  endfacet
  facet normal 0.000000e+00 0.000000e+00 1.000000e+00
    outer loop
      vertex 35.0000 -17.5000 20.0000
      vertex 37.5000 -17.5000 20.0000
      vertex 37.5000 -15.0000 20.0000
    endloop
  endfacet
  facet normal 0.000000e+00 0.000000e+00 1.000000e+00
    outer loop
      vertex 35.0000 -17.5000 20.0000
      vertex 37.5000 -15.0000 20.0000
      vertex 35.0000 -15.0000 20.0000
    endloop
  endfacet
  facet normal 0.000000e+00 0.000000e+00 1.000000e+00
    outer loop
      vertex 35.0000 -15.0000 20.0000
      vertex 37.5000 -15.0000 20.0000
      vertex 37.5000 -12.5000 20.0000
    endloop
  endfacet
  facet normal 0.000000e+00 0.000000e+00 1.000000e+00
    outer loop
      vertex 35.0000 -15.0000 20.0000
      vertex 37.5000 -12.5000 20.0000
      vertex 35.0000 -12.5000 20.0000
    endloop
  endfacet
  facet normal 0.000000e+00 0.000000e+00 1.000000e+00
    outer loop
      vertex 35.0000 -12.5000 20.0000
      vertex 37.5000 -12.5000 20.0000
      vertex 37.5000 -10.0000 20.0000
    endloop
  endfacet
  facet normal 0.000000e+00 0.000000e+00 1.000000e+00
    outer loop
      vertex 35.0000 -12.5000 20.0000
      vertex 37.5000 -10.0000 20.0000
      vertex 35.0000 -10.0000 20.0000
    endloop
  endfacet
  facet normal 0.000000e+00 0.000000e+00 1.000000e+00
    outer loop
      vertex 35.0000 -10.0000 20.0000
      vertex 37.5000 -10.0000 20.0000
      vertex 37.5000 -7.5000 20.0000
    endloop
  endfacet
  facet normal 0.000000e+00 0.000000e+00 1.000000e+00
    outer loop
      vertex 35.0000 -10.0000 20.0000
      vertex 37.5000 -7.5000 20.0000
      vertex 35.0000 -7.5000 20.0000
    endloop
  endfacet
  facet normal 0.000000e+00 0.000000e+00 1.000000e+00
    outer loop
      vertex 35.0000 -7.5000 20.0000
      vertex 37.5000 -7.5000 20.0000
      vertex 37.5000 -5.0000 20.0000
    endloop
  endfacet
  facet normal 0.000000e+00 0.000000e+00 1.000000e+00
    outer loop
      vertex 35.0000 -7.5000 20.0000
      vertex 37.5000 -5.0000 20.0000
      vertex 35.0000 -5.0000 20.0000
    endloop
  endfacet
  facet normal 0.000000e+00 0.000000e+00 1.000000e+00
    outer loop
      vertex 35.0000 -5.0000 20.0000
      vertex 37.5000 -5.0000 20.0000
      vertex 37.5000 -2.5000 20.0000
    endloop
  endfacet
  facet normal 0.000000e+00 0.000000e+00 1.000000e+00
    outer loop
      vertex 35.0000 -5.0000 20.0000
      vertex 37.5000 -2.5000 20.0000
      vertex 35.0000 -2.5000 20.0000
    endloop
  endfacet
  facet normal 0.000000e+00 0.000000e+00 1.000000e+00
    outer loop
      vertex 35.0000 -2.5000 20.0000
      vertex 37.5000 -2.5000 20.0000
      vertex 37.5000 0.0000 20.0000
    endloop
  endfacet
  facet normal 0.000000e+00 0.000000e+00 1.000000e+00
    outer loop
      vertex 35.0000 -2.5000 20.0000
      vertex 37.5000 0.0000 20.0000
      vertex 35.0000 0.0000 20.0000
    endloop
  endfacet
  facet normal 0.000000e+00 0.000000e+00 1.000000e+00
    outer loop
      vertex 35.0000 0.0000 20.0000
      vertex 37.5000 0.0000 20.0000
      vertex 37.5000 2.5000 20.0000
    endloop
  endfacet
  facet normal 0.000000e+00 0.000000e+00 1.000000e+00
    outer loop
      vertex 35.0000 0.0000 20.0000
      vertex 37.5000 2.5000 20.0000
      vertex 35.0000 2.5000 20.0000
    endloop
  endfacet
  facet normal 0.000000e+00 0.000000e+00 1.000000e+00
    outer loop
      vertex 35.0000 2.5000 20.0000
      vertex 37.5000 2.5000 20.0000
      vertex 37.5000 5.0000 20.0000
    endloop
  endfacet
  facet normal 0.000000e+00 0.000000e+00 1.000000e+00
    outer loop
      vertex 35.0000 2.5000 20.0000
      vertex 37.5000 5.0000 20.0000
      vertex 35.0000 5.0000 20.0000
    endloop
  endfacet
  facet normal 0.000000e+00 0.000000e+00 1.000000e+00
    outer loop
      vertex 35.0000 5.0000 20.0000
      vertex 37.5000 5.0000 20.0000
      vertex 37.5000 7.5000 20.0000
    endloop
  endfacet
  facet normal 0.000000e+00 0.000000e+00 1.000000e+00
    outer loop
      vertex 35.0000 5.0000 20.0000
      vertex 37.5000 7.5000 20.0000
      vertex 35.0000 7.5000 20.0000
    endloop
  endfacet
  facet normal 0.000000e+00 0.000000e+00 1.000000e+00
    outer loop
      vertex 35.0000 7.5000 20.0000
      vertex 37.5000 7.5000 20.0000
      vertex 37.5000 10.0000 20.0000
    endloop
  endfacet
  facet normal 0.000000e+00 0.000000e+00 1.000000e+00
    outer loop
      vertex 35.0000 7.5000 20.0000
      vertex 37.5000 10.0000 20.0000
      vertex 35.0000 10.0000 20.0000
    endloop
  endfacet
  facet normal 0.000000e+00 0.000000e+00 1.000000e+00
    outer loop
      vertex 35.0000 10.0000 20.0000
      vertex 37.5000 10.0000 20.0000
      vertex 37.5000 12.5000 20.0000
    endloop
  endfacet
  facet normal 0.000000e+00 0.000000e+00 1.000000e+00
    outer loop
      vertex 35.0000 10.0000 20.0000
      vertex 37.5000 12.5000 20.0000
      vertex 35.0000 12.5000 20.0000
    endloop
  endfacet
  facet normal 0.000000e+00 0.000000e+00 1.000000e+00
    outer loop
      vertex 35.0000 12.5000 20.0000
      vertex 37.5000 12.5000 20.0000
      vertex 37.5000 15.0000 20.0000
    endloop
  endfacet
  facet normal 0.000000e+00 0.000000e+00 1.000000e+00
    outer loop
      vertex 35.0000 12.5000 20.0000
      vertex 37.5000 15.0000 20.0000
      vertex 35.0000 15.0000 20.0000
    endloop
  endfacet
  facet normal 0.000000e+00 0.000000e+00 1.000000e+00
    outer loop
      vertex 35.0000 15.0000 20.0000
      vertex 37.5000 15.0000 20.0000
      vertex 37.5000 17.5000 20.0000
    endloop
  endfacet
  facet normal 0.000000e+00 0.000000e+00 1.000000e+00
    outer loop
      vertex 35.0000 15.0000 20.0000
      vertex 37.5000 17.5000 20.0000
      vertex 35.0000 17.5000 20.0000
    endloop
  endfacet
  facet normal 0.000000e+00 0.000000e+00 1.000000e+00
    outer loop
      vertex 35.0000 17.5000 20.0000
      vertex 37.5000 17.5000 20.0000
      vertex 37.5000 20.0000 20.0000
    endloop
  endfacet
  facet normal 0.000000e+00 0.000000e+00 1.000000e+00
    outer loop
      vertex 35.0000 17.5000 20.0000
      vertex 37.5000 20.0000 20.0000
      vertex 35.0000 20.0000 20.0000
    endloop
  endfacet
  facet normal 0.000000e+00 0.000000e+00 1.000000e+00
    outer loop
      vertex 35.0000 20.0000 20.0000
      vertex 37.5000 20.0000 20.0000
      vertex 37.5000 22.5000 20.0000
    endloop
  endfacet
  facet normal 0.000000e+00 0.000000e+00 1.000000e+00
    outer loop
      vertex 35.0000 20.0000 20.0000
      vertex 37.5000 22.5000 20.0000
      vertex 35.0000 22.5000 20.0000
    endloop
  endfacet
  facet normal 0.000000e+00 0.000000e+00 1.000000e+00
    outer loop
      vertex 35.0000 22.5000 20.0000
      vertex 37.5000 22.5000 20.0000
      vertex 37.5000 25.0000 20.0000
    endloop
  endfacet
  facet normal 0.000000e+00 0.000000e+00 1.000000e+00
    outer loop
      vertex 35.0000 22.5000 20.0000
      vertex 37.5000 25.0000 20.0000
      vertex 35.0000 25.0000 20.0000
    endloop
  endfacet
  facet normal 0.000000e+00 0.000000e+00 1.000000e+00
    outer loop
      vertex 35.0000 25.0000 20.0000
      vertex 37.5000 25.0000 20.0000
      vertex 37.5000 27.5000 20.0000
    endloop
  endfacet
  facet normal 0.000000e+00 0.000000e+00 1.000000e+00
    outer loop
      vertex 35.0000 25.0000 20.0000
      vertex 37.5000 27.5000 20.0000
      vertex 35.0000 27.5000 20.0000
    endloop
  endfacet
  facet normal 0.000000e+00 0.000000e+00 1.000000e+00
    outer loop
      vertex 35.0000 27.5000 20.0000
      vertex 37.5000 27.5000 20.0000
      vertex 37.5000 30.0000 20.0000
    endloop
  endfacet
  facet normal 0.000000e+00 0.000000e+00 1.000000e+00
    outer loop
      vertex 35.0000 27.5000 20.0000
      vertex 37.5000 30.0000 20.0000
      vertex 35.0000 30.0000 20.0000
    endloop
  endfacet
  facet normal 0.000000e+00 0.000000e+00 1.000000e+00
    outer loop
      vertex 35.0000 30.0000 20.0000
      vertex 37.5000 30.0000 20.0000
      vertex 37.5000 32.5000 20.0000
    endloop
  endfacet
  facet normal 0.000000e+00 0.000000e+00 1.000000e+00
    outer loop
      vertex 35.0000 30.0000 20.0000
      vertex 37.5000 32.5000 20.0000
      vertex 35.0000 32.5000 20.0000
    endloop
  endfacet
  facet normal 0.000000e+00 0.000000e+00 1.000000e+00
    outer loop
      vertex 35.0000 32.5000 20.0000
      vertex 37.5000 32.5000 20.0000
      vertex 37.5000 35.0000 20.0000
    endloop
  endfacet
  facet normal 0.000000e+00 0.000000e+00 1.000000e+00
    outer loop
      vertex 35.0000 32.5000 20.0000
      vertex 37.5000 35.0000 20.0000
      vertex 35.0000 35.0000 20.0000
    endloop
  endfacet
  facet normal 0.000000e+00 0.000000e+00 1.000000e+00
    outer loop
      vertex 37.5000 -35.0000 20.0000
      vertex 40.0000 -35.0000 20.0000
      vertex 40.0000 -32.5000 20.0000
    endloop
  endfacet
  facet normal 0.000000e+00 0.000000e+00 1.000000e+00
    outer loop
      vertex 37.5000 -35.0000 20.0000
      vertex 40.0000 -32.5000 20.0000
      vertex 37.5000 -32.5000 20.0000
    endloop
  endfacet
  facet normal 0.000000e+00 0.000000e+00 1.000000e+00
    outer loop
      vertex 37.5000 -32.5000 20.0000
      vertex 40.0000 -32.5000 20.0000
      vertex 40.0000 -30.0000 20.0000
    endloop
  endfacet
  facet normal 0.000000e+00 0.000000e+00 1.000000e+00
    outer loop
      vertex 37.5000 -32.5000 20.0000
      vertex 40.0000 -30.0000 20.0000
      vertex 37.5000 -30.0000 20.0000
    endloop
  endfacet
  facet normal 0.000000e+00 0.000000e+00 1.000000e+00
    outer loop
      vertex 37.5000 -30.0000 20.0000
      vertex 40.0000 -30.0000 20.0000
      vertex 40.0000 -27.5000 20.0000
    endloop
  endfacet
  facet normal 0.000000e+00 0.000000e+00 1.000000e+00
    outer loop
      vertex 37.5000 -30.0000 20.0000
      vertex 40.0000 -27.5000 20.0000
      vertex 37.5000 -27.5000 20.0000
    endloop
  endfacet
  facet normal 0.000000e+00 0.000000e+00 1.000000e+00
    outer loop
      vertex 37.5000 -27.5000 20.0000
      vertex 40.0000 -27.5000 20.0000
      vertex 40.0000 -25.0000 20.0000
    endloop
  endfacet
  facet normal 0.000000e+00 0.000000e+00 1.000000e+00
    outer loop
      vertex 37.5000 -27.5000 20.0000
      vertex 40.0000 -25.0000 20.0000
      vertex 37.5000 -25.0000 20.0000
    endloop
  endfacet
  facet normal 0.000000e+00 0.000000e+00 1.000000e+00
    outer loop
      vertex 37.5000 -25.0000 20.0000
      vertex 40.0000 -25.0000 20.0000
      vertex 40.0000 -22.5000 20.0000
    endloop
  endfacet
  facet normal 0.000000e+00 0.000000e+00 1.000000e+00
    outer loop
      vertex 37.5000 -25.0000 20.0000
      vertex 40.0000 -22.5000 20.0000
      vertex 37.5000 -22.5000 20.0000
    endloop
  endfacet
  facet normal 0.000000e+00 0.000000e+00 1.000000e+00
    outer loop
      vertex 37.5000 -22.5000 20.0000
      vertex 40.0000 -22.5000 20.0000
      vertex 40.0000 -20.0000 20.0000
    endloop
  endfacet
  facet normal 0.000000e+00 0.000000e+00 1.000000e+00
    outer loop
      vertex 37.5000 -22.5000 20.0000
      vertex 40.0000 -20.0000 20.0000
      vertex 37.5000 -20.0000 20.0000
    endloop
  endfacet
  facet normal 0.000000e+00 0.000000e+00 1.000000e+00
    outer loop
      vertex 37.5000 -20.0000 20.0000
      vertex 40.0000 -20.0000 20.0000
      vertex 40.0000 -17.5000 20.0000
    endloop
  endfacet
  facet normal 0.000000e+00 0.000000e+00 1.000000e+00
    outer loop
      vertex 37.5000 -20.0000 20.0000
      vertex 40.0000 -17.5000 20.0000
      vertex 37.5000 -17.5000 20.0000
    endloop
  endfacet
  facet normal 0.000000e+00 0.000000e+00 1.000000e+00
    outer loop
      vertex 37.5000 -17.5000 20.0000
      vertex 40.0000 -17.5000 20.0000
      vertex 40.0000 -15.0000 20.0000
    endloop
  endfacet
  facet normal 0.000000e+00 0.000000e+00 1.000000e+00
    outer loop
      vertex 37.5000 -17.5000 20.0000
      vertex 40.0000 -15.0000 20.0000
      vertex 37.5000 -15.0000 20.0000
    endloop
  endfacet
  facet normal 0.000000e+00 0.000000e+00 1.000000e+00
    outer loop
      vertex 37.5000 -15.0000 20.0000
      vertex 40.0000 -15.0000 20.0000
      vertex 40.0000 -12.5000 20.0000
    endloop
  endfacet
  facet normal 0.000000e+00 0.000000e+00 1.000000e+00
    outer loop
      vertex 37.5000 -15.0000 20.0000
      vertex 40.0000 -12.5000 20.0000
      vertex 37.5000 -12.5000 20.0000
    endloop
  endfacet
  facet normal 0.000000e+00 0.000000e+00 1.000000e+00
    outer loop
      vertex 37.5000 -12.5000 20.0000
      vertex 40.0000 -12.5000 20.0000
      vertex 40.0000 -10.0000 20.0000
    endloop
  endfacet
  facet normal 0.000000e+00 0.000000e+00 1.000000e+00
    outer loop
      vertex 37.5000 -12.5000 20.0000
      vertex 40.0000 -10.0000 20.0000
      vertex 37.5000 -10.0000 20.0000
    endloop
  endfacet
  facet normal 0.000000e+00 0.000000e+00 1.000000e+00
    outer loop
      vertex 37.5000 -10.0000 20.0000
      vertex 40.0000 -10.0000 20.0000
      vertex 40.0000 -7.5000 20.0000
    endloop
  endfacet
  facet normal 0.000000e+00 0.000000e+00 1.000000e+00
    outer loop
      vertex 37.5000 -10.0000 20.0000
      vertex 40.0000 -7.5000 20.0000
      vertex 37.5000 -7.5000 20.0000
    endloop
  endfacet
  facet normal 0.000000e+00 0.000000e+00 1.000000e+00
    outer loop
      vertex 37.5000 -7.5000 20.0000
      vertex 40.0000 -7.5000 20.0000
      vertex 40.0000 -5.0000 20.0000
    endloop
  endfacet
  facet normal 0.000000e+00 0.000000e+00 1.000000e+00
    outer loop
      vertex 37.5000 -7.5000 20.0000
      vertex 40.0000 -5.0000 20.0000
      vertex 37.5000 -5.0000 20.0000
    endloop
  endfacet
  facet normal 0.000000e+00 0.000000e+00 1.000000e+00
    outer loop
      vertex 37.5000 -5.0000 20.0000
      vertex 40.0000 -5.0000 20.0000
      vertex 40.0000 -2.5000 20.0000
    endloop
  endfacet
  facet normal 0.000000e+00 0.000000e+00 1.000000e+00
    outer loop
      vertex 37.5000 -5.0000 20.0000
      vertex 40.0000 -2.5000 20.0000
      vertex 37.5000 -2.5000 20.0000
    endloop
  endfacet
  facet normal 0.000000e+00 0.000000e+00 1.000000e+00
    outer loop
      vertex 37.5000 -2.5000 20.0000
      vertex 40.0000 -2.5000 20.0000
      vertex 40.0000 0.0000 20.0000
    endloop
  endfacet
  facet normal 0.000000e+00 0.000000e+00 1.000000e+00
    outer loop
      vertex 37.5000 -2.5000 20.0000
      vertex 40.0000 0.0000 20.0000
      vertex 37.5000 0.0000 20.0000
    endloop
  endfacet
  facet normal 0.000000e+00 0.000000e+00 1.000000e+00
    outer loop
      vertex 37.5000 0.0000 20.0000
      vertex 40.0000 0.0000 20.0000
      vertex 40.0000 2.5000 20.0000
    endloop
  endfacet
  facet normal 0.000000e+00 0.000000e+00 1.000000e+00
    outer loop
      vertex 37.5000 0.0000 20.0000
      vertex 40.0000 2.5000 20.0000
      vertex 37.5000 2.5000 20.0000
    endloop
  endfacet
  facet normal 0.000000e+00 0.000000e+00 1.000000e+00
    outer loop
      vertex 37.5000 2.5000 20.0000
      vertex 40.0000 2.5000 20.0000
      vertex 40.0000 5.0000 20.0000
    endloop
  endfacet
  facet normal 0.000000e+00 0.000000e+00 1.000000e+00
    outer loop
      vertex 37.5000 2.5000 20.0000
      vertex 40.0000 5.0000 20.0000
      vertex 37.5000 5.0000 20.0000
    endloop
  endfacet
  facet normal 0.000000e+00 0.000000e+00 1.000000e+00
    outer loop
      vertex 37.5000 5.0000 20.0000
      vertex 40.0000 5.0000 20.0000
      vertex 40.0000 7.5000 20.0000
    endloop
  endfacet
  facet normal 0.000000e+00 0.000000e+00 1.000000e+00
    outer loop
      vertex 37.5000 5.0000 20.0000
      vertex 40.0000 7.5000 20.0000
      vertex 37.5000 7.5000 20.0000
    endloop
  endfacet
  facet normal 0.000000e+00 0.000000e+00 1.000000e+00
    outer loop
      vertex 37.5000 7.5000 20.0000
      vertex 40.0000 7.5000 20.0000
      vertex 40.0000 10.0000 20.0000
    endloop
  endfacet
  facet normal 0.000000e+00 0.000000e+00 1.000000e+00
    outer loop
      vertex 37.5000 7.5000 20.0000
      vertex 40.0000 10.0000 20.0000
      vertex 37.5000 10.0000 20.0000
    endloop
  endfacet
  facet normal 0.000000e+00 0.000000e+00 1.000000e+00
    outer loop
      vertex 37.5000 10.0000 20.0000
      vertex 40.0000 10.0000 20.0000
      vertex 40.0000 12.5000 20.0000
    endloop
  endfacet
  facet normal 0.000000e+00 0.000000e+00 1.000000e+00
    outer loop
      vertex 37.5000 10.0000 20.0000
      vertex 40.0000 12.5000 20.0000
      vertex 37.5000 12.5000 20.0000
    endloop
  endfacet
  facet normal 0.000000e+00 0.000000e+00 1.000000e+00
    outer loop
      vertex 37.5000 12.5000 20.0000
      vertex 40.0000 12.5000 20.0000
      vertex 40.0000 15.0000 20.0000
    endloop
  endfacet
  facet normal 0.000000e+00 0.000000e+00 1.000000e+00
    outer loop
      vertex 37.5000 12.5000 20.0000
      vertex 40.0000 15.0000 20.0000
      vertex 37.5000 15.0000 20.0000
    endloop
  endfacet
  facet normal 0.000000e+00 0.000000e+00 1.000000e+00
    outer loop
      vertex 37.5000 15.0000 20.0000
      vertex 40.0000 15.0000 20.0000
      vertex 40.0000 17.5000 20.0000
    endloop
  endfacet
  facet normal 0.000000e+00 0.000000e+00 1.000000e+00
    outer loop
      vertex 37.5000 15.0000 20.0000
      vertex 40.0000 17.5000 20.0000
      vertex 37.5000 17.5000 20.0000
    endloop
  endfacet
  facet normal 0.000000e+00 0.000000e+00 1.000000e+00
    outer loop
      vertex 37.5000 17.5000 20.0000
      vertex 40.0000 17.5000 20.0000
      vertex 40.0000 20.0000 20.0000
    endloop
  endfacet
  facet normal 0.000000e+00 0.000000e+00 1.000000e+00
    outer loop
      vertex 37.5000 17.5000 20.0000
      vertex 40.0000 20.0000 20.0000
      vertex 37.5000 20.0000 20.0000
    endloop
  endfacet
  facet normal 0.000000e+00 0.000000e+00 1.000000e+00
    outer loop
      vertex 37.5000 20.0000 20.0000
      vertex 40.0000 20.0000 20.0000
      vertex 40.0000 22.5000 20.0000
    endloop
  endfacet
  facet normal 0.000000e+00 0.000000e+00 1.000000e+00
    outer loop
      vertex 37.5000 20.0000 20.0000
      vertex 40.0000 22.5000 20.0000
      vertex 37.5000 22.5000 20.0000
    endloop
  endfacet
  facet normal 0.000000e+00 0.000000e+00 1.000000e+00
    outer loop
      vertex 37.5000 22.5000 20.0000
      vertex 40.0000 22.5000 20.0000
      vertex 40.0000 25.0000 20.0000
    endloop
  endfacet
  facet normal 0.000000e+00 0.000000e+00 1.000000e+00
    outer loop
      vertex 37.5000 22.5000 20.0000
      vertex 40.0000 25.0000 20.0000
      vertex 37.5000 25.0000 20.0000
    endloop
  endfacet
  facet normal 0.000000e+00 0.000000e+00 1.000000e+00
    outer loop
      vertex 37.5000 25.0000 20.0000
      vertex 40.0000 25.0000 20.0000
      vertex 40.0000 27.5000 20.0000
    endloop
  endfacet
  facet normal 0.000000e+00 0.000000e+00 1.000000e+00
    outer loop
      vertex 37.5000 25.0000 20.0000
      vertex 40.0000 27.5000 20.0000
      vertex 37.5000 27.5000 20.0000
    endloop
  endfacet
  facet normal 0.000000e+00 0.000000e+00 1.000000e+00
    outer loop
      vertex 37.5000 27.5000 20.0000
      vertex 40.0000 27.5000 20.0000
      vertex 40.0000 30.0000 20.0000
    endloop
  endfacet
  facet normal 0.000000e+00 0.000000e+00 1.000000e+00
    outer loop
      vertex 37.5000 27.5000 20.0000
      vertex 40.0000 30.0000 20.0000
      vertex 37.5000 30.0000 20.0000
    endloop
  endfacet
  facet normal 0.000000e+00 0.000000e+00 1.000000e+00
    outer loop
      vertex 37.5000 30.0000 20.0000
      vertex 40.0000 30.0000 20.0000
      vertex 40.0000 32.5000 20.0000
    endloop
  endfacet
  facet normal 0.000000e+00 0.000000e+00 1.000000e+00
    outer loop
      vertex 37.5000 30.0000 20.0000
      vertex 40.0000 32.5000 20.0000
      vertex 37.5000 32.5000 20.0000
    endloop
  endfacet
  facet normal 0.000000e+00 0.000000e+00 1.000000e+00
    outer loop
      vertex 37.5000 32.5000 20.0000
      vertex 40.0000 32.5000 20.0000
      vertex 40.0000 35.0000 20.0000
    endloop
  endfacet
  facet normal 0.000000e+00 0.000000e+00 1.000000e+00
    outer loop
      vertex 37.5000 32.5000 20.0000
      vertex 40.0000 35.0000 20.0000
      vertex 37.5000 35.0000 20.0000
    endloop
  endfacet
  facet normal 0.000000e+00 0.000000e+00 -1.000000e+00
    outer loop
      vertex -40.0000 -35.0000 0.0000
      vertex -40.0000 -32.5000 0.0000
      vertex -37.5000 -32.5000 0.0000
    endloop
  endfacet
  facet normal 0.000000e+00 0.000000e+00 -1.000000e+00
    outer loop
      vertex -40.0000 -35.0000 0.0000
      vertex -37.5000 -32.5000 0.0000
      vertex -37.5000 -35.0000 0.0000
    endloop
  endfacet
  facet normal 0.000000e+00 0.000000e+00 -1.000000e+00
    outer loop
      vertex -40.0000 -32.5000 0.0000
      vertex -40.0000 -30.0000 0.0000
      vertex -37.5000 -30.0000 0.0000
    endloop
  endfacet
  facet normal 0.000000e+00 0.000000e+00 -1.000000e+00
    outer loop
      vertex -40.0000 -32.5000 0.0000
      vertex -37.5000 -30.0000 0.0000
      vertex -37.5000 -32.5000 0.0000
    endloop
  endfacet
  facet normal 0.000000e+00 0.000000e+00 -1.000000e+00
    outer loop
      vertex -40.0000 -30.0000 0.0000
      vertex -40.0000 -27.5000 0.0000
      vertex -37.5000 -27.5000 0.0000
    endloop
  endfacet
  facet normal 0.000000e+00 0.000000e+00 -1.000000e+00
    outer loop
      vertex -40.0000 -30.0000 0.0000
      vertex -37.5000 -27.5000 0.0000
      vertex -37.5000 -30.0000 0.0000
    endloop
  endfacet
  facet normal 0.000000e+00 0.000000e+00 -1.000000e+00
    outer loop
      vertex -40.0000 -27.5000 0.0000
      vertex -40.0000 -25.0000 0.0000
      vertex -37.5000 -25.0000 0.0000
    endloop
  endfacet
  facet normal 0.000000e+00 0.000000e+00 -1.000000e+00
    outer loop
      vertex -40.0000 -27.5000 0.0000
      vertex -37.5000 -25.0000 0.0000
      vertex -37.5000 -27.5000 0.0000
    endloop
  endfacet
  facet normal 0.000000e+00 0.000000e+00 -1.000000e+00
    outer loop
      vertex -40.0000 -25.0000 0.0000
      vertex -40.0000 -22.5000 0.0000
      vertex -37.5000 -22.5000 0.0000
    endloop
  endfacet
  facet normal 0.000000e+00 0.000000e+00 -1.000000e+00
    outer loop
      vertex -40.0000 -25.0000 0.0000
      vertex -37.5000 -22.5000 0.0000
      vertex -37.5000 -25.0000 0.0000
    endloop
  endfacet
  facet normal 0.000000e+00 0.000000e+00 -1.000000e+00
    outer loop
      vertex -40.0000 -22.5000 0.0000
      vertex -40.0000 -20.0000 0.0000
      vertex -37.5000 -20.0000 0.0000
    endloop
  endfacet
  facet normal 0.000000e+00 0.000000e+00 -1.000000e+00
    outer loop
      vertex -40.0000 -22.5000 0.0000
      vertex -37.5000 -20.0000 0.0000
      vertex -37.5000 -22.5000 0.0000
    endloop
  endfacet
  facet normal 0.000000e+00 0.000000e+00 -1.000000e+00
    outer loop
      vertex -40.0000 -20.0000 0.0000
      vertex -40.0000 -17.5000 0.0000
      vertex -37.5000 -17.5000 0.0000
    endloop
  endfacet
  facet normal 0.000000e+00 0.000000e+00 -1.000000e+00
    outer loop
      vertex -40.0000 -20.0000 0.0000
      vertex -37.5000 -17.5000 0.0000
      vertex -37.5000 -20.0000 0.0000
    endloop
  endfacet
  facet normal 0.000000e+00 0.000000e+00 -1.000000e+00
    outer loop
      vertex -40.0000 -17.5000 0.0000
      vertex -40.0000 -15.0000 0.0000
      vertex -37.5000 -15.0000 0.0000
    endloop
  endfacet
  facet normal 0.000000e+00 0.000000e+00 -1.000000e+00
    outer loop
      vertex -40.0000 -17.5000 0.0000
      vertex -37.5000 -15.0000 0.0000
      vertex -37.5000 -17.5000 0.0000
    endloop
  endfacet
  facet normal 0.000000e+00 0.000000e+00 -1.000000e+00
    outer loop
      vertex -40.0000 -15.0000 0.0000
      vertex -40.0000 -12.5000 0.0000
      vertex -37.5000 -12.5000 0.0000
    endloop
  endfacet
  facet normal 0.000000e+00 0.000000e+00 -1.000000e+00
    outer loop
      vertex -40.0000 -15.0000 0.0000
      vertex -37.5000 -12.5000 0.0000
      vertex -37.5000 -15.0000 0.0000
    endloop
  endfacet
  facet normal 0.000000e+00 0.000000e+00 -1.000000e+00
    outer loop
      vertex -40.0000 -12.5000 0.0000
      vertex -40.0000 -10.0000 0.0000
      vertex -37.5000 -10.0000 0.0000
    endloop
  endfacet
  facet normal 0.000000e+00 0.000000e+00 -1.000000e+00
    outer loop
      vertex -40.0000 -12.5000 0.0000
      vertex -37.5000 -10.0000 0.0000
      vertex -37.5000 -12.5000 0.0000
    endloop
  endfacet
  facet normal 0.000000e+00 0.000000e+00 -1.000000e+00
    outer loop
      vertex -40.0000 -10.0000 0.0000
      vertex -40.0000 -7.5000 0.0000
      vertex -37.5000 -7.5000 0.0000
    endloop
  endfacet
  facet normal 0.000000e+00 0.000000e+00 -1.000000e+00
    outer loop
      vertex -40.0000 -10.0000 0.0000
      vertex -37.5000 -7.5000 0.0000
      vertex -37.5000 -10.0000 0.0000
    endloop
  endfacet
  facet normal 0.000000e+00 0.000000e+00 -1.000000e+00
    outer loop
      vertex -40.0000 -7.5000 0.0000
      vertex -40.0000 -5.0000 0.0000
      vertex -37.5000 -5.0000 0.0000
    endloop
  endfacet
  facet normal 0.000000e+00 0.000000e+00 -1.000000e+00
    outer loop
      vertex -40.0000 -7.5000 0.0000
      vertex -37.5000 -5.0000 0.0000
      vertex -37.5000 -7.5000 0.0000
    endloop
  endfacet
  facet normal 0.000000e+00 0.000000e+00 -1.000000e+00
    outer loop
      vertex -40.0000 -5.0000 0.0000
      vertex -40.0000 -2.5000 0.0000
      vertex -37.5000 -2.5000 0.0000
    endloop
  endfacet
  facet normal 0.000000e+00 0.000000e+00 -1.000000e+00
    outer loop
      vertex -40.0000 -5.0000 0.0000
      vertex -37.5000 -2.5000 0.0000
      vertex -37.5000 -5.0000 0.0000
    endloop
  endfacet
  facet normal 0.000000e+00 0.000000e+00 -1.000000e+00
    outer loop
      vertex -40.0000 -2.5000 0.0000
      vertex -40.0000 0.0000 0.0000
      vertex -37.5000 0.0000 0.0000
    endloop
  endfacet
  facet normal 0.000000e+00 0.000000e+00 -1.000000e+00
    outer loop
      vertex -40.0000 -2.5000 0.0000
      vertex -37.5000 0.0000 0.0000
      vertex -37.5000 -2.5000 0.0000
    endloop
  endfacet
  facet normal 0.000000e+00 0.000000e+00 -1.000000e+00
    outer loop
      vertex -40.0000 0.0000 0.0000
      vertex -40.0000 2.5000 0.0000
      vertex -37.5000 2.5000 0.0000
    endloop
  endfacet
  facet normal 0.000000e+00 0.000000e+00 -1.000000e+00
    outer loop
      vertex -40.0000 0.0000 0.0000
      vertex -37.5000 2.5000 0.0000
      vertex -37.5000 0.0000 0.0000
    endloop
  endfacet
  facet normal 0.000000e+00 0.000000e+00 -1.000000e+00
    outer loop
      vertex -40.0000 2.5000 0.0000
      vertex -40.0000 5.0000 0.0000
      vertex -37.5000 5.0000 0.0000
    endloop
  endfacet
  facet normal 0.000000e+00 0.000000e+00 -1.000000e+00
    outer loop
      vertex -40.0000 2.5000 0.0000
      vertex -37.5000 5.0000 0.0000
      vertex -37.5000 2.5000 0.0000
    endloop
  endfacet
  facet normal 0.000000e+00 0.000000e+00 -1.000000e+00
    outer loop
      vertex -40.0000 5.0000 0.0000
      vertex -40.0000 7.5000 0.0000
      vertex -37.5000 7.5000 0.0000
    endloop
  endfacet
  facet normal 0.000000e+00 0.000000e+00 -1.000000e+00
    outer loop
      vertex -40.0000 5.0000 0.0000
      vertex -37.5000 7.5000 0.0000
      vertex -37.5000 5.0000 0.0000
    endloop
  endfacet
  facet normal 0.000000e+00 0.000000e+00 -1.000000e+00
    outer loop
      vertex -40.0000 7.5000 0.0000
      vertex -40.0000 10.0000 0.0000
      vertex -37.5000 10.0000 0.0000
    endloop
  endfacet
  facet normal 0.000000e+00 0.000000e+00 -1.000000e+00
    outer loop
      vertex -40.0000 7.5000 0.0000
      vertex -37.5000 10.0000 0.0000
      vertex -37.5000 7.5000 0.0000
    endloop
  endfacet
  facet normal 0.000000e+00 0.000000e+00 -1.000000e+00
    outer loop
      vertex -40.0000 10.0000 0.0000
      vertex -40.0000 12.5000 0.0000
      vertex -37.5000 12.5000 0.0000
    endloop
  endfacet
  facet normal 0.000000e+00 0.000000e+00 -1.000000e+00
    outer loop
      vertex -40.0000 10.0000 0.0000
      vertex -37.5000 12.5000 0.0000
      vertex -37.5000 10.0000 0.0000
    endloop
  endfacet
  facet normal 0.000000e+00 0.000000e+00 -1.000000e+00
    outer loop
      vertex -40.0000 12.5000 0.0000
      vertex -40.0000 15.0000 0.0000
      vertex -37.5000 15.0000 0.0000
    endloop
  endfacet
  facet normal 0.000000e+00 0.000000e+00 -1.000000e+00
    outer loop
      vertex -40.0000 12.5000 0.0000
      vertex -37.5000 15.0000 0.0000
      vertex -37.5000 12.5000 0.0000
    endloop
  endfacet
  facet normal 0.000000e+00 0.000000e+00 -1.000000e+00
    outer loop
      vertex -40.0000 15.0000 0.0000
      vertex -40.0000 17.5000 0.0000
      vertex -37.5000 17.5000 0.0000
    endloop
  endfacet
  facet normal 0.000000e+00 0.000000e+00 -1.000000e+00
    outer loop
      vertex -40.0000 15.0000 0.0000
      vertex -37.5000 17.5000 0.0000
      vertex -37.5000 15.0000 0.0000
    endloop
  endfacet
  facet normal 0.000000e+00 0.000000e+00 -1.000000e+00
    outer loop
      vertex -40.0000 17.5000 0.0000
      vertex -40.0000 20.0000 0.0000
      vertex -37.5000 20.0000 0.0000
    endloop
  endfacet
  facet normal 0.000000e+00 0.000000e+00 -1.000000e+00
    outer loop
      vertex -40.0000 17.5000 0.0000
      vertex -37.5000 20.0000 0.0000
      vertex -37.5000 17.5000 0.0000
    endloop
  endfacet
  facet normal 0.000000e+00 0.000000e+00 -1.000000e+00
    outer loop
      vertex -40.0000 20.0000 0.0000
      vertex -40.0000 22.5000 0.0000
      vertex -37.5000 22.5000 0.0000
    endloop
  endfacet
  facet normal 0.000000e+00 0.000000e+00 -1.000000e+00
    outer loop
      vertex -40.0000 20.0000 0.0000
      vertex -37.5000 22.5000 0.0000
      vertex -37.5000 20.0000 0.0000
    endloop
  endfacet
  facet normal 0.000000e+00 0.000000e+00 -1.000000e+00
    outer loop
      vertex -40.0000 22.5000 0.0000
      vertex -40.0000 25.0000 0.0000
      vertex -37.5000 25.0000 0.0000
    endloop
  endfacet
  facet normal 0.000000e+00 0.000000e+00 -1.000000e+00
    outer loop
      vertex -40.0000 22.5000 0.0000
      vertex -37.5000 25.0000 0.0000
      vertex -37.5000 22.5000 0.0000
    endloop
  endfacet
  facet normal 0.000000e+00 0.000000e+00 -1.000000e+00
    outer loop
      vertex -40.0000 25.0000 0.0000
      vertex -40.0000 27.5000 0.0000
      vertex -37.5000 27.5000 0.0000
    endloop
  endfacet
  facet normal 0.000000e+00 0.000000e+00 -1.000000e+00
    outer loop
      vertex -40.0000 25.0000 0.0000
      vertex -37.5000 27.5000 0.0000
      vertex -37.5000 25.0000 0.0000
    endloop
  endfacet
  facet normal 0.000000e+00 0.000000e+00 -1.000000e+00
    outer loop
      vertex -40.0000 27.5000 0.0000
      vertex -40.0000 30.0000 0.0000
      vertex -37.5000 30.0000 0.0000
    endloop
  endfacet
  facet normal 0.000000e+00 0.000000e+00 -1.000000e+00
    outer loop
      vertex -40.0000 27.5000 0.0000
      vertex -37.5000 30.0000 0.0000
      vertex -37.5000 27.5000 0.0000
    endloop
  endfacet
  facet normal 0.000000e+00 0.000000e+00 -1.000000e+00
    outer loop
      vertex -40.0000 30.0000 0.0000
      vertex -40.0000 32.5000 0.0000
      vertex -37.5000 32.5000 0.0000
    endloop
  endfacet
  facet normal 0.000000e+00 0.000000e+00 -1.000000e+00
    outer loop
      vertex -40.0000 30.0000 0.0000
      vertex -37.5000 32.5000 0.0000
      vertex -37.5000 30.0000 0.0000
    endloop
  endfacet
  facet normal 0.000000e+00 0.000000e+00 -1.000000e+00
    outer loop
      vertex -40.0000 32.5000 0.0000
      vertex -40.0000 35.0000 0.0000
      vertex -37.5000 35.0000 0.0000
    endloop
  endfacet
  facet normal 0.000000e+00 0.000000e+00 -1.000000e+00
    outer loop
      vertex -40.0000 32.5000 0.0000
      vertex -37.5000 35.0000 0.0000
      vertex -37.5000 32.5000 0.0000
    endloop
  endfacet
  facet normal 0.000000e+00 0.000000e+00 -1.000000e+00
    outer loop
      vertex -37.5000 -35.0000 0.0000
      vertex -37.5000 -32.5000 0.0000
      vertex -35.0000 -32.5000 0.0000
    endloop
  endfacet
  facet normal 0.000000e+00 0.000000e+00 -1.000000e+00
    outer loop
      vertex -37.5000 -35.0000 0.0000
      vertex -35.0000 -32.5000 0.0000
      vertex -35.0000 -35.0000 0.0000
    endloop
  endfacet
  facet normal 0.000000e+00 0.000000e+00 -1.000000e+00
    outer loop
      vertex -37.5000 -32.5000 0.0000
      vertex -37.5000 -30.0000 0.0000
      vertex -35.0000 -30.0000 0.0000
    endloop
  endfacet
  facet normal 0.000000e+00 0.000000e+00 -1.000000e+00
    outer loop
      vertex -37.5000 -32.5000 0.0000
      vertex -35.0000 -30.0000 0.0000
      vertex -35.0000 -32.5000 0.0000
    endloop
  endfacet
  facet normal 0.000000e+00 0.000000e+00 -1.000000e+00
    outer loop
      vertex -37.5000 -30.0000 0.0000
      vertex -37.5000 -27.5000 0.0000
      vertex -35.0000 -27.5000 0.0000
    endloop
  endfacet
  facet normal 0.000000e+00 0.000000e+00 -1.000000e+00
    outer loop
      vertex -37.5000 -30.0000 0.0000
      vertex -35.0000 -27.5000 0.0000
      vertex -35.0000 -30.0000 0.0000
    endloop
  endfacet
  facet normal 0.000000e+00 0.000000e+00 -1.000000e+00
    outer loop
      vertex -37.5000 -27.5000 0.0000
      vertex -37.5000 -25.0000 0.0000
      vertex -35.0000 -25.0000 0.0000
    endloop
  endfacet
  facet normal 0.000000e+00 0.000000e+00 -1.000000e+00
    outer loop
      vertex -37.5000 -27.5000 0.0000
      vertex -35.0000 -25.0000 0.0000
      vertex -35.0000 -27.5000 0.0000
    endloop
  endfacet
  facet normal 0.000000e+00 0.000000e+00 -1.000000e+00
    outer loop
      vertex -37.5000 -25.0000 0.0000
      vertex -37.5000 -22.5000 0.0000
      vertex -35.0000 -22.5000 0.0000
    endloop
  endfacet
  facet normal 0.000000e+00 0.000000e+00 -1.000000e+00
    outer loop
      vertex -37.5000 -25.0000 0.0000
      vertex -35.0000 -22.5000 0.0000
      vertex -35.0000 -25.0000 0.0000
    endloop
  endfacet
  facet normal 0.000000e+00 0.000000e+00 -1.000000e+00
    outer loop
      vertex -37.5000 -22.5000 0.0000
      vertex -37.5000 -20.0000 0.0000
      vertex -35.0000 -20.0000 0.0000
    endloop
  endfacet
  facet normal 0.000000e+00 0.000000e+00 -1.000000e+00
    outer loop
      vertex -37.5000 -22.5000 0.0000
      vertex -35.0000 -20.0000 0.0000
      vertex -35.0000 -22.5000 0.0000
    endloop
  endfacet
  facet normal 0.000000e+00 0.000000e+00 -1.000000e+00
    outer loop
      vertex -37.5000 -20.0000 0.0000
      vertex -37.5000 -17.5000 0.0000
      vertex -35.0000 -17.5000 0.0000
    endloop
  endfacet
  facet normal 0.000000e+00 0.000000e+00 -1.000000e+00
    outer loop
      vertex -37.5000 -20.0000 0.0000
      vertex -35.0000 -17.5000 0.0000
      vertex -35.0000 -20.0000 0.0000
    endloop
  endfacet
  facet normal 0.000000e+00 0.000000e+00 -1.000000e+00
    outer loop
      vertex -37.5000 -17.5000 0.0000
      vertex -37.5000 -15.0000 0.0000
      vertex -35.0000 -15.0000 0.0000
    endloop
  endfacet
  facet normal 0.000000e+00 0.000000e+00 -1.000000e+00
    outer loop
      vertex -37.5000 -17.5000 0.0000
      vertex -35.0000 -15.0000 0.0000
      vertex -35.0000 -17.5000 0.0000
    endloop
  endfacet
  facet normal 0.000000e+00 0.000000e+00 -1.000000e+00
    outer loop
      vertex -37.5000 -15.0000 0.0000
      vertex -37.5000 -12.5000 0.0000
      vertex -35.0000 -12.5000 0.0000
    endloop
  endfacet
  facet normal 0.000000e+00 0.000000e+00 -1.000000e+00
    outer loop
      vertex -37.5000 -15.0000 0.0000
      vertex -35.0000 -12.5000 0.0000
      vertex -35.0000 -15.0000 0.0000
    endloop
  endfacet
  facet normal 0.000000e+00 0.000000e+00 -1.000000e+00
    outer loop
      vertex -37.5000 -12.5000 0.0000
      vertex -37.5000 -10.0000 0.0000
      vertex -35.0000 -10.0000 0.0000
    endloop
  endfacet
  facet normal 0.000000e+00 0.000000e+00 -1.000000e+00
    outer loop
      vertex -37.5000 -12.5000 0.0000
      vertex -35.0000 -10.0000 0.0000
      vertex -35.0000 -12.5000 0.0000
    endloop
  endfacet
  facet normal 0.000000e+00 0.000000e+00 -1.000000e+00
    outer loop
      vertex -37.5000 -10.0000 0.0000
      vertex -37.5000 -7.5000 0.0000
      vertex -35.0000 -7.5000 0.0000
    endloop
  endfacet
  facet normal 0.000000e+00 0.000000e+00 -1.000000e+00
    outer loop
      vertex -37.5000 -10.0000 0.0000
      vertex -35.0000 -7.5000 0.0000
      vertex -35.0000 -10.0000 0.0000
    endloop
  endfacet
  facet normal 0.000000e+00 0.000000e+00 -1.000000e+00
    outer loop
      vertex -37.5000 -7.5000 0.0000
      vertex -37.5000 -5.0000 0.0000
      vertex -35.0000 -5.0000 0.0000
    endloop
  endfacet
  facet normal 0.000000e+00 0.000000e+00 -1.000000e+00
    outer loop
      vertex -37.5000 -7.5000 0.0000
      vertex -35.0000 -5.0000 0.0000
      vertex -35.0000 -7.5000 0.0000
    endloop
  endfacet
  facet normal 0.000000e+00 0.000000e+00 -1.000000e+00
    outer loop
      vertex -37.5000 -5.0000 0.0000
      vertex -37.5000 -2.5000 0.0000
      vertex -35.0000 -2.5000 0.0000
    endloop
  endfacet
  facet normal 0.000000e+00 0.000000e+00 -1.000000e+00
    outer loop
      vertex -37.5000 -5.0000 0.0000
      vertex -35.0000 -2.5000 0.0000
      vertex -35.0000 -5.0000 0.0000
    endloop
  endfacet
  facet normal 0.000000e+00 0.000000e+00 -1.000000e+00
    outer loop
      vertex -37.5000 -2.5000 0.0000
      vertex -37.5000 0.0000 0.0000
      vertex -35.0000 0.0000 0.0000
    endloop
  endfacet
  facet normal 0.000000e+00 0.000000e+00 -1.000000e+00
    outer loop
      vertex -37.5000 -2.5000 0.0000
      vertex -35.0000 0.0000 0.0000
      vertex -35.0000 -2.5000 0.0000
    endloop
  endfacet
  facet normal 0.000000e+00 0.000000e+00 -1.000000e+00
    outer loop
      vertex -37.5000 0.0000 0.0000
      vertex -37.5000 2.5000 0.0000
      vertex -35.0000 2.5000 0.0000
    endloop
  endfacet
  facet normal 0.000000e+00 0.000000e+00 -1.000000e+00
    outer loop
      vertex -37.5000 0.0000 0.0000
      vertex -35.0000 2.5000 0.0000
      vertex -35.0000 0.0000 0.0000
    endloop
  endfacet
  facet normal 0.000000e+00 0.000000e+00 -1.000000e+00
    outer loop
      vertex -37.5000 2.5000 0.0000
      vertex -37.5000 5.0000 0.0000
      vertex -35.0000 5.0000 0.0000
    endloop
  endfacet
  facet normal 0.000000e+00 0.000000e+00 -1.000000e+00
    outer loop
      vertex -37.5000 2.5000 0.0000
      vertex -35.0000 5.0000 0.0000
      vertex -35.0000 2.5000 0.0000
    endloop
  endfacet
  facet normal 0.000000e+00 0.000000e+00 -1.000000e+00
    outer loop
      vertex -37.5000 5.0000 0.0000
      vertex -37.5000 7.5000 0.0000
      vertex -35.0000 7.5000 0.0000
    endloop
  endfacet
  facet normal 0.000000e+00 0.000000e+00 -1.000000e+00
    outer loop
      vertex -37.5000 5.0000 0.0000
      vertex -35.0000 7.5000 0.0000
      vertex -35.0000 5.0000 0.0000
    endloop
  endfacet
  facet normal 0.000000e+00 0.000000e+00 -1.000000e+00
    outer loop
      vertex -37.5000 7.5000 0.0000
      vertex -37.5000 10.0000 0.0000
      vertex -35.0000 10.0000 0.0000
    endloop
  endfacet
  facet normal 0.000000e+00 0.000000e+00 -1.000000e+00
    outer loop
      vertex -37.5000 7.5000 0.0000
      vertex -35.0000 10.0000 0.0000
      vertex -35.0000 7.5000 0.0000
    endloop
  endfacet
  facet normal 0.000000e+00 0.000000e+00 -1.000000e+00
    outer loop
      vertex -37.5000 10.0000 0.0000
      vertex -37.5000 12.5000 0.0000
      vertex -35.0000 12.5000 0.0000
    endloop
  endfacet
  facet normal 0.000000e+00 0.000000e+00 -1.000000e+00
    outer loop
      vertex -37.5000 10.0000 0.0000
      vertex -35.0000 12.5000 0.0000
      vertex -35.0000 10.0000 0.0000
    endloop
  endfacet
  facet normal 0.000000e+00 0.000000e+00 -1.000000e+00
    outer loop
      vertex -37.5000 12.5000 0.0000
      vertex -37.5000 15.0000 0.0000
      vertex -35.0000 15.0000 0.0000
    endloop
  endfacet
  facet normal 0.000000e+00 0.000000e+00 -1.000000e+00
    outer loop
      vertex -37.5000 12.5000 0.0000
      vertex -35.0000 15.0000 0.0000
      vertex -35.0000 12.5000 0.0000
    endloop
  endfacet
  facet normal 0.000000e+00 0.000000e+00 -1.000000e+00
    outer loop
      vertex -37.5000 15.0000 0.0000
      vertex -37.5000 17.5000 0.0000
      vertex -35.0000 17.5000 0.0000
    endloop
  endfacet
  facet normal 0.000000e+00 0.000000e+00 -1.000000e+00
    outer loop
      vertex -37.5000 15.0000 0.0000
      vertex -35.0000 17.5000 0.0000
      vertex -35.0000 15.0000 0.0000
    endloop
  endfacet
  facet normal 0.000000e+00 0.000000e+00 -1.000000e+00
    outer loop
      vertex -37.5000 17.5000 0.0000
      vertex -37.5000 20.0000 0.0000
      vertex -35.0000 20.0000 0.0000
    endloop
  endfacet
  facet normal 0.000000e+00 0.000000e+00 -1.000000e+00
    outer loop
      vertex -37.5000 17.5000 0.0000
      vertex -35.0000 20.0000 0.0000
      vertex -35.0000 17.5000 0.0000
    endloop
  endfacet
  facet normal 0.000000e+00 0.000000e+00 -1.000000e+00
    outer loop
      vertex -37.5000 20.0000 0.0000
      vertex -37.5000 22.5000 0.0000
      vertex -35.0000 22.5000 0.0000
    endloop
  endfacet
  facet normal 0.000000e+00 0.000000e+00 -1.000000e+00
    outer loop
      vertex -37.5000 20.0000 0.0000
      vertex -35.0000 22.5000 0.0000
      vertex -35.0000 20.0000 0.0000
    endloop
  endfacet
  facet normal 0.000000e+00 0.000000e+00 -1.000000e+00
    outer loop
      vertex -37.5000 22.5000 0.0000
      vertex -37.5000 25.0000 0.0000
      vertex -35.0000 25.0000 0.0000
    endloop
  endfacet
  facet normal 0.000000e+00 0.000000e+00 -1.000000e+00
    outer loop
      vertex -37.5000 22.5000 0.0000
      vertex -35.0000 25.0000 0.0000
      vertex -35.0000 22.5000 0.0000
    endloop
  endfacet
  facet normal 0.000000e+00 0.000000e+00 -1.000000e+00
    outer loop
      vertex -37.5000 25.0000 0.0000
      vertex -37.5000 27.5000 0.0000
      vertex -35.0000 27.5000 0.0000
    endloop
  endfacet
  facet normal 0.000000e+00 0.000000e+00 -1.000000e+00
    outer loop
      vertex -37.5000 25.0000 0.0000
      vertex -35.0000 27.5000 0.0000
      vertex -35.0000 25.0000 0.0000
    endloop
  endfacet
  facet normal 0.000000e+00 0.000000e+00 -1.000000e+00
    outer loop
      vertex -37.5000 27.5000 0.0000
      vertex -37.5000 30.0000 0.0000
      vertex -35.0000 30.0000 0.0000
    endloop
  endfacet
  facet normal 0.000000e+00 0.000000e+00 -1.000000e+00
    outer loop
      vertex -37.5000 27.5000 0.0000
      vertex -35.0000 30.0000 0.0000
      vertex -35.0000 27.5000 0.0000
    endloop
  endfacet
  facet normal 0.000000e+00 0.000000e+00 -1.000000e+00
    outer loop
      vertex -37.5000 30.0000 0.0000
      vertex -37.5000 32.5000 0.0000
      vertex -35.0000 32.5000 0.0000
    endloop
  endfacet
  facet normal 0.000000e+00 0.000000e+00 -1.000000e+00
    outer loop
      vertex -37.5000 30.0000 0.0000
      vertex -35.0000 32.5000 0.0000
      vertex -35.0000 30.0000 0.0000
    endloop
  endfacet
  facet normal 0.000000e+00 0.000000e+00 -1.000000e+00
    outer loop
      vertex -37.5000 32.5000 0.0000
      vertex -37.5000 35.0000 0.0000
      vertex -35.0000 35.0000 0.0000
    endloop
  endfacet
  facet normal 0.000000e+00 0.000000e+00 -1.000000e+00
    outer loop
      vertex -37.5000 32.5000 0.0000
      vertex -35.0000 35.0000 0.0000
      vertex -35.0000 32.5000 0.0000
    endloop
  endfacet
  facet normal 0.000000e+00 0.000000e+00 -1.000000e+00
    outer loop
      vertex -35.0000 -35.0000 0.0000
      vertex -35.0000 -32.5000 0.0000
      vertex -32.5000 -32.5000 0.0000
    endloop
  endfacet
  facet normal 0.000000e+00 0.000000e+00 -1.000000e+00
    outer loop
      vertex -35.0000 -35.0000 0.0000
      vertex -32.5000 -32.5000 0.0000
      vertex -32.5000 -35.0000 0.0000
    endloop
  endfacet
  facet normal 0.000000e+00 0.000000e+00 -1.000000e+00
    outer loop
      vertex -35.0000 -32.5000 0.0000
      vertex -35.0000 -30.0000 0.0000
      vertex -32.5000 -30.0000 0.0000
    endloop
  endfacet
  facet normal 0.000000e+00 0.000000e+00 -1.000000e+00
    outer loop
      vertex -35.0000 -32.5000 0.0000
      vertex -32.5000 -30.0000 0.0000
      vertex -32.5000 -32.5000 0.0000
    endloop
  endfacet
  facet normal 0.000000e+00 0.000000e+00 -1.000000e+00
    outer loop
      vertex -35.0000 -30.0000 0.0000
      vertex -35.0000 -27.5000 0.0000
      vertex -32.5000 -27.5000 0.0000
    endloop
  endfacet
  facet normal 0.000000e+00 0.000000e+00 -1.000000e+00
    outer loop
      vertex -35.0000 -30.0000 0.0000
      vertex -32.5000 -27.5000 0.0000
      vertex -32.5000 -30.0000 0.0000
    endloop
  endfacet
  facet normal 0.000000e+00 0.000000e+00 -1.000000e+00
    outer loop
      vertex -35.0000 -27.5000 0.0000
      vertex -35.0000 -25.0000 0.0000
      vertex -32.5000 -25.0000 0.0000
    endloop
  endfacet
  facet normal 0.000000e+00 0.000000e+00 -1.000000e+00
    outer loop
      vertex -35.0000 -27.5000 0.0000
      vertex -32.5000 -25.0000 0.0000
      vertex -32.5000 -27.5000 0.0000
    endloop
  endfacet
  facet normal 0.000000e+00 0.000000e+00 -1.000000e+00
    outer loop
      vertex -35.0000 -25.0000 0.0000
      vertex -35.0000 -22.5000 0.0000
      vertex -32.5000 -22.5000 0.0000
    endloop
  endfacet
  facet normal 0.000000e+00 0.000000e+00 -1.000000e+00
    outer loop
      vertex -35.0000 -25.0000 0.0000
      vertex -32.5000 -22.5000 0.0000
      vertex -32.5000 -25.0000 0.0000
    endloop
  endfacet
  facet normal 0.000000e+00 0.000000e+00 -1.000000e+00
    outer loop
      vertex -35.0000 -22.5000 0.0000
      vertex -35.0000 -20.0000 0.0000
      vertex -32.5000 -20.0000 0.0000
    endloop
  endfacet
  facet normal 0.000000e+00 0.000000e+00 -1.000000e+00
    outer loop
      vertex -35.0000 -22.5000 0.0000
      vertex -32.5000 -20.0000 0.0000
      vertex -32.5000 -22.5000 0.0000
    endloop
  endfacet
  facet normal 0.000000e+00 0.000000e+00 -1.000000e+00
    outer loop
      vertex -35.0000 -20.0000 0.0000
      vertex -35.0000 -17.5000 0.0000
      vertex -32.5000 -17.5000 0.0000
    endloop
  endfacet
  facet normal 0.000000e+00 0.000000e+00 -1.000000e+00
    outer loop
      vertex -35.0000 -20.0000 0.0000
      vertex -32.5000 -17.5000 0.0000
      vertex -32.5000 -20.0000 0.0000
    endloop
  endfacet
  facet normal 0.000000e+00 0.000000e+00 -1.000000e+00
    outer loop
      vertex -35.0000 -17.5000 0.0000
      vertex -35.0000 -15.0000 0.0000
      vertex -32.5000 -15.0000 0.0000
    endloop
  endfacet
  facet normal 0.000000e+00 0.000000e+00 -1.000000e+00
    outer loop
      vertex -35.0000 -17.5000 0.0000
      vertex -32.5000 -15.0000 0.0000
      vertex -32.5000 -17.5000 0.0000
    endloop
  endfacet
  facet normal 0.000000e+00 0.000000e+00 -1.000000e+00
    outer loop
      vertex -35.0000 -15.0000 0.0000
      vertex -35.0000 -12.5000 0.0000
      vertex -32.5000 -12.5000 0.0000
    endloop
  endfacet
  facet normal 0.000000e+00 0.000000e+00 -1.000000e+00
    outer loop
      vertex -35.0000 -15.0000 0.0000
      vertex -32.5000 -12.5000 0.0000
      vertex -32.5000 -15.0000 0.0000
    endloop
  endfacet
  facet normal 0.000000e+00 0.000000e+00 -1.000000e+00
    outer loop
      vertex -35.0000 -12.5000 0.0000
      vertex -35.0000 -10.0000 0.0000
      vertex -32.5000 -10.0000 0.0000
    endloop
  endfacet
  facet normal 0.000000e+00 0.000000e+00 -1.000000e+00
    outer loop
      vertex -35.0000 -12.5000 0.0000
      vertex -32.5000 -10.0000 0.0000
      vertex -32.5000 -12.5000 0.0000
    endloop
  endfacet
  facet normal 0.000000e+00 0.000000e+00 -1.000000e+00
    outer loop
      vertex -35.0000 -10.0000 0.0000
      vertex -35.0000 -7.5000 0.0000
      vertex -32.5000 -7.5000 0.0000
    endloop
  endfacet
  facet normal 0.000000e+00 0.000000e+00 -1.000000e+00
    outer loop
      vertex -35.0000 -10.0000 0.0000
      vertex -32.5000 -7.5000 0.0000
      vertex -32.5000 -10.0000 0.0000
    endloop
  endfacet
  facet normal 0.000000e+00 0.000000e+00 -1.000000e+00
    outer loop
      vertex -35.0000 -7.5000 0.0000
      vertex -35.0000 -5.0000 0.0000
      vertex -32.5000 -5.0000 0.0000
    endloop
  endfacet
  facet normal 0.000000e+00 0.000000e+00 -1.000000e+00
    outer loop
      vertex -35.0000 -7.5000 0.0000
      vertex -32.5000 -5.0000 0.0000
      vertex -32.5000 -7.5000 0.0000
    endloop
  endfacet
  facet normal 0.000000e+00 0.000000e+00 -1.000000e+00
    outer loop
      vertex -35.0000 -5.0000 0.0000
      vertex -35.0000 -2.5000 0.0000
      vertex -32.5000 -2.5000 0.0000
    endloop
  endfacet
  facet normal 0.000000e+00 0.000000e+00 -1.000000e+00
    outer loop
      vertex -35.0000 -5.0000 0.0000
      vertex -32.5000 -2.5000 0.0000
      vertex -32.5000 -5.0000 0.0000
    endloop
  endfacet
  facet normal 0.000000e+00 0.000000e+00 -1.000000e+00
    outer loop
      vertex -35.0000 -2.5000 0.0000
      vertex -35.0000 0.0000 0.0000
      vertex -32.5000 0.0000 0.0000
    endloop
  endfacet
  facet normal 0.000000e+00 0.000000e+00 -1.000000e+00
    outer loop
      vertex -35.0000 -2.5000 0.0000
      vertex -32.5000 0.0000 0.0000
      vertex -32.5000 -2.5000 0.0000
    endloop
  endfacet
  facet normal 0.000000e+00 0.000000e+00 -1.000000e+00
    outer loop
      vertex -35.0000 0.0000 0.0000
      vertex -35.0000 2.5000 0.0000
      vertex -32.5000 2.5000 0.0000
    endloop
  endfacet
  facet normal 0.000000e+00 0.000000e+00 -1.000000e+00
    outer loop
      vertex -35.0000 0.0000 0.0000
      vertex -32.5000 2.5000 0.0000
      vertex -32.5000 0.0000 0.0000
    endloop
  endfacet
  facet normal 0.000000e+00 0.000000e+00 -1.000000e+00
    outer loop
      vertex -35.0000 2.5000 0.0000
      vertex -35.0000 5.0000 0.0000
      vertex -32.5000 5.0000 0.0000
    endloop
  endfacet
  facet normal 0.000000e+00 0.000000e+00 -1.000000e+00
    outer loop
      vertex -35.0000 2.5000 0.0000
      vertex -32.5000 5.0000 0.0000
      vertex -32.5000 2.5000 0.0000
    endloop
  endfacet
  facet normal 0.000000e+00 0.000000e+00 -1.000000e+00
    outer loop
      vertex -35.0000 5.0000 0.0000
      vertex -35.0000 7.5000 0.0000
      vertex -32.5000 7.5000 0.0000
    endloop
  endfacet
  facet normal 0.000000e+00 0.000000e+00 -1.000000e+00
    outer loop
      vertex -35.0000 5.0000 0.0000
      vertex -32.5000 7.5000 0.0000
      vertex -32.5000 5.0000 0.0000
    endloop
  endfacet
  facet normal 0.000000e+00 0.000000e+00 -1.000000e+00
    outer loop
      vertex -35.0000 7.5000 0.0000
      vertex -35.0000 10.0000 0.0000
      vertex -32.5000 10.0000 0.0000
    endloop
  endfacet
  facet normal 0.000000e+00 0.000000e+00 -1.000000e+00
    outer loop
      vertex -35.0000 7.5000 0.0000
      vertex -32.5000 10.0000 0.0000
      vertex -32.5000 7.5000 0.0000
    endloop
  endfacet
  facet normal 0.000000e+00 0.000000e+00 -1.000000e+00
    outer loop
      vertex -35.0000 10.0000 0.0000
      vertex -35.0000 12.5000 0.0000
      vertex -32.5000 12.5000 0.0000
    endloop
  endfacet
  facet normal 0.000000e+00 0.000000e+00 -1.000000e+00
    outer loop
      vertex -35.0000 10.0000 0.0000
      vertex -32.5000 12.5000 0.0000
      vertex -32.5000 10.0000 0.0000
    endloop
  endfacet
  facet normal 0.000000e+00 0.000000e+00 -1.000000e+00
    outer loop
      vertex -35.0000 12.5000 0.0000
      vertex -35.0000 15.0000 0.0000
      vertex -32.5000 15.0000 0.0000
    endloop
  endfacet
  facet normal 0.000000e+00 0.000000e+00 -1.000000e+00
    outer loop
      vertex -35.0000 12.5000 0.0000
      vertex -32.5000 15.0000 0.0000
      vertex -32.5000 12.5000 0.0000
    endloop
  endfacet
  facet normal 0.000000e+00 0.000000e+00 -1.000000e+00
    outer loop
      vertex -35.0000 15.0000 0.0000
      vertex -35.0000 17.5000 0.0000
      vertex -32.5000 17.5000 0.0000
    endloop
  endfacet
  facet normal 0.000000e+00 0.000000e+00 -1.000000e+00
    outer loop
      vertex -35.0000 15.0000 0.0000
      vertex -32.5000 17.5000 0.0000
      vertex -32.5000 15.0000 0.0000
    endloop
  endfacet
  facet normal 0.000000e+00 0.000000e+00 -1.000000e+00
    outer loop
      vertex -35.0000 17.5000 0.0000
      vertex -35.0000 20.0000 0.0000
      vertex -32.5000 20.0000 0.0000
    endloop
  endfacet
  facet normal 0.000000e+00 0.000000e+00 -1.000000e+00
    outer loop
      vertex -35.0000 17.5000 0.0000
      vertex -32.5000 20.0000 0.0000
      vertex -32.5000 17.5000 0.0000
    endloop
  endfacet
  facet normal 0.000000e+00 0.000000e+00 -1.000000e+00
    outer loop
      vertex -35.0000 20.0000 0.0000
      vertex -35.0000 22.5000 0.0000
      vertex -32.5000 22.5000 0.0000
    endloop
  endfacet
  facet normal 0.000000e+00 0.000000e+00 -1.000000e+00
    outer loop
      vertex -35.0000 20.0000 0.0000
      vertex -32.5000 22.5000 0.0000
      vertex -32.5000 20.0000 0.0000
    endloop
  endfacet
  facet normal 0.000000e+00 0.000000e+00 -1.000000e+00
    outer loop
      vertex -35.0000 22.5000 0.0000
      vertex -35.0000 25.0000 0.0000
      vertex -32.5000 25.0000 0.0000
    endloop
  endfacet
  facet normal 0.000000e+00 0.000000e+00 -1.000000e+00
    outer loop
      vertex -35.0000 22.5000 0.0000
      vertex -32.5000 25.0000 0.0000
      vertex -32.5000 22.5000 0.0000
    endloop
  endfacet
  facet normal 0.000000e+00 0.000000e+00 -1.000000e+00
    outer loop
      vertex -35.0000 25.0000 0.0000
      vertex -35.0000 27.5000 0.0000
      vertex -32.5000 27.5000 0.0000
    endloop
  endfacet
  facet normal 0.000000e+00 0.000000e+00 -1.000000e+00
    outer loop
      vertex -35.0000 25.0000 0.0000
      vertex -32.5000 27.5000 0.0000
      vertex -32.5000 25.0000 0.0000
    endloop
  endfacet
  facet normal 0.000000e+00 0.000000e+00 -1.000000e+00
    outer loop
      vertex -35.0000 27.5000 0.0000
      vertex -35.0000 30.0000 0.0000
      vertex -32.5000 30.0000 0.0000
    endloop
  endfacet
  facet normal 0.000000e+00 0.000000e+00 -1.000000e+00
    outer loop
      vertex -35.0000 27.5000 0.0000
      vertex -32.5000 30.0000 0.0000
      vertex -32.5000 27.5000 0.0000
    endloop
  endfacet
  facet normal 0.000000e+00 0.000000e+00 -1.000000e+00
    outer loop
      vertex -35.0000 30.0000 0.0000
      vertex -35.0000 32.5000 0.0000
      vertex -32.5000 32.5000 0.0000
    endloop
  endfacet
  facet normal 0.000000e+00 0.000000e+00 -1.000000e+00
    outer loop
      vertex -35.0000 30.0000 0.0000
      vertex -32.5000 32.5000 0.0000
      vertex -32.5000 30.0000 0.0000
    endloop
  endfacet
  facet normal 0.000000e+00 0.000000e+00 -1.000000e+00
    outer loop
      vertex -35.0000 32.5000 0.0000
      vertex -35.0000 35.0000 0.0000
      vertex -32.5000 35.0000 0.0000
    endloop
  endfacet
  facet normal 0.000000e+00 0.000000e+00 -1.000000e+00
    outer loop
      vertex -35.0000 32.5000 0.0000
      vertex -32.5000 35.0000 0.0000
      vertex -32.5000 32.5000 0.0000
    endloop
  endfacet
  facet normal 0.000000e+00 0.000000e+00 -1.000000e+00
    outer loop
      vertex -32.5000 -35.0000 0.0000
      vertex -32.5000 -32.5000 0.0000
      vertex -30.0000 -32.5000 0.0000
    endloop
  endfacet
  facet normal 0.000000e+00 0.000000e+00 -1.000000e+00
    outer loop
      vertex -32.5000 -35.0000 0.0000
      vertex -30.0000 -32.5000 0.0000
      vertex -30.0000 -35.0000 0.0000
    endloop
  endfacet
  facet normal 0.000000e+00 0.000000e+00 -1.000000e+00
    outer loop
      vertex -32.5000 32.5000 0.0000
      vertex -32.5000 35.0000 0.0000
      vertex -30.0000 35.0000 0.0000
    endloop
  endfacet
  facet normal 0.000000e+00 0.000000e+00 -1.000000e+00
    outer loop
      vertex -32.5000 32.5000 0.0000
      vertex -30.0000 35.0000 0.0000
      vertex -30.0000 32.5000 0.0000
    endloop
  endfacet
  facet normal 0.000000e+00 0.000000e+00 -1.000000e+00
    outer loop
      vertex -30.0000 -35.0000 0.0000
      vertex -30.0000 -32.5000 0.0000
      vertex -27.5000 -32.5000 0.0000
    endloop
  endfacet
  facet normal 0.000000e+00 0.000000e+00 -1.000000e+00
    outer loop
      vertex -30.0000 -35.0000 0.0000
      vertex -27.5000 -32.5000 0.0000
      vertex -27.5000 -35.0000 0.0000
    endloop
  endfacet
  facet normal 0.000000e+00 0.000000e+00 -1.000000e+00
    outer loop
      vertex -30.0000 32.5000 0.0000
      vertex -30.0000 35.0000 0.0000
      vertex -27.5000 35.0000 0.0000
    endloop
  endfacet
  facet normal 0.000000e+00 0.000000e+00 -1.000000e+00
    outer loop
      vertex -30.0000 32.5000 0.0000
      vertex -27.5000 35.0000 0.0000
      vertex -27.5000 32.5000 0.0000
    endloop
  endfacet
  facet normal 0.000000e+00 0.000000e+00 -1.000000e+00
    outer loop
      vertex -27.5000 -35.0000 0.0000
      vertex -27.5000 -32.5000 0.0000
      vertex -25.0000 -32.5000 0.0000
    endloop
  endfacet
  facet normal 0.000000e+00 0.000000e+00 -1.000000e+00
    outer loop
      vertex -27.5000 -35.0000 0.0000
      vertex -25.0000 -32.5000 0.0000
      vertex -25.0000 -35.0000 0.0000
    endloop
  endfacet
  facet normal 0.000000e+00 0.000000e+00 -1.000000e+00
    outer loop
      vertex -27.5000 32.5000 0.0000
      vertex -27.5000 35.0000 0.0000
      vertex -25.0000 35.0000 0.0000
    endloop
  endfacet
  facet normal 0.000000e+00 0.000000e+00 -1.000000e+00
    outer loop
      vertex -27.5000 32.5000 0.0000
      vertex -25.0000 35.0000 0.0000
      vertex -25.0000 32.5000 0.0000
    endloop
  endfacet
  facet normal 0.000000e+00 0.000000e+00 -1.000000e+00
    outer loop
      vertex -25.0000 -35.0000 0.0000
      vertex -25.0000 -32.5000 0.0000
      vertex -22.5000 -32.5000 0.0000
    endloop
  endfacet
  facet normal 0.000000e+00 0.000000e+00 -1.000000e+00
    outer loop
      vertex -25.0000 -35.0000 0.0000
      vertex -22.5000 -32.5000 0.0000
      vertex -22.5000 -35.0000 0.0000
    endloop
  endfacet
  facet normal 0.000000e+00 0.000000e+00 -1.000000e+00
    outer loop
      vertex -25.0000 32.5000 0.0000
      vertex -25.0000 35.0000 0.0000
      vertex -22.5000 35.0000 0.0000
    endloop
  endfacet
  facet normal 0.000000e+00 0.000000e+00 -1.000000e+00
    outer loop
      vertex -25.0000 32.5000 0.0000
      vertex -22.5000 35.0000 0.0000
      vertex -22.5000 32.5000 0.0000
    endloop
  endfacet
  facet normal 0.000000e+00 0.000000e+00 -1.000000e+00
    outer loop
      vertex -22.5000 -35.0000 0.0000
      vertex -22.5000 -32.5000 0.0000
      vertex -20.0000 -32.5000 0.0000
    endloop
  endfacet
  facet normal 0.000000e+00 0.000000e+00 -1.000000e+00
    outer loop
      vertex -22.5000 -35.0000 0.0000
      vertex -20.0000 -32.5000 0.0000
      vertex -20.0000 -35.0000 0.0000
    endloop
  endfacet
  facet normal 0.000000e+00 0.000000e+00 -1.000000e+00
    outer loop
      vertex -22.5000 32.5000 0.0000
      vertex -22.5000 35.0000 0.0000
      vertex -20.0000 35.0000 0.0000
    endloop
  endfacet
  facet normal 0.000000e+00 0.000000e+00 -1.000000e+00
    outer loop
      vertex -22.5000 32.5000 0.0000
      vertex -20.0000 35.0000 0.0000
      vertex -20.0000 32.5000 0.0000
    endloop
  endfacet
  facet normal 0.000000e+00 0.000000e+00 -1.000000e+00
    outer loop
      vertex -20.0000 -35.0000 0.0000
      vertex -20.0000 -32.5000 0.0000
      vertex -17.5000 -32.5000 0.0000
    endloop
  endfacet
  facet normal 0.000000e+00 0.000000e+00 -1.000000e+00
    outer loop
      vertex -20.0000 -35.0000 0.0000
      vertex -17.5000 -32.5000 0.0000
      vertex -17.5000 -35.0000 0.0000
    endloop
  endfacet
  facet normal 0.000000e+00 0.000000e+00 -1.000000e+00
    outer loop
      vertex -20.0000 32.5000 0.0000
      vertex -20.0000 35.0000 0.0000
      vertex -17.5000 35.0000 0.0000
    endloop
  endfacet
  facet normal 0.000000e+00 0.000000e+00 -1.000000e+00
    outer loop
      vertex -20.0000 32.5000 0.0000
      vertex -17.5000 35.0000 0.0000
      vertex -17.5000 32.5000 0.0000
    endloop
  endfacet
  facet normal 0.000000e+00 0.000000e+00 -1.000000e+00
    outer loop
      vertex -17.5000 -35.0000 0.0000
      vertex -17.5000 -32.5000 0.0000
      vertex -15.0000 -32.5000 0.0000
    endloop
  endfacet
  facet normal 0.000000e+00 0.000000e+00 -1.000000e+00
    outer loop
      vertex -17.5000 -35.0000 0.0000
      vertex -15.0000 -32.5000 0.0000
      vertex -15.0000 -35.0000 0.0000
    endloop
  endfacet
  facet normal 0.000000e+00 0.000000e+00 -1.000000e+00
    outer loop
      vertex -17.5000 32.5000 0.0000
      vertex -17.5000 35.0000 0.0000
      vertex -15.0000 35.0000 0.0000
    endloop
  endfacet
  facet normal 0.000000e+00 0.000000e+00 -1.000000e+00
    outer loop
      vertex -17.5000 32.5000 0.0000
      vertex -15.0000 35.0000 0.0000
      vertex -15.0000 32.5000 0.0000
    endloop
  endfacet
  facet normal 0.000000e+00 0.000000e+00 -1.000000e+00
    outer loop
      vertex -15.0000 -35.0000 0.0000
      vertex -15.0000 -32.5000 0.0000
      vertex -12.5000 -32.5000 0.0000
    endloop
  endfacet
  facet normal 0.000000e+00 0.000000e+00 -1.000000e+00
    outer loop
      vertex -15.0000 -35.0000 0.0000
      vertex -12.5000 -32.5000 0.0000
      vertex -12.5000 -35.0000 0.0000
    endloop
  endfacet
  facet normal 0.000000e+00 0.000000e+00 -1.000000e+00
    outer loop
      vertex -15.0000 32.5000 0.0000
      vertex -15.0000 35.0000 0.0000
      vertex -12.5000 35.0000 0.0000
    endloop
  endfacet
  facet normal 0.000000e+00 0.000000e+00 -1.000000e+00
    outer loop
      vertex -15.0000 32.5000 0.0000
      vertex -12.5000 35.0000 0.0000
      vertex -12.5000 32.5000 0.0000
    endloop
  endfacet
  facet normal 0.000000e+00 0.000000e+00 -1.000000e+00
    outer loop
      vertex -12.5000 -35.0000 0.0000
      vertex -12.5000 -32.5000 0.0000
      vertex -10.0000 -32.5000 0.0000
    endloop
  endfacet
  facet normal 0.000000e+00 0.000000e+00 -1.000000e+00
    outer loop
      vertex -12.5000 -35.0000 0.0000
      vertex -10.0000 -32.5000 0.0000
      vertex -10.0000 -35.0000 0.0000
    endloop
  endfacet
  facet normal 0.000000e+00 0.000000e+00 -1.000000e+00
    outer loop
      vertex -12.5000 32.5000 0.0000
      vertex -12.5000 35.0000 0.0000
      vertex -10.0000 35.0000 0.0000
    endloop
  endfacet
  facet normal 0.000000e+00 0.000000e+00 -1.000000e+00
    outer loop
      vertex -12.5000 32.5000 0.0000
      vertex -10.0000 35.0000 0.0000
      vertex -10.0000 32.5000 0.0000
    endloop
  endfacet
  facet normal 0.000000e+00 0.000000e+00 -1.000000e+00
    outer loop
      vertex -10.0000 -35.0000 0.0000
      vertex -10.0000 -32.5000 0.0000
      vertex -7.5000 -32.5000 0.0000
    endloop
  endfacet
  facet normal 0.000000e+00 0.000000e+00 -1.000000e+00
    outer loop
      vertex -10.0000 -35.0000 0.0000
      vertex -7.5000 -32.5000 0.0000
      vertex -7.5000 -35.0000 0.0000
    endloop
  endfacet
  facet normal 0.000000e+00 0.000000e+00 -1.000000e+00
    outer loop
      vertex -10.0000 32.5000 0.0000
      vertex -10.0000 35.0000 0.0000
      vertex -7.5000 35.0000 0.0000
    endloop
  endfacet
  facet normal 0.000000e+00 0.000000e+00 -1.000000e+00
    outer loop
      vertex -10.0000 32.5000 0.0000
      vertex -7.5000 35.0000 0.0000
      vertex -7.5000 32.5000 0.0000
    endloop
  endfacet
  facet normal 0.000000e+00 0.000000e+00 -1.000000e+00
    outer loop
      vertex -7.5000 -35.0000 0.0000
      vertex -7.5000 -32.5000 0.0000
      vertex -5.0000 -32.5000 0.0000
    endloop
  endfacet
  facet normal 0.000000e+00 0.000000e+00 -1.000000e+00
    outer loop
      vertex -7.5000 -35.0000 0.0000
      vertex -5.0000 -32.5000 0.0000
      vertex -5.0000 -35.0000 0.0000
    endloop
  endfacet
  facet normal 0.000000e+00 0.000000e+00 -1.000000e+00
    outer loop
      vertex -7.5000 32.5000 0.0000
      vertex -7.5000 35.0000 0.0000
      vertex -5.0000 35.0000 0.0000
    endloop
  endfacet
  facet normal 0.000000e+00 0.000000e+00 -1.000000e+00
    outer loop
      vertex -7.5000 32.5000 0.0000
      vertex -5.0000 35.0000 0.0000
      vertex -5.0000 32.5000 0.0000
    endloop
  endfacet
  facet normal 0.000000e+00 0.000000e+00 -1.000000e+00
    outer loop
      vertex -5.0000 -35.0000 0.0000
      vertex -5.0000 -32.5000 0.0000
      vertex -2.5000 -32.5000 0.0000
    endloop
  endfacet
  facet normal 0.000000e+00 0.000000e+00 -1.000000e+00
    outer loop
      vertex -5.0000 -35.0000 0.0000
      vertex -2.5000 -32.5000 0.0000
      vertex -2.5000 -35.0000 0.0000
    endloop
  endfacet
  facet normal 0.000000e+00 0.000000e+00 -1.000000e+00
    outer loop
      vertex -5.0000 32.5000 0.0000
      vertex -5.0000 35.0000 0.0000
      vertex -2.5000 35.0000 0.0000
    endloop
  endfacet
  facet normal 0.000000e+00 0.000000e+00 -1.000000e+00
    outer loop
      vertex -5.0000 32.5000 0.0000
      vertex -2.5000 35.0000 0.0000
      vertex -2.5000 32.5000 0.0000
    endloop
  endfacet
  facet normal 0.000000e+00 0.000000e+00 -1.000000e+00
    outer loop
      vertex -2.5000 -35.0000 0.0000
      vertex -2.5000 -32.5000 0.0000
      vertex 0.0000 -32.5000 0.0000
    endloop
  endfacet
  facet normal 0.000000e+00 0.000000e+00 -1.000000e+00
    outer loop
      vertex -2.5000 -35.0000 0.0000
      vertex 0.0000 -32.5000 0.0000
      vertex 0.0000 -35.0000 0.0000
    endloop
  endfacet
  facet normal 0.000000e+00 0.000000e+00 -1.000000e+00
    outer loop
      vertex -2.5000 32.5000 0.0000
      vertex -2.5000 35.0000 0.0000
      vertex 0.0000 35.0000 0.0000
    endloop
  endfacet
  facet normal 0.000000e+00 0.000000e+00 -1.000000e+00
    outer loop
      vertex -2.5000 32.5000 0.0000
      vertex 0.0000 35.0000 0.0000
      vertex 0.0000 32.5000 0.0000
    endloop
  endfacet
  facet normal 0.000000e+00 0.000000e+00 -1.000000e+00
    outer loop
      vertex 0.0000 -35.0000 0.0000
      vertex 0.0000 -32.5000 0.0000
      vertex 2.5000 -32.5000 0.0000
    endloop
  endfacet
  facet normal 0.000000e+00 0.000000e+00 -1.000000e+00
    outer loop
      vertex 0.0000 -35.0000 0.0000
      vertex 2.5000 -32.5000 0.0000
      vertex 2.5000 -35.0000 0.0000
    endloop
  endfacet
  facet normal 0.000000e+00 0.000000e+00 -1.000000e+00
    outer loop
      vertex 0.0000 32.5000 0.0000
      vertex 0.0000 35.0000 0.0000
      vertex 2.5000 35.0000 0.0000
    endloop
  endfacet
  facet normal 0.000000e+00 0.000000e+00 -1.000000e+00
    outer loop
      vertex 0.0000 32.5000 0.0000
      vertex 2.5000 35.0000 0.0000
      vertex 2.5000 32.5000 0.0000
    endloop
  endfacet
  facet normal 0.000000e+00 0.000000e+00 -1.000000e+00
    outer loop
      vertex 2.5000 -35.0000 0.0000
      vertex 2.5000 -32.5000 0.0000
      vertex 5.0000 -32.5000 0.0000
    endloop
  endfacet
  facet normal 0.000000e+00 0.000000e+00 -1.000000e+00
    outer loop
      vertex 2.5000 -35.0000 0.0000
      vertex 5.0000 -32.5000 0.0000
      vertex 5.0000 -35.0000 0.0000
    endloop
  endfacet
  facet normal 0.000000e+00 0.000000e+00 -1.000000e+00
    outer loop
      vertex 2.5000 32.5000 0.0000
      vertex 2.5000 35.0000 0.0000
      vertex 5.0000 35.0000 0.0000
    endloop
  endfacet
  facet normal 0.000000e+00 0.000000e+00 -1.000000e+00
    outer loop
      vertex 2.5000 32.5000 0.0000
      vertex 5.0000 35.0000 0.0000
      vertex 5.0000 32.5000 0.0000
    endloop
  endfacet
  facet normal 0.000000e+00 0.000000e+00 -1.000000e+00
    outer loop
      vertex 5.0000 -35.0000 0.0000
      vertex 5.0000 -32.5000 0.0000
      vertex 7.5000 -32.5000 0.0000
    endloop
  endfacet
  facet normal 0.000000e+00 0.000000e+00 -1.000000e+00
    outer loop
      vertex 5.0000 -35.0000 0.0000
      vertex 7.5000 -32.5000 0.0000
      vertex 7.5000 -35.0000 0.0000
    endloop
  endfacet
  facet normal 0.000000e+00 0.000000e+00 -1.000000e+00
    outer loop
      vertex 5.0000 32.5000 0.0000
      vertex 5.0000 35.0000 0.0000
      vertex 7.5000 35.0000 0.0000
    endloop
  endfacet
  facet normal 0.000000e+00 0.000000e+00 -1.000000e+00
    outer loop
      vertex 5.0000 32.5000 0.0000
      vertex 7.5000 35.0000 0.0000
      vertex 7.5000 32.5000 0.0000
    endloop
  endfacet
  facet normal 0.000000e+00 0.000000e+00 -1.000000e+00
    outer loop
      vertex 7.5000 -35.0000 0.0000
      vertex 7.5000 -32.5000 0.0000
      vertex 10.0000 -32.5000 0.0000
    endloop
  endfacet
  facet normal 0.000000e+00 0.000000e+00 -1.000000e+00
    outer loop
      vertex 7.5000 -35.0000 0.0000
      vertex 10.0000 -32.5000 0.0000
      vertex 10.0000 -35.0000 0.0000
    endloop
  endfacet
  facet normal 0.000000e+00 0.000000e+00 -1.000000e+00
    outer loop
      vertex 7.5000 32.5000 0.0000
      vertex 7.5000 35.0000 0.0000
      vertex 10.0000 35.0000 0.0000
    endloop
  endfacet
  facet normal 0.000000e+00 0.000000e+00 -1.000000e+00
    outer loop
      vertex 7.5000 32.5000 0.0000
      vertex 10.0000 35.0000 0.0000
      vertex 10.0000 32.5000 0.0000
    endloop
  endfacet
  facet normal 0.000000e+00 0.000000e+00 -1.000000e+00
    outer loop
      vertex 10.0000 -35.0000 0.0000
      vertex 10.0000 -32.5000 0.0000
      vertex 12.5000 -32.5000 0.0000
    endloop
  endfacet
  facet normal 0.000000e+00 0.000000e+00 -1.000000e+00
    outer loop
      vertex 10.0000 -35.0000 0.0000
      vertex 12.5000 -32.5000 0.0000
      vertex 12.5000 -35.0000 0.0000
    endloop
  endfacet
  facet normal 0.000000e+00 0.000000e+00 -1.000000e+00
    outer loop
      vertex 10.0000 32.5000 0.0000
      vertex 10.0000 35.0000 0.0000
      vertex 12.5000 35.0000 0.0000
    endloop
  endfacet
  facet normal 0.000000e+00 0.000000e+00 -1.000000e+00
    outer loop
      vertex 10.0000 32.5000 0.0000
      vertex 12.5000 35.0000 0.0000
      vertex 12.5000 32.5000 0.0000
    endloop
  endfacet
  facet normal 0.000000e+00 0.000000e+00 -1.000000e+00
    outer loop
      vertex 12.5000 -35.0000 0.0000
      vertex 12.5000 -32.5000 0.0000
      vertex 15.0000 -32.5000 0.0000
    endloop
  endfacet
  facet normal 0.000000e+00 0.000000e+00 -1.000000e+00
    outer loop
      vertex 12.5000 -35.0000 0.0000
      vertex 15.0000 -32.5000 0.0000
      vertex 15.0000 -35.0000 0.0000
    endloop
  endfacet
  facet normal 0.000000e+00 0.000000e+00 -1.000000e+00
    outer loop
      vertex 12.5000 32.5000 0.0000
      vertex 12.5000 35.0000 0.0000
      vertex 15.0000 35.0000 0.0000
    endloop
  endfacet
  facet normal 0.000000e+00 0.000000e+00 -1.000000e+00
    outer loop
      vertex 12.5000 32.5000 0.0000
      vertex 15.0000 35.0000 0.0000
      vertex 15.0000 32.5000 0.0000
    endloop
  endfacet
  facet normal 0.000000e+00 0.000000e+00 -1.000000e+00
    outer loop
      vertex 15.0000 -35.0000 0.0000
      vertex 15.0000 -32.5000 0.0000
      vertex 17.5000 -32.5000 0.0000
    endloop
  endfacet
  facet normal 0.000000e+00 0.000000e+00 -1.000000e+00
    outer loop
      vertex 15.0000 -35.0000 0.0000
      vertex 17.5000 -32.5000 0.0000
      vertex 17.5000 -35.0000 0.0000
    endloop
  endfacet
  facet normal 0.000000e+00 0.000000e+00 -1.000000e+00
    outer loop
      vertex 15.0000 32.5000 0.0000
      vertex 15.0000 35.0000 0.0000
      vertex 17.5000 35.0000 0.0000
    endloop
  endfacet
  facet normal 0.000000e+00 0.000000e+00 -1.000000e+00
    outer loop
      vertex 15.0000 32.5000 0.0000
      vertex 17.5000 35.0000 0.0000
      vertex 17.5000 32.5000 0.0000
    endloop
  endfacet
  facet normal 0.000000e+00 0.000000e+00 -1.000000e+00
    outer loop
      vertex 17.5000 -35.0000 0.0000
      vertex 17.5000 -32.5000 0.0000
      vertex 20.0000 -32.5000 0.0000
    endloop
  endfacet
  facet normal 0.000000e+00 0.000000e+00 -1.000000e+00
    outer loop
      vertex 17.5000 -35.0000 0.0000
      vertex 20.0000 -32.5000 0.0000
      vertex 20.0000 -35.0000 0.0000
    endloop
  endfacet
  facet normal 0.000000e+00 0.000000e+00 -1.000000e+00
    outer loop
      vertex 17.5000 32.5000 0.0000
      vertex 17.5000 35.0000 0.0000
      vertex 20.0000 35.0000 0.0000
    endloop
  endfacet
  facet normal 0.000000e+00 0.000000e+00 -1.000000e+00
    outer loop
      vertex 17.5000 32.5000 0.0000
      vertex 20.0000 35.0000 0.0000
      vertex 20.0000 32.5000 0.0000
    endloop
  endfacet
  facet normal 0.000000e+00 0.000000e+00 -1.000000e+00
    outer loop
      vertex 20.0000 -35.0000 0.0000
      vertex 20.0000 -32.5000 0.0000
      vertex 22.5000 -32.5000 0.0000
    endloop
  endfacet
  facet normal 0.000000e+00 0.000000e+00 -1.000000e+00
    outer loop
      vertex 20.0000 -35.0000 0.0000
      vertex 22.5000 -32.5000 0.0000
      vertex 22.5000 -35.0000 0.0000
    endloop
  endfacet
  facet normal 0.000000e+00 0.000000e+00 -1.000000e+00
    outer loop
      vertex 20.0000 32.5000 0.0000
      vertex 20.0000 35.0000 0.0000
      vertex 22.5000 35.0000 0.0000
    endloop
  endfacet
  facet normal 0.000000e+00 0.000000e+00 -1.000000e+00
    outer loop
      vertex 20.0000 32.5000 0.0000
      vertex 22.5000 35.0000 0.0000
      vertex 22.5000 32.5000 0.0000
    endloop
  endfacet
  facet normal 0.000000e+00 0.000000e+00 -1.000000e+00
    outer loop
      vertex 22.5000 -35.0000 0.0000
      vertex 22.5000 -32.5000 0.0000
      vertex 25.0000 -32.5000 0.0000
    endloop
  endfacet
  facet normal 0.000000e+00 0.000000e+00 -1.000000e+00
    outer loop
      vertex 22.5000 -35.0000 0.0000
      vertex 25.0000 -32.5000 0.0000
      vertex 25.0000 -35.0000 0.0000
    endloop
  endfacet
  facet normal 0.000000e+00 0.000000e+00 -1.000000e+00
    outer loop
      vertex 22.5000 32.5000 0.0000
      vertex 22.5000 35.0000 0.0000
      vertex 25.0000 35.0000 0.0000
    endloop
  endfacet
  facet normal 0.000000e+00 0.000000e+00 -1.000000e+00
    outer loop
      vertex 22.5000 32.5000 0.0000
      vertex 25.0000 35.0000 0.0000
      vertex 25.0000 32.5000 0.0000
    endloop
  endfacet
  facet normal 0.000000e+00 0.000000e+00 -1.000000e+00
    outer loop
      vertex 25.0000 -35.0000 0.0000
      vertex 25.0000 -32.5000 0.0000
      vertex 27.5000 -32.5000 0.0000
    endloop
  endfacet
  facet normal 0.000000e+00 0.000000e+00 -1.000000e+00
    outer loop
      vertex 25.0000 -35.0000 0.0000
      vertex 27.5000 -32.5000 0.0000
      vertex 27.5000 -35.0000 0.0000
    endloop
  endfacet
  facet normal 0.000000e+00 0.000000e+00 -1.000000e+00
    outer loop
      vertex 25.0000 32.5000 0.0000
      vertex 25.0000 35.0000 0.0000
      vertex 27.5000 35.0000 0.0000
    endloop
  endfacet
  facet normal 0.000000e+00 0.000000e+00 -1.000000e+00
    outer loop
      vertex 25.0000 32.5000 0.0000
      vertex 27.5000 35.0000 0.0000
      vertex 27.5000 32.5000 0.0000
    endloop
  endfacet
  facet normal 0.000000e+00 0.000000e+00 -1.000000e+00
    outer loop
      vertex 27.5000 -35.0000 0.0000
      vertex 27.5000 -32.5000 0.0000
      vertex 30.0000 -32.5000 0.0000
    endloop
  endfacet
  facet normal 0.000000e+00 0.000000e+00 -1.000000e+00
    outer loop
      vertex 27.5000 -35.0000 0.0000
      vertex 30.0000 -32.5000 0.0000
      vertex 30.0000 -35.0000 0.0000
    endloop
  endfacet
  facet normal 0.000000e+00 0.000000e+00 -1.000000e+00
    outer loop
      vertex 27.5000 32.5000 0.0000
      vertex 27.5000 35.0000 0.0000
      vertex 30.0000 35.0000 0.0000
    endloop
  endfacet
  facet normal 0.000000e+00 0.000000e+00 -1.000000e+00
    outer loop
      vertex 27.5000 32.5000 0.0000
      vertex 30.0000 35.0000 0.0000
      vertex 30.0000 32.5000 0.0000
    endloop
  endfacet
  facet normal 0.000000e+00 0.000000e+00 -1.000000e+00
    outer loop
      vertex 30.0000 -35.0000 0.0000
      vertex 30.0000 -32.5000 0.0000
      vertex 32.5000 -32.5000 0.0000
    endloop
  endfacet
  facet normal 0.000000e+00 0.000000e+00 -1.000000e+00
    outer loop
      vertex 30.0000 -35.0000 0.0000
      vertex 32.5000 -32.5000 0.0000
      vertex 32.5000 -35.0000 0.0000
    endloop
  endfacet
  facet normal 0.000000e+00 0.000000e+00 -1.000000e+00
    outer loop
      vertex 30.0000 32.5000 0.0000
      vertex 30.0000 35.0000 0.0000
      vertex 32.5000 35.0000 0.0000
    endloop
  endfacet
  facet normal 0.000000e+00 0.000000e+00 -1.000000e+00
    outer loop
      vertex 30.0000 32.5000 0.0000
      vertex 32.5000 35.0000 0.0000
      vertex 32.5000 32.5000 0.0000
    endloop
  endfacet
  facet normal 0.000000e+00 0.000000e+00 -1.000000e+00
    outer loop
      vertex 32.5000 -35.0000 0.0000
      vertex 32.5000 -32.5000 0.0000
      vertex 35.0000 -32.5000 0.0000
    endloop
  endfacet
  facet normal 0.000000e+00 0.000000e+00 -1.000000e+00
    outer loop
      vertex 32.5000 -35.0000 0.0000
      vertex 35.0000 -32.5000 0.0000
      vertex 35.0000 -35.0000 0.0000
    endloop
  endfacet
  facet normal 0.000000e+00 0.000000e+00 -1.000000e+00
    outer loop
      vertex 32.5000 -32.5000 0.0000
      vertex 32.5000 -30.0000 0.0000
      vertex 35.0000 -30.0000 0.0000
    endloop
  endfacet
  facet normal 0.000000e+00 0.000000e+00 -1.000000e+00
    outer loop
      vertex 32.5000 -32.5000 0.0000
      vertex 35.0000 -30.0000 0.0000
      vertex 35.0000 -32.5000 0.0000
    endloop
  endfacet
  facet normal 0.000000e+00 0.000000e+00 -1.000000e+00
    outer loop
      vertex 32.5000 -30.0000 0.0000
      vertex 32.5000 -27.5000 0.0000
      vertex 35.0000 -27.5000 0.0000
    endloop
  endfacet
  facet normal 0.000000e+00 0.000000e+00 -1.000000e+00
    outer loop
      vertex 32.5000 -30.0000 0.0000
      vertex 35.0000 -27.5000 0.0000
      vertex 35.0000 -30.0000 0.0000
    endloop
  endfacet
  facet normal 0.000000e+00 0.000000e+00 -1.000000e+00
    outer loop
      vertex 32.5000 -27.5000 0.0000
      vertex 32.5000 -25.0000 0.0000
      vertex 35.0000 -25.0000 0.0000
    endloop
  endfacet
  facet normal 0.000000e+00 0.000000e+00 -1.000000e+00
    outer loop
      vertex 32.5000 -27.5000 0.0000
      vertex 35.0000 -25.0000 0.0000
      vertex 35.0000 -27.5000 0.0000
    endloop
  endfacet
  facet normal 0.000000e+00 0.000000e+00 -1.000000e+00
    outer loop
      vertex 32.5000 -25.0000 0.0000
      vertex 32.5000 -22.5000 0.0000
      vertex 35.0000 -22.5000 0.0000
    endloop
  endfacet
  facet normal 0.000000e+00 0.000000e+00 -1.000000e+00
    outer loop
      vertex 32.5000 -25.0000 0.0000
      vertex 35.0000 -22.5000 0.0000
      vertex 35.0000 -25.0000 0.0000
    endloop
  endfacet
  facet normal 0.000000e+00 0.000000e+00 -1.000000e+00
    outer loop
      vertex 32.5000 -22.5000 0.0000
      vertex 32.5000 -20.0000 0.0000
      vertex 35.0000 -20.0000 0.0000
    endloop
  endfacet
  facet normal 0.000000e+00 0.000000e+00 -1.000000e+00
    outer loop
      vertex 32.5000 -22.5000 0.0000
      vertex 35.0000 -20.0000 0.0000
      vertex 35.0000 -22.5000 0.0000
    endloop
  endfacet
  facet normal 0.000000e+00 0.000000e+00 -1.000000e+00
    outer loop
      vertex 32.5000 -20.0000 0.0000
      vertex 32.5000 -17.5000 0.0000
      vertex 35.0000 -17.5000 0.0000
    endloop
  endfacet
  facet normal 0.000000e+00 0.000000e+00 -1.000000e+00
    outer loop
      vertex 32.5000 -20.0000 0.0000
      vertex 35.0000 -17.5000 0.0000
      vertex 35.0000 -20.0000 0.0000
    endloop
  endfacet
  facet normal 0.000000e+00 0.000000e+00 -1.000000e+00
    outer loop
      vertex 32.5000 -17.5000 0.0000
      vertex 32.5000 -15.0000 0.0000
      vertex 35.0000 -15.0000 0.0000
    endloop
  endfacet
  facet normal 0.000000e+00 0.000000e+00 -1.000000e+00
    outer loop
      vertex 32.5000 -17.5000 0.0000
      vertex 35.0000 -15.0000 0.0000
      vertex 35.0000 -17.5000 0.0000
    endloop
  endfacet
  facet normal 0.000000e+00 0.000000e+00 -1.000000e+00
    outer loop
      vertex 32.5000 -15.0000 0.0000
      vertex 32.5000 -12.5000 0.0000
      vertex 35.0000 -12.5000 0.0000
    endloop
  endfacet
  facet normal 0.000000e+00 0.000000e+00 -1.000000e+00
    outer loop
      vertex 32.5000 -15.0000 0.0000
      vertex 35.0000 -12.5000 0.0000
      vertex 35.0000 -15.0000 0.0000
    endloop
  endfacet
  facet normal 0.000000e+00 0.000000e+00 -1.000000e+00
    outer loop
      vertex 32.5000 -12.5000 0.0000
      vertex 32.5000 -10.0000 0.0000
      vertex 35.0000 -10.0000 0.0000
    endloop
  endfacet
  facet normal 0.000000e+00 0.000000e+00 -1.000000e+00
    outer loop
      vertex 32.5000 -12.5000 0.0000
      vertex 35.0000 -10.0000 0.0000
      vertex 35.0000 -12.5000 0.0000
    endloop
  endfacet
  facet normal 0.000000e+00 0.000000e+00 -1.000000e+00
    outer loop
      vertex 32.5000 -10.0000 0.0000
      vertex 32.5000 -7.5000 0.0000
      vertex 35.0000 -7.5000 0.0000
    endloop
  endfacet
  facet normal 0.000000e+00 0.000000e+00 -1.000000e+00
    outer loop
      vertex 32.5000 -10.0000 0.0000
      vertex 35.0000 -7.5000 0.0000
      vertex 35.0000 -10.0000 0.0000
    endloop
  endfacet
  facet normal 0.000000e+00 0.000000e+00 -1.000000e+00
    outer loop
      vertex 32.5000 -7.5000 0.0000
      vertex 32.5000 -5.0000 0.0000
      vertex 35.0000 -5.0000 0.0000
    endloop
  endfacet
  facet normal 0.000000e+00 0.000000e+00 -1.000000e+00
    outer loop
      vertex 32.5000 -7.5000 0.0000
      vertex 35.0000 -5.0000 0.0000
      vertex 35.0000 -7.5000 0.0000
    endloop
  endfacet
  facet normal 0.000000e+00 0.000000e+00 -1.000000e+00
    outer loop
      vertex 32.5000 -5.0000 0.0000
      vertex 32.5000 -2.5000 0.0000
      vertex 35.0000 -2.5000 0.0000
    endloop
  endfacet
  facet normal 0.000000e+00 0.000000e+00 -1.000000e+00
    outer loop
      vertex 32.5000 -5.0000 0.0000
      vertex 35.0000 -2.5000 0.0000
      vertex 35.0000 -5.0000 0.0000
    endloop
  endfacet
  facet normal 0.000000e+00 0.000000e+00 -1.000000e+00
    outer loop
      vertex 32.5000 -2.5000 0.0000
      vertex 32.5000 0.0000 0.0000
      vertex 35.0000 0.0000 0.0000
    endloop
  endfacet
  facet normal 0.000000e+00 0.000000e+00 -1.000000e+00
    outer loop
      vertex 32.5000 -2.5000 0.0000
      vertex 35.0000 0.0000 0.0000
      vertex 35.0000 -2.5000 0.0000
    endloop
  endfacet
  facet normal 0.000000e+00 0.000000e+00 -1.000000e+00
    outer loop
      vertex 32.5000 0.0000 0.0000
      vertex 32.5000 2.5000 0.0000
      vertex 35.0000 2.5000 0.0000
    endloop
  endfacet
  facet normal 0.000000e+00 0.000000e+00 -1.000000e+00
    outer loop
      vertex 32.5000 0.0000 0.0000
      vertex 35.0000 2.5000 0.0000
      vertex 35.0000 0.0000 0.0000
    endloop
  endfacet
  facet normal 0.000000e+00 0.000000e+00 -1.000000e+00
    outer loop
      vertex 32.5000 2.5000 0.0000
      vertex 32.5000 5.0000 0.0000
      vertex 35.0000 5.0000 0.0000
    endloop
  endfacet
  facet normal 0.000000e+00 0.000000e+00 -1.000000e+00
    outer loop
      vertex 32.5000 2.5000 0.0000
      vertex 35.0000 5.0000 0.0000
      vertex 35.0000 2.5000 0.0000
    endloop
  endfacet
  facet normal 0.000000e+00 0.000000e+00 -1.000000e+00
    outer loop
      vertex 32.5000 5.0000 0.0000
      vertex 32.5000 7.5000 0.0000
      vertex 35.0000 7.5000 0.0000
    endloop
  endfacet
  facet normal 0.000000e+00 0.000000e+00 -1.000000e+00
    outer loop
      vertex 32.5000 5.0000 0.0000
      vertex 35.0000 7.5000 0.0000
      vertex 35.0000 5.0000 0.0000
    endloop
  endfacet
  facet normal 0.000000e+00 0.000000e+00 -1.000000e+00
    outer loop
      vertex 32.5000 7.5000 0.0000
      vertex 32.5000 10.0000 0.0000
      vertex 35.0000 10.0000 0.0000
    endloop
  endfacet
  facet normal 0.000000e+00 0.000000e+00 -1.000000e+00
    outer loop
      vertex 32.5000 7.5000 0.0000
      vertex 35.0000 10.0000 0.0000
      vertex 35.0000 7.5000 0.0000
    endloop
  endfacet
  facet normal 0.000000e+00 0.000000e+00 -1.000000e+00
    outer loop
      vertex 32.5000 10.0000 0.0000
      vertex 32.5000 12.5000 0.0000
      vertex 35.0000 12.5000 0.0000
    endloop
  endfacet
  facet normal 0.000000e+00 0.000000e+00 -1.000000e+00
    outer loop
      vertex 32.5000 10.0000 0.0000
      vertex 35.0000 12.5000 0.0000
      vertex 35.0000 10.0000 0.0000
    endloop
  endfacet
  facet normal 0.000000e+00 0.000000e+00 -1.000000e+00
    outer loop
      vertex 32.5000 12.5000 0.0000
      vertex 32.5000 15.0000 0.0000
      vertex 35.0000 15.0000 0.0000
    endloop
  endfacet
  facet normal 0.000000e+00 0.000000e+00 -1.000000e+00
    outer loop
      vertex 32.5000 12.5000 0.0000
      vertex 35.0000 15.0000 0.0000
      vertex 35.0000 12.5000 0.0000
    endloop
  endfacet
  facet normal 0.000000e+00 0.000000e+00 -1.000000e+00
    outer loop
      vertex 32.5000 15.0000 0.0000
      vertex 32.5000 17.5000 0.0000
      vertex 35.0000 17.5000 0.0000
    endloop
  endfacet
  facet normal 0.000000e+00 0.000000e+00 -1.000000e+00
    outer loop
      vertex 32.5000 15.0000 0.0000
      vertex 35.0000 17.5000 0.0000
      vertex 35.0000 15.0000 0.0000
    endloop
  endfacet
  facet normal 0.000000e+00 0.000000e+00 -1.000000e+00
    outer loop
      vertex 32.5000 17.5000 0.0000
      vertex 32.5000 20.0000 0.0000
      vertex 35.0000 20.0000 0.0000
    endloop
  endfacet
  facet normal 0.000000e+00 0.000000e+00 -1.000000e+00
    outer loop
      vertex 32.5000 17.5000 0.0000
      vertex 35.0000 20.0000 0.0000
      vertex 35.0000 17.5000 0.0000
    endloop
  endfacet
  facet normal 0.000000e+00 0.000000e+00 -1.000000e+00
    outer loop
      vertex 32.5000 20.0000 0.0000
      vertex 32.5000 22.5000 0.0000
      vertex 35.0000 22.5000 0.0000
    endloop
  endfacet
  facet normal 0.000000e+00 0.000000e+00 -1.000000e+00
    outer loop
      vertex 32.5000 20.0000 0.0000
      vertex 35.0000 22.5000 0.0000
      vertex 35.0000 20.0000 0.0000
    endloop
  endfacet
  facet normal 0.000000e+00 0.000000e+00 -1.000000e+00
    outer loop
      vertex 32.5000 22.5000 0.0000
      vertex 32.5000 25.0000 0.0000
      vertex 35.0000 25.0000 0.0000
    endloop
  endfacet
  facet normal 0.000000e+00 0.000000e+00 -1.000000e+00
    outer loop
      vertex 32.5000 22.5000 0.0000
      vertex 35.0000 25.0000 0.0000
      vertex 35.0000 22.5000 0.0000
    endloop
  endfacet
  facet normal 0.000000e+00 0.000000e+00 -1.000000e+00
    outer loop
      vertex 32.5000 25.0000 0.0000
      vertex 32.5000 27.5000 0.0000
      vertex 35.0000 27.5000 0.0000
    endloop
  endfacet
  facet normal 0.000000e+00 0.000000e+00 -1.000000e+00
    outer loop
      vertex 32.5000 25.0000 0.0000
      vertex 35.0000 27.5000 0.0000
      vertex 35.0000 25.0000 0.0000
    endloop
  endfacet
  facet normal 0.000000e+00 0.000000e+00 -1.000000e+00
    outer loop
      vertex 32.5000 27.5000 0.0000
      vertex 32.5000 30.0000 0.0000
      vertex 35.0000 30.0000 0.0000
    endloop
  endfacet
  facet normal 0.000000e+00 0.000000e+00 -1.000000e+00
    outer loop
      vertex 32.5000 27.5000 0.0000
      vertex 35.0000 30.0000 0.0000
      vertex 35.0000 27.5000 0.0000
    endloop
  endfacet
  facet normal 0.000000e+00 0.000000e+00 -1.000000e+00
    outer loop
      vertex 32.5000 30.0000 0.0000
      vertex 32.5000 32.5000 0.0000
      vertex 35.0000 32.5000 0.0000
    endloop
  endfacet
  facet normal 0.000000e+00 0.000000e+00 -1.000000e+00
    outer loop
      vertex 32.5000 30.0000 0.0000
      vertex 35.0000 32.5000 0.0000
      vertex 35.0000 30.0000 0.0000
    endloop
  endfacet
  facet normal 0.000000e+00 0.000000e+00 -1.000000e+00
    outer loop
      vertex 32.5000 32.5000 0.0000
      vertex 32.5000 35.0000 0.0000
      vertex 35.0000 35.0000 0.0000
    endloop
  endfacet
  facet normal 0.000000e+00 0.000000e+00 -1.000000e+00
    outer loop
      vertex 32.5000 32.5000 0.0000
      vertex 35.0000 35.0000 0.0000
      vertex 35.0000 32.5000 0.0000
    endloop
  endfacet
  facet normal 0.000000e+00 0.000000e+00 -1.000000e+00
    outer loop
      vertex 35.0000 -35.0000 0.0000
      vertex 35.0000 -32.5000 0.0000
      vertex 37.5000 -32.5000 0.0000
    endloop
  endfacet
  facet normal 0.000000e+00 0.000000e+00 -1.000000e+00
    outer loop
      vertex 35.0000 -35.0000 0.0000
      vertex 37.5000 -32.5000 0.0000
      vertex 37.5000 -35.0000 0.0000
    endloop
  endfacet
  facet normal 0.000000e+00 0.000000e+00 -1.000000e+00
    outer loop
      vertex 35.0000 -32.5000 0.0000
      vertex 35.0000 -30.0000 0.0000
      vertex 37.5000 -30.0000 0.0000
    endloop
  endfacet
  facet normal 0.000000e+00 0.000000e+00 -1.000000e+00
    outer loop
      vertex 35.0000 -32.5000 0.0000
      vertex 37.5000 -30.0000 0.0000
      vertex 37.5000 -32.5000 0.0000
    endloop
  endfacet
  facet normal 0.000000e+00 0.000000e+00 -1.000000e+00
    outer loop
      vertex 35.0000 -30.0000 0.0000
      vertex 35.0000 -27.5000 0.0000
      vertex 37.5000 -27.5000 0.0000
    endloop
  endfacet
  facet normal 0.000000e+00 0.000000e+00 -1.000000e+00
    outer loop
      vertex 35.0000 -30.0000 0.0000
      vertex 37.5000 -27.5000 0.0000
      vertex 37.5000 -30.0000 0.0000
    endloop
  endfacet
  facet normal 0.000000e+00 0.000000e+00 -1.000000e+00
    outer loop
      vertex 35.0000 -27.5000 0.0000
      vertex 35.0000 -25.0000 0.0000
      vertex 37.5000 -25.0000 0.0000
    endloop
  endfacet
  facet normal 0.000000e+00 0.000000e+00 -1.000000e+00
    outer loop
      vertex 35.0000 -27.5000 0.0000
      vertex 37.5000 -25.0000 0.0000
      vertex 37.5000 -27.5000 0.0000
    endloop
  endfacet
  facet normal 0.000000e+00 0.000000e+00 -1.000000e+00
    outer loop
      vertex 35.0000 -25.0000 0.0000
      vertex 35.0000 -22.5000 0.0000
      vertex 37.5000 -22.5000 0.0000
    endloop
  endfacet
  facet normal 0.000000e+00 0.000000e+00 -1.000000e+00
    outer loop
      vertex 35.0000 -25.0000 0.0000
      vertex 37.5000 -22.5000 0.0000
      vertex 37.5000 -25.0000 0.0000
    endloop
  endfacet
  facet normal 0.000000e+00 0.000000e+00 -1.000000e+00
    outer loop
      vertex 35.0000 -22.5000 0.0000
      vertex 35.0000 -20.0000 0.0000
      vertex 37.5000 -20.0000 0.0000
    endloop
  endfacet
  facet normal 0.000000e+00 0.000000e+00 -1.000000e+00
    outer loop
      vertex 35.0000 -22.5000 0.0000
      vertex 37.5000 -20.0000 0.0000
      vertex 37.5000 -22.5000 0.0000
    endloop
  endfacet
  facet normal 0.000000e+00 0.000000e+00 -1.000000e+00
    outer loop
      vertex 35.0000 -20.0000 0.0000
      vertex 35.0000 -17.5000 0.0000
      vertex 37.5000 -17.5000 0.0000
    endloop
  endfacet
  facet normal 0.000000e+00 0.000000e+00 -1.000000e+00
    outer loop
      vertex 35.0000 -20.0000 0.0000
      vertex 37.5000 -17.5000 0.0000
      vertex 37.5000 -20.0000 0.0000
    endloop
  endfacet
  facet normal 0.000000e+00 0.000000e+00 -1.000000e+00
    outer loop
      vertex 35.0000 -17.5000 0.0000
      vertex 35.0000 -15.0000 0.0000
      vertex 37.5000 -15.0000 0.0000
    endloop
  endfacet
  facet normal 0.000000e+00 0.000000e+00 -1.000000e+00
    outer loop
      vertex 35.0000 -17.5000 0.0000
      vertex 37.5000 -15.0000 0.0000
      vertex 37.5000 -17.5000 0.0000
    endloop
  endfacet
  facet normal 0.000000e+00 0.000000e+00 -1.000000e+00
    outer loop
      vertex 35.0000 -15.0000 0.0000
      vertex 35.0000 -12.5000 0.0000
      vertex 37.5000 -12.5000 0.0000
    endloop
  endfacet
  facet normal 0.000000e+00 0.000000e+00 -1.000000e+00
    outer loop
      vertex 35.0000 -15.0000 0.0000
      vertex 37.5000 -12.5000 0.0000
      vertex 37.5000 -15.0000 0.0000
    endloop
  endfacet
  facet normal 0.000000e+00 0.000000e+00 -1.000000e+00
    outer loop
      vertex 35.0000 -12.5000 0.0000
      vertex 35.0000 -10.0000 0.0000
      vertex 37.5000 -10.0000 0.0000
    endloop
  endfacet
  facet normal 0.000000e+00 0.000000e+00 -1.000000e+00
    outer loop
      vertex 35.0000 -12.5000 0.0000
      vertex 37.5000 -10.0000 0.0000
      vertex 37.5000 -12.5000 0.0000
    endloop
  endfacet
  facet normal 0.000000e+00 0.000000e+00 -1.000000e+00
    outer loop
      vertex 35.0000 -10.0000 0.0000
      vertex 35.0000 -7.5000 0.0000
      vertex 37.5000 -7.5000 0.0000
    endloop
  endfacet
  facet normal 0.000000e+00 0.000000e+00 -1.000000e+00
    outer loop
      vertex 35.0000 -10.0000 0.0000
      vertex 37.5000 -7.5000 0.0000
      vertex 37.5000 -10.0000 0.0000
    endloop
  endfacet
  facet normal 0.000000e+00 0.000000e+00 -1.000000e+00
    outer loop
      vertex 35.0000 -7.5000 0.0000
      vertex 35.0000 -5.0000 0.0000
      vertex 37.5000 -5.0000 0.0000
    endloop
  endfacet
  facet normal 0.000000e+00 0.000000e+00 -1.000000e+00
    outer loop
      vertex 35.0000 -7.5000 0.0000
      vertex 37.5000 -5.0000 0.0000
      vertex 37.5000 -7.5000 0.0000
    endloop
  endfacet
  facet normal 0.000000e+00 0.000000e+00 -1.000000e+00
    outer loop
      vertex 35.0000 -5.0000 0.0000
      vertex 35.0000 -2.5000 0.0000
      vertex 37.5000 -2.5000 0.0000
    endloop
  endfacet
  facet normal 0.000000e+00 0.000000e+00 -1.000000e+00
    outer loop
      vertex 35.0000 -5.0000 0.0000
      vertex 37.5000 -2.5000 0.0000
      vertex 37.5000 -5.0000 0.0000
    endloop
  endfacet
  facet normal 0.000000e+00 0.000000e+00 -1.000000e+00
    outer loop
      vertex 35.0000 -2.5000 0.0000
      vertex 35.0000 0.0000 0.0000
      vertex 37.5000 0.0000 0.0000
    endloop
  endfacet
  facet normal 0.000000e+00 0.000000e+00 -1.000000e+00
    outer loop
      vertex 35.0000 -2.5000 0.0000
      vertex 37.5000 0.0000 0.0000
      vertex 37.5000 -2.5000 0.0000
    endloop
  endfacet
  facet normal 0.000000e+00 0.000000e+00 -1.000000e+00
    outer loop
      vertex 35.0000 0.0000 0.0000
      vertex 35.0000 2.5000 0.0000
      vertex 37.5000 2.5000 0.0000
    endloop
  endfacet
  facet normal 0.000000e+00 0.000000e+00 -1.000000e+00
    outer loop
      vertex 35.0000 0.0000 0.0000
      vertex 37.5000 2.5000 0.0000
      vertex 37.5000 0.0000 0.0000
    endloop
  endfacet
  facet normal 0.000000e+00 0.000000e+00 -1.000000e+00
    outer loop
      vertex 35.0000 2.5000 0.0000
      vertex 35.0000 5.0000 0.0000
      vertex 37.5000 5.0000 0.0000
    endloop
  endfacet
  facet normal 0.000000e+00 0.000000e+00 -1.000000e+00
    outer loop
      vertex 35.0000 2.5000 0.0000
      vertex 37.5000 5.0000 0.0000
      vertex 37.5000 2.5000 0.0000
    endloop
  endfacet
  facet normal 0.000000e+00 0.000000e+00 -1.000000e+00
    outer loop
      vertex 35.0000 5.0000 0.0000
      vertex 35.0000 7.5000 0.0000
      vertex 37.5000 7.5000 0.0000
    endloop
  endfacet
  facet normal 0.000000e+00 0.000000e+00 -1.000000e+00
    outer loop
      vertex 35.0000 5.0000 0.0000
      vertex 37.5000 7.5000 0.0000
      vertex 37.5000 5.0000 0.0000
    endloop
  endfacet
  facet normal 0.000000e+00 0.000000e+00 -1.000000e+00
    outer loop
      vertex 35.0000 7.5000 0.0000
      vertex 35.0000 10.0000 0.0000
      vertex 37.5000 10.0000 0.0000
    endloop
  endfacet
  facet normal 0.000000e+00 0.000000e+00 -1.000000e+00
    outer loop
      vertex 35.0000 7.5000 0.0000
      vertex 37.5000 10.0000 0.0000
      vertex 37.5000 7.5000 0.0000
    endloop
  endfacet
  facet normal 0.000000e+00 0.000000e+00 -1.000000e+00
    outer loop
      vertex 35.0000 10.0000 0.0000
      vertex 35.0000 12.5000 0.0000
      vertex 37.5000 12.5000 0.0000
    endloop
  endfacet
  facet normal 0.000000e+00 0.000000e+00 -1.000000e+00
    outer loop
      vertex 35.0000 10.0000 0.0000
      vertex 37.5000 12.5000 0.0000
      vertex 37.5000 10.0000 0.0000
    endloop
  endfacet
  facet normal 0.000000e+00 0.000000e+00 -1.000000e+00
    outer loop
      vertex 35.0000 12.5000 0.0000
      vertex 35.0000 15.0000 0.0000
      vertex 37.5000 15.0000 0.0000
    endloop
  endfacet
  facet normal 0.000000e+00 0.000000e+00 -1.000000e+00
    outer loop
      vertex 35.0000 12.5000 0.0000
      vertex 37.5000 15.0000 0.0000
      vertex 37.5000 12.5000 0.0000
    endloop
  endfacet
  facet normal 0.000000e+00 0.000000e+00 -1.000000e+00
    outer loop
      vertex 35.0000 15.0000 0.0000
      vertex 35.0000 17.5000 0.0000
      vertex 37.5000 17.5000 0.0000
    endloop
  endfacet
  facet normal 0.000000e+00 0.000000e+00 -1.000000e+00
    outer loop
      vertex 35.0000 15.0000 0.0000
      vertex 37.5000 17.5000 0.0000
      vertex 37.5000 15.0000 0.0000
    endloop
  endfacet
  facet normal 0.000000e+00 0.000000e+00 -1.000000e+00
    outer loop
      vertex 35.0000 17.5000 0.0000
      vertex 35.0000 20.0000 0.0000
      vertex 37.5000 20.0000 0.0000
    endloop
  endfacet
  facet normal 0.000000e+00 0.000000e+00 -1.000000e+00
    outer loop
      vertex 35.0000 17.5000 0.0000
      vertex 37.5000 20.0000 0.0000
      vertex 37.5000 17.5000 0.0000
    endloop
  endfacet
  facet normal 0.000000e+00 0.000000e+00 -1.000000e+00
    outer loop
      vertex 35.0000 20.0000 0.0000
      vertex 35.0000 22.5000 0.0000
      vertex 37.5000 22.5000 0.0000
    endloop
  endfacet
  facet normal 0.000000e+00 0.000000e+00 -1.000000e+00
    outer loop
      vertex 35.0000 20.0000 0.0000
      vertex 37.5000 22.5000 0.0000
      vertex 37.5000 20.0000 0.0000
    endloop
  endfacet
  facet normal 0.000000e+00 0.000000e+00 -1.000000e+00
    outer loop
      vertex 35.0000 22.5000 0.0000
      vertex 35.0000 25.0000 0.0000
      vertex 37.5000 25.0000 0.0000
    endloop
  endfacet
  facet normal 0.000000e+00 0.000000e+00 -1.000000e+00
    outer loop
      vertex 35.0000 22.5000 0.0000
      vertex 37.5000 25.0000 0.0000
      vertex 37.5000 22.5000 0.0000
    endloop
  endfacet
  facet normal 0.000000e+00 0.000000e+00 -1.000000e+00
    outer loop
      vertex 35.0000 25.0000 0.0000
      vertex 35.0000 27.5000 0.0000
      vertex 37.5000 27.5000 0.0000
    endloop
  endfacet
  facet normal 0.000000e+00 0.000000e+00 -1.000000e+00
    outer loop
      vertex 35.0000 25.0000 0.0000
      vertex 37.5000 27.5000 0.0000
      vertex 37.5000 25.0000 0.0000
    endloop
  endfacet
  facet normal 0.000000e+00 0.000000e+00 -1.000000e+00
    outer loop
      vertex 35.0000 27.5000 0.0000
      vertex 35.0000 30.0000 0.0000
      vertex 37.5000 30.0000 0.0000
    endloop
  endfacet
  facet normal 0.000000e+00 0.000000e+00 -1.000000e+00
    outer loop
      vertex 35.0000 27.5000 0.0000
      vertex 37.5000 30.0000 0.0000
      vertex 37.5000 27.5000 0.0000
    endloop
  endfacet
  facet normal 0.000000e+00 0.000000e+00 -1.000000e+00
    outer loop
      vertex 35.0000 30.0000 0.0000
      vertex 35.0000 32.5000 0.0000
      vertex 37.5000 32.5000 0.0000
    endloop
  endfacet
  facet normal 0.000000e+00 0.000000e+00 -1.000000e+00
    outer loop
      vertex 35.0000 30.0000 0.0000
      vertex 37.5000 32.5000 0.0000
      vertex 37.5000 30.0000 0.0000
    endloop
  endfacet
  facet normal 0.000000e+00 0.000000e+00 -1.000000e+00
    outer loop
      vertex 35.0000 32.5000 0.0000
      vertex 35.0000 35.0000 0.0000
      vertex 37.5000 35.0000 0.0000
    endloop
  endfacet
  facet normal 0.000000e+00 0.000000e+00 -1.000000e+00
    outer loop
      vertex 35.0000 32.5000 0.0000
      vertex 37.5000 35.0000 0.0000
      vertex 37.5000 32.5000 0.0000
    endloop
  endfacet
  facet normal 0.000000e+00 0.000000e+00 -1.000000e+00
    outer loop
      vertex 37.5000 -35.0000 0.0000
      vertex 37.5000 -32.5000 0.0000
      vertex 40.0000 -32.5000 0.0000
    endloop
  endfacet
  facet normal 0.000000e+00 0.000000e+00 -1.000000e+00
    outer loop
      vertex 37.5000 -35.0000 0.0000
      vertex 40.0000 -32.5000 0.0000
      vertex 40.0000 -35.0000 0.0000
    endloop
  endfacet
  facet normal 0.000000e+00 0.000000e+00 -1.000000e+00
    outer loop
      vertex 37.5000 -32.5000 0.0000
      vertex 37.5000 -30.0000 0.0000
      vertex 40.0000 -30.0000 0.0000
    endloop
  endfacet
  facet normal 0.000000e+00 0.000000e+00 -1.000000e+00
    outer loop
      vertex 37.5000 -32.5000 0.0000
      vertex 40.0000 -30.0000 0.0000
      vertex 40.0000 -32.5000 0.0000
    endloop
  endfacet
  facet normal 0.000000e+00 0.000000e+00 -1.000000e+00
    outer loop
      vertex 37.5000 -30.0000 0.0000
      vertex 37.5000 -27.5000 0.0000
      vertex 40.0000 -27.5000 0.0000
    endloop
  endfacet
  facet normal 0.000000e+00 0.000000e+00 -1.000000e+00
    outer loop
      vertex 37.5000 -30.0000 0.0000
      vertex 40.0000 -27.5000 0.0000
      vertex 40.0000 -30.0000 0.0000
    endloop
  endfacet
  facet normal 0.000000e+00 0.000000e+00 -1.000000e+00
    outer loop
      vertex 37.5000 -27.5000 0.0000
      vertex 37.5000 -25.0000 0.0000
      vertex 40.0000 -25.0000 0.0000
    endloop
  endfacet
  facet normal 0.000000e+00 0.000000e+00 -1.000000e+00
    outer loop
      vertex 37.5000 -27.5000 0.0000
      vertex 40.0000 -25.0000 0.0000
      vertex 40.0000 -27.5000 0.0000
    endloop
  endfacet
  facet normal 0.000000e+00 0.000000e+00 -1.000000e+00
    outer loop
      vertex 37.5000 -25.0000 0.0000
      vertex 37.5000 -22.5000 0.0000
      vertex 40.0000 -22.5000 0.0000
    endloop
  endfacet
  facet normal 0.000000e+00 0.000000e+00 -1.000000e+00
    outer loop
      vertex 37.5000 -25.0000 0.0000
      vertex 40.0000 -22.5000 0.0000
      vertex 40.0000 -25.0000 0.0000
    endloop
  endfacet
  facet normal 0.000000e+00 0.000000e+00 -1.000000e+00
    outer loop
      vertex 37.5000 -22.5000 0.0000
      vertex 37.5000 -20.0000 0.0000
      vertex 40.0000 -20.0000 0.0000
    endloop
  endfacet
  facet normal 0.000000e+00 0.000000e+00 -1.000000e+00
    outer loop
      vertex 37.5000 -22.5000 0.0000
      vertex 40.0000 -20.0000 0.0000
      vertex 40.0000 -22.5000 0.0000
    endloop
  endfacet
  facet normal 0.000000e+00 0.000000e+00 -1.000000e+00
    outer loop
      vertex 37.5000 -20.0000 0.0000
      vertex 37.5000 -17.5000 0.0000
      vertex 40.0000 -17.5000 0.0000
    endloop
  endfacet
  facet normal 0.000000e+00 0.000000e+00 -1.000000e+00
    outer loop
      vertex 37.5000 -20.0000 0.0000
      vertex 40.0000 -17.5000 0.0000
      vertex 40.0000 -20.0000 0.0000
    endloop
  endfacet
  facet normal 0.000000e+00 0.000000e+00 -1.000000e+00
    outer loop
      vertex 37.5000 -17.5000 0.0000
      vertex 37.5000 -15.0000 0.0000
      vertex 40.0000 -15.0000 0.0000
    endloop
  endfacet
  facet normal 0.000000e+00 0.000000e+00 -1.000000e+00
    outer loop
      vertex 37.5000 -17.5000 0.0000
      vertex 40.0000 -15.0000 0.0000
      vertex 40.0000 -17.5000 0.0000
    endloop
  endfacet
  facet normal 0.000000e+00 0.000000e+00 -1.000000e+00
    outer loop
      vertex 37.5000 -15.0000 0.0000
      vertex 37.5000 -12.5000 0.0000
      vertex 40.0000 -12.5000 0.0000
    endloop
  endfacet
  facet normal 0.000000e+00 0.000000e+00 -1.000000e+00
    outer loop
      vertex 37.5000 -15.0000 0.0000
      vertex 40.0000 -12.5000 0.0000
      vertex 40.0000 -15.0000 0.0000
    endloop
  endfacet
  facet normal 0.000000e+00 0.000000e+00 -1.000000e+00
    outer loop
      vertex 37.5000 -12.5000 0.0000
      vertex 37.5000 -10.0000 0.0000
      vertex 40.0000 -10.0000 0.0000
    endloop
  endfacet
  facet normal 0.000000e+00 0.000000e+00 -1.000000e+00
    outer loop
      vertex 37.5000 -12.5000 0.0000
      vertex 40.0000 -10.0000 0.0000
      vertex 40.0000 -12.5000 0.0000
    endloop
  endfacet
  facet normal 0.000000e+00 0.000000e+00 -1.000000e+00
    outer loop
      vertex 37.5000 -10.0000 0.0000
      vertex 37.5000 -7.5000 0.0000
      vertex 40.0000 -7.5000 0.0000
    endloop
  endfacet
  facet normal 0.000000e+00 0.000000e+00 -1.000000e+00
    outer loop
      vertex 37.5000 -10.0000 0.0000
      vertex 40.0000 -7.5000 0.0000
      vertex 40.0000 -10.0000 0.0000
    endloop
  endfacet
  facet normal 0.000000e+00 0.000000e+00 -1.000000e+00
    outer loop
      vertex 37.5000 -7.5000 0.0000
      vertex 37.5000 -5.0000 0.0000
      vertex 40.0000 -5.0000 0.0000
    endloop
  endfacet
  facet normal 0.000000e+00 0.000000e+00 -1.000000e+00
    outer loop
      vertex 37.5000 -7.5000 0.0000
      vertex 40.0000 -5.0000 0.0000
      vertex 40.0000 -7.5000 0.0000
    endloop
  endfacet
  facet normal 0.000000e+00 0.000000e+00 -1.000000e+00
    outer loop
      vertex 37.5000 -5.0000 0.0000
      vertex 37.5000 -2.5000 0.0000
      vertex 40.0000 -2.5000 0.0000
    endloop
  endfacet
  facet normal 0.000000e+00 0.000000e+00 -1.000000e+00
    outer loop
      vertex 37.5000 -5.0000 0.0000
      vertex 40.0000 -2.5000 0.0000
      vertex 40.0000 -5.0000 0.0000
    endloop
  endfacet
  facet normal 0.000000e+00 0.000000e+00 -1.000000e+00
    outer loop
      vertex 37.5000 -2.5000 0.0000
      vertex 37.5000 0.0000 0.0000
      vertex 40.0000 0.0000 0.0000
    endloop
  endfacet
  facet normal 0.000000e+00 0.000000e+00 -1.000000e+00
    outer loop
      vertex 37.5000 -2.5000 0.0000
      vertex 40.0000 0.0000 0.0000
      vertex 40.0000 -2.5000 0.0000
    endloop
  endfacet
  facet normal 0.000000e+00 0.000000e+00 -1.000000e+00
    outer loop
      vertex 37.5000 0.0000 0.0000
      vertex 37.5000 2.5000 0.0000
      vertex 40.0000 2.5000 0.0000
    endloop
  endfacet
  facet normal 0.000000e+00 0.000000e+00 -1.000000e+00
    outer loop
      vertex 37.5000 0.0000 0.0000
      vertex 40.0000 2.5000 0.0000
      vertex 40.0000 0.0000 0.0000
    endloop
  endfacet
  facet normal 0.000000e+00 0.000000e+00 -1.000000e+00
    outer loop
      vertex 37.5000 2.5000 0.0000
      vertex 37.5000 5.0000 0.0000
      vertex 40.0000 5.0000 0.0000
    endloop
  endfacet
  facet normal 0.000000e+00 0.000000e+00 -1.000000e+00
    outer loop
      vertex 37.5000 2.5000 0.0000
      vertex 40.0000 5.0000 0.0000
      vertex 40.0000 2.5000 0.0000
    endloop
  endfacet
  facet normal 0.000000e+00 0.000000e+00 -1.000000e+00
    outer loop
      vertex 37.5000 5.0000 0.0000
      vertex 37.5000 7.5000 0.0000
      vertex 40.0000 7.5000 0.0000
    endloop
  endfacet
  facet normal 0.000000e+00 0.000000e+00 -1.000000e+00
    outer loop
      vertex 37.5000 5.0000 0.0000
      vertex 40.0000 7.5000 0.0000
      vertex 40.0000 5.0000 0.0000
    endloop
  endfacet
  facet normal 0.000000e+00 0.000000e+00 -1.000000e+00
    outer loop
      vertex 37.5000 7.5000 0.0000
      vertex 37.5000 10.0000 0.0000
      vertex 40.0000 10.0000 0.0000
    endloop
  endfacet
  facet normal 0.000000e+00 0.000000e+00 -1.000000e+00
    outer loop
      vertex 37.5000 7.5000 0.0000
      vertex 40.0000 10.0000 0.0000
      vertex 40.0000 7.5000 0.0000
    endloop
  endfacet
  facet normal 0.000000e+00 0.000000e+00 -1.000000e+00
    outer loop
      vertex 37.5000 10.0000 0.0000
      vertex 37.5000 12.5000 0.0000
      vertex 40.0000 12.5000 0.0000
    endloop
  endfacet
  facet normal 0.000000e+00 0.000000e+00 -1.000000e+00
    outer loop
      vertex 37.5000 10.0000 0.0000
      vertex 40.0000 12.5000 0.0000
      vertex 40.0000 10.0000 0.0000
    endloop
  endfacet
  facet normal 0.000000e+00 0.000000e+00 -1.000000e+00
    outer loop
      vertex 37.5000 12.5000 0.0000
      vertex 37.5000 15.0000 0.0000
      vertex 40.0000 15.0000 0.0000
    endloop
  endfacet
  facet normal 0.000000e+00 0.000000e+00 -1.000000e+00
    outer loop
      vertex 37.5000 12.5000 0.0000
      vertex 40.0000 15.0000 0.0000
      vertex 40.0000 12.5000 0.0000
    endloop
  endfacet
  facet normal 0.000000e+00 0.000000e+00 -1.000000e+00
    outer loop
      vertex 37.5000 15.0000 0.0000
      vertex 37.5000 17.5000 0.0000
      vertex 40.0000 17.5000 0.0000
    endloop
  endfacet
  facet normal 0.000000e+00 0.000000e+00 -1.000000e+00
    outer loop
      vertex 37.5000 15.0000 0.0000
      vertex 40.0000 17.5000 0.0000
      vertex 40.0000 15.0000 0.0000
    endloop
  endfacet
  facet normal 0.000000e+00 0.000000e+00 -1.000000e+00
    outer loop
      vertex 37.5000 17.5000 0.0000
      vertex 37.5000 20.0000 0.0000
      vertex 40.0000 20.0000 0.0000
    endloop
  endfacet
  facet normal 0.000000e+00 0.000000e+00 -1.000000e+00
    outer loop
      vertex 37.5000 17.5000 0.0000
      vertex 40.0000 20.0000 0.0000
      vertex 40.0000 17.5000 0.0000
    endloop
  endfacet
  facet normal 0.000000e+00 0.000000e+00 -1.000000e+00
    outer loop
      vertex 37.5000 20.0000 0.0000
      vertex 37.5000 22.5000 0.0000
      vertex 40.0000 22.5000 0.0000
    endloop
  endfacet
  facet normal 0.000000e+00 0.000000e+00 -1.000000e+00
    outer loop
      vertex 37.5000 20.0000 0.0000
      vertex 40.0000 22.5000 0.0000
      vertex 40.0000 20.0000 0.0000
    endloop
  endfacet
  facet normal 0.000000e+00 0.000000e+00 -1.000000e+00
    outer loop
      vertex 37.5000 22.5000 0.0000
      vertex 37.5000 25.0000 0.0000
      vertex 40.0000 25.0000 0.0000
    endloop
  endfacet
  facet normal 0.000000e+00 0.000000e+00 -1.000000e+00
    outer loop
      vertex 37.5000 22.5000 0.0000
      vertex 40.0000 25.0000 0.0000
      vertex 40.0000 22.5000 0.0000
    endloop
  endfacet
  facet normal 0.000000e+00 0.000000e+00 -1.000000e+00
    outer loop
      vertex 37.5000 25.0000 0.0000
      vertex 37.5000 27.5000 0.0000
      vertex 40.0000 27.5000 0.0000
    endloop
  endfacet
  facet normal 0.000000e+00 0.000000e+00 -1.000000e+00
    outer loop
      vertex 37.5000 25.0000 0.0000
      vertex 40.0000 27.5000 0.0000
      vertex 40.0000 25.0000 0.0000
    endloop
  endfacet
  facet normal 0.000000e+00 0.000000e+00 -1.000000e+00
    outer loop
      vertex 37.5000 27.5000 0.0000
      vertex 37.5000 30.0000 0.0000
      vertex 40.0000 30.0000 0.0000
    endloop
  endfacet
  facet normal 0.000000e+00 0.000000e+00 -1.000000e+00
    outer loop
      vertex 37.5000 27.5000 0.0000
      vertex 40.0000 30.0000 0.0000
      vertex 40.0000 27.5000 0.0000
    endloop
  endfacet
  facet normal 0.000000e+00 0.000000e+00 -1.000000e+00
    outer loop
      vertex 37.5000 30.0000 0.0000
      vertex 37.5000 32.5000 0.0000
      vertex 40.0000 32.5000 0.0000
    endloop
  endfacet
  facet normal 0.000000e+00 0.000000e+00 -1.000000e+00
    outer loop
      vertex 37.5000 30.0000 0.0000
      vertex 40.0000 32.5000 0.0000
      vertex 40.0000 30.0000 0.0000
    endloop
  endfacet
  facet normal 0.000000e+00 0.000000e+00 -1.000000e+00
    outer loop
      vertex 37.5000 32.5000 0.0000
      vertex 37.5000 35.0000 0.0000
      vertex 40.0000 35.0000 0.0000
    endloop
  endfacet
  facet normal 0.000000e+00 0.000000e+00 -1.000000e+00
    outer loop
      vertex 37.5000 32.5000 0.0000
      vertex 40.0000 35.0000 0.0000
      vertex 40.0000 32.5000 0.0000
    endloop
  endfacet
  facet normal -9.238795e-01 -3.826834e-01 0.000000e+00
    outer loop
      vertex -28.4000 -30.0000 0.0000
      vertex -28.4000 -30.0000 20.0000
      vertex -28.8686 -28.8686 20.0000
    endloop
  endfacet
  facet normal -9.238795e-01 -3.826834e-01 0.000000e+00
    outer loop
      vertex -28.4000 -30.0000 0.0000
      vertex -28.8686 -28.8686 20.0000
      vertex -28.8686 -28.8686 0.0000
    endloop
  endfacet
  facet normal -3.826834e-01 -9.238795e-01 0.000000e+00
    outer loop
      vertex -28.8686 -28.8686 0.0000
      vertex -28.8686 -28.8686 20.0000
      vertex -30.0000 -28.4000 20.0000
    endloop
  endfacet
  facet normal -3.826834e-01 -9.238795e-01 0.000000e+00
    outer loop
      vertex -28.8686 -28.8686 0.0000
      vertex -30.0000 -28.4000 20.0000
      vertex -30.0000 -28.4000 0.0000
    endloop
  endfacet
  facet normal 3.826834e-01 -9.238795e-01 0.000000e+00
    outer loop
      vertex -30.0000 -28.4000 0.0000
      vertex -30.0000 -28.4000 20.0000
      vertex -31.1314 -28.8686 20.0000
    endloop
  endfacet
  facet normal 3.826834e-01 -9.238795e-01 0.000000e+00
    outer loop
      vertex -30.0000 -28.4000 0.0000
      vertex -31.1314 -28.8686 20.0000
      vertex -31.1314 -28.8686 0.0000
    endloop
  endfacet
  facet normal 9.238795e-01 -3.826834e-01 0.000000e+00
    outer loop
      vertex -31.1314 -28.8686 0.0000
      vertex -31.1314 -28.8686 20.0000
      vertex -31.6000 -30.0000 20.0000
    endloop
  endfacet
  facet normal 9.238795e-01 -3.826834e-01 0.000000e+00
    outer loop
      vertex -31.1314 -28.8686 0.0000
      vertex -31.6000 -30.0000 20.0000
      vertex -31.6000 -30.0000 0.0000
    endloop
  endfacet
  facet normal 9.238795e-01 3.826834e-01 -0.000000e+00
    outer loop
      vertex -31.6000 -30.0000 0.0000
      vertex -31.6000 -30.0000 20.0000
      vertex -31.1314 -31.1314 20.0000
    endloop
  endfacet
  facet normal 9.238795e-01 3.826834e-01 0.000000e+00
    outer loop
      vertex -31.6000 -30.0000 0.0000
      vertex -31.1314 -31.1314 20.0000
      vertex -31.1314 -31.1314 0.0000
    endloop
  endfacet
  facet normal 3.826834e-01 9.238795e-01 -0.000000e+00
    outer loop
      vertex -31.1314 -31.1314 0.0000
      vertex -31.1314 -31.1314 20.0000
      vertex -30.0000 -31.6000 20.0000
    endloop
  endfacet
  facet normal 3.826834e-01 9.238795e-01 0.000000e+00
    outer loop
      vertex -31.1314 -31.1314 0.0000
      vertex -30.0000 -31.6000 20.0000
      vertex -30.0000 -31.6000 0.0000
    endloop
  endfacet
  facet normal -3.826834e-01 9.238795e-01 0.000000e+00
    outer loop
      vertex -30.0000 -31.6000 0.0000
      vertex -30.0000 -31.6000 20.0000
      vertex -28.8686 -31.1314 20.0000
    endloop
  endfacet
  facet normal -3.826834e-01 9.238795e-01 0.000000e+00
    outer loop
      vertex -30.0000 -31.6000 0.0000
      vertex -28.8686 -31.1314 20.0000
      vertex -28.8686 -31.1314 0.0000
    endloop
  endfacet
  facet normal -9.238795e-01 3.826834e-01 0.000000e+00
    outer loop
      vertex -28.8686 -31.1314 0.0000
      vertex -28.8686 -31.1314 20.0000
      vertex -28.4000 -30.0000 20.0000
    endloop
  endfacet
  facet normal -9.238795e-01 3.826834e-01 0.000000e+00
    outer loop
      vertex -28.8686 -31.1314 0.0000
      vertex -28.4000 -30.0000 20.0000
      vertex -28.4000 -30.0000 0.0000
    endloop
  endfacet
  facet normal -9.238795e-01 -3.826834e-01 0.000000e+00
    outer loop
      vertex -28.4000 -25.0000 0.0000
      vertex -28.4000 -25.0000 20.0000
      vertex -28.8686 -23.8686 20.0000
    endloop
  endfacet
  facet normal -9.238795e-01 -3.826834e-01 0.000000e+00
    outer loop
      vertex -28.4000 -25.0000 0.0000
      vertex -28.8686 -23.8686 20.0000
      vertex -28.8686 -23.8686 0.0000
    endloop
  endfacet
  facet normal -3.826834e-01 -9.238795e-01 0.000000e+00
    outer loop
      vertex -28.8686 -23.8686 0.0000
      vertex -28.8686 -23.8686 20.0000
      vertex -30.0000 -23.4000 20.0000
    endloop
  endfacet
  facet normal -3.826834e-01 -9.238795e-01 0.000000e+00
    outer loop
      vertex -28.8686 -23.8686 0.0000
      vertex -30.0000 -23.4000 20.0000
      vertex -30.0000 -23.4000 0.0000
    endloop
  endfacet
  facet normal 3.826834e-01 -9.238795e-01 0.000000e+00
    outer loop
      vertex -30.0000 -23.4000 0.0000
      vertex -30.0000 -23.4000 20.0000
      vertex -31.1314 -23.8686 20.0000
    endloop
  endfacet
  facet normal 3.826834e-01 -9.238795e-01 0.000000e+00
    outer loop
      vertex -30.0000 -23.4000 0.0000
      vertex -31.1314 -23.8686 20.0000
      vertex -31.1314 -23.8686 0.0000
    endloop
  endfacet
  facet normal 9.238795e-01 -3.826834e-01 0.000000e+00
    outer loop
      vertex -31.1314 -23.8686 0.0000
      vertex -31.1314 -23.8686 20.0000
      vertex -31.6000 -25.0000 20.0000
    endloop
  endfacet
  facet normal 9.238795e-01 -3.826834e-01 0.000000e+00
    outer loop
      vertex -31.1314 -23.8686 0.0000
      vertex -31.6000 -25.0000 20.0000
      vertex -31.6000 -25.0000 0.0000
    endloop
  endfacet
  facet normal 9.238795e-01 3.826834e-01 -0.000000e+00
    outer loop
      vertex -31.6000 -25.0000 0.0000
      vertex -31.6000 -25.0000 20.0000
      vertex -31.1314 -26.1314 20.0000
    endloop
  endfacet
  facet normal 9.238795e-01 3.826834e-01 0.000000e+00
    outer loop
      vertex -31.6000 -25.0000 0.0000
      vertex -31.1314 -26.1314 20.0000
      vertex -31.1314 -26.1314 0.0000
    endloop
  endfacet
  facet normal 3.826834e-01 9.238795e-01 -0.000000e+00
    outer loop
      vertex -31.1314 -26.1314 0.0000
      vertex -31.1314 -26.1314 20.0000
      vertex -30.0000 -26.6000 20.0000
    endloop
  endfacet
  facet normal 3.826834e-01 9.238795e-01 0.000000e+00
    outer loop
      vertex -31.1314 -26.1314 0.0000
      vertex -30.0000 -26.6000 20.0000
      vertex -30.0000 -26.6000 0.0000
    endloop
  endfacet
  facet normal -3.826834e-01 9.238795e-01 0.000000e+00
    outer loop
      vertex -30.0000 -26.6000 0.0000
      vertex -30.0000 -26.6000 20.0000
      vertex -28.8686 -26.1314 20.0000
    endloop
  endfacet
  facet normal -3.826834e-01 9.238795e-01 0.000000e+00
    outer loop
      vertex -30.0000 -26.6000 0.0000
      vertex -28.8686 -26.1314 20.0000
      vertex -28.8686 -26.1314 0.0000
    endloop
  endfacet
  facet normal -9.238795e-01 3.826834e-01 0.000000e+00
    outer loop
      vertex -28.8686 -26.1314 0.0000
      vertex -28.8686 -26.1314 20.0000
      vertex -28.4000 -25.0000 20.0000
    endloop
  endfacet
  facet normal -9.238795e-01 3.826834e-01 0.000000e+00
    outer loop
      vertex -28.8686 -26.1314 0.0000
      vertex -28.4000 -25.0000 20.0000
      vertex -28.4000 -25.0000 0.0000
    endloop
  endfacet
  facet normal -9.238795e-01 -3.826834e-01 0.000000e+00
    outer loop
      vertex -28.4000 -20.0000 0.0000
      vertex -28.4000 -20.0000 20.0000
      vertex -28.8686 -18.8686 20.0000
    endloop
  endfacet
  facet normal -9.238795e-01 -3.826834e-01 0.000000e+00
    outer loop
      vertex -28.4000 -20.0000 0.0000
      vertex -28.8686 -18.8686 20.0000
      vertex -28.8686 -18.8686 0.0000
    endloop
  endfacet
  facet normal -3.826834e-01 -9.238795e-01 0.000000e+00
    outer loop
      vertex -28.8686 -18.8686 0.0000
      vertex -28.8686 -18.8686 20.0000
      vertex -30.0000 -18.4000 20.0000
    endloop
  endfacet
  facet normal -3.826834e-01 -9.238795e-01 0.000000e+00
    outer loop
      vertex -28.8686 -18.8686 0.0000
      vertex -30.0000 -18.4000 20.0000
      vertex -30.0000 -18.4000 0.0000
    endloop
  endfacet
  facet normal 3.826834e-01 -9.238795e-01 0.000000e+00
    outer loop
      vertex -30.0000 -18.4000 0.0000
      vertex -30.0000 -18.4000 20.0000
      vertex -31.1314 -18.8686 20.0000
    endloop
  endfacet
  facet normal 3.826834e-01 -9.238795e-01 0.000000e+00
    outer loop
      vertex -30.0000 -18.4000 0.0000
      vertex -31.1314 -18.8686 20.0000
      vertex -31.1314 -18.8686 0.0000
    endloop
  endfacet
  facet normal 9.238795e-01 -3.826834e-01 0.000000e+00
    outer loop
      vertex -31.1314 -18.8686 0.0000
      vertex -31.1314 -18.8686 20.0000
      vertex -31.6000 -20.0000 20.0000
    endloop
  endfacet
  facet normal 9.238795e-01 -3.826834e-01 0.000000e+00
    outer loop
      vertex -31.1314 -18.8686 0.0000
      vertex -31.6000 -20.0000 20.0000
      vertex -31.6000 -20.0000 0.0000
    endloop
  endfacet
  facet normal 9.238795e-01 3.826834e-01 -0.000000e+00
    outer loop
      vertex -31.6000 -20.0000 0.0000
      vertex -31.6000 -20.0000 20.0000
      vertex -31.1314 -21.1314 20.0000
    endloop
  endfacet
  facet normal 9.238795e-01 3.826834e-01 0.000000e+00
    outer loop
      vertex -31.6000 -20.0000 0.0000
      vertex -31.1314 -21.1314 20.0000
      vertex -31.1314 -21.1314 0.0000
    endloop
  endfacet
  facet normal 3.826834e-01 9.238795e-01 -0.000000e+00
    outer loop
      vertex -31.1314 -21.1314 0.0000
      vertex -31.1314 -21.1314 20.0000
      vertex -30.0000 -21.6000 20.0000
    endloop
  endfacet
  facet normal 3.826834e-01 9.238795e-01 0.000000e+00
    outer loop
      vertex -31.1314 -21.1314 0.0000
      vertex -30.0000 -21.6000 20.0000
      vertex -30.0000 -21.6000 0.0000
    endloop
  endfacet
  facet normal -3.826834e-01 9.238795e-01 0.000000e+00
    outer loop
      vertex -30.0000 -21.6000 0.0000
      vertex -30.0000 -21.6000 20.0000
      vertex -28.8686 -21.1314 20.0000
    endloop
  endfacet
  facet normal -3.826834e-01 9.238795e-01 0.000000e+00
    outer loop
      vertex -30.0000 -21.6000 0.0000
      vertex -28.8686 -21.1314 20.0000
      vertex -28.8686 -21.1314 0.0000
    endloop
  endfacet
  facet normal -9.238795e-01 3.826834e-01 0.000000e+00
    outer loop
      vertex -28.8686 -21.1314 0.0000
      vertex -28.8686 -21.1314 20.0000
      vertex -28.4000 -20.0000 20.0000
    endloop
  endfacet
  facet normal -9.238795e-01 3.826834e-01 0.000000e+00
    outer loop
      vertex -28.8686 -21.1314 0.0000
      vertex -28.4000 -20.0000 20.0000
      vertex -28.4000 -20.0000 0.0000
    endloop
  endfacet
  facet normal -9.238795e-01 -3.826834e-01 0.000000e+00
    outer loop
      vertex -28.4000 -15.0000 0.0000
      vertex -28.4000 -15.0000 20.0000
      vertex -28.8686 -13.8686 20.0000
    endloop
  endfacet
  facet normal -9.238795e-01 -3.826834e-01 0.000000e+00
    outer loop
      vertex -28.4000 -15.0000 0.0000
      vertex -28.8686 -13.8686 20.0000
      vertex -28.8686 -13.8686 0.0000
    endloop
  endfacet
  facet normal -3.826834e-01 -9.238795e-01 0.000000e+00
    outer loop
      vertex -28.8686 -13.8686 0.0000
      vertex -28.8686 -13.8686 20.0000
      vertex -30.0000 -13.4000 20.0000
    endloop
  endfacet
  facet normal -3.826834e-01 -9.238795e-01 0.000000e+00
    outer loop
      vertex -28.8686 -13.8686 0.0000
      vertex -30.0000 -13.4000 20.0000
      vertex -30.0000 -13.4000 0.0000
    endloop
  endfacet
  facet normal 3.826834e-01 -9.238795e-01 0.000000e+00
    outer loop
      vertex -30.0000 -13.4000 0.0000
      vertex -30.0000 -13.4000 20.0000
      vertex -31.1314 -13.8686 20.0000
    endloop
  endfacet
  facet normal 3.826834e-01 -9.238795e-01 0.000000e+00
    outer loop
      vertex -30.0000 -13.4000 0.0000
      vertex -31.1314 -13.8686 20.0000
      vertex -31.1314 -13.8686 0.0000
    endloop
  endfacet
  facet normal 9.238795e-01 -3.826834e-01 0.000000e+00
    outer loop
      vertex -31.1314 -13.8686 0.0000
      vertex -31.1314 -13.8686 20.0000
      vertex -31.6000 -15.0000 20.0000
    endloop
  endfacet
  facet normal 9.238795e-01 -3.826834e-01 0.000000e+00
    outer loop
      vertex -31.1314 -13.8686 0.0000
      vertex -31.6000 -15.0000 20.0000
      vertex -31.6000 -15.0000 0.0000
    endloop
  endfacet
  facet normal 9.238795e-01 3.826834e-01 -0.000000e+00
    outer loop
      vertex -31.6000 -15.0000 0.0000
      vertex -31.6000 -15.0000 20.0000
      vertex -31.1314 -16.1314 20.0000
    endloop
  endfacet
  facet normal 9.238795e-01 3.826834e-01 0.000000e+00
    outer loop
      vertex -31.6000 -15.0000 0.0000
      vertex -31.1314 -16.1314 20.0000
      vertex -31.1314 -16.1314 0.0000
    endloop
  endfacet
  facet normal 3.826834e-01 9.238795e-01 -0.000000e+00
    outer loop
      vertex -31.1314 -16.1314 0.0000
      vertex -31.1314 -16.1314 20.0000
      vertex -30.0000 -16.6000 20.0000
    endloop
  endfacet
  facet normal 3.826834e-01 9.238795e-01 0.000000e+00
    outer loop
      vertex -31.1314 -16.1314 0.0000
      vertex -30.0000 -16.6000 20.0000
      vertex -30.0000 -16.6000 0.0000
    endloop
  endfacet
  facet normal -3.826834e-01 9.238795e-01 0.000000e+00
    outer loop
      vertex -30.0000 -16.6000 0.0000
      vertex -30.0000 -16.6000 20.0000
      vertex -28.8686 -16.1314 20.0000
    endloop
  endfacet
  facet normal -3.826834e-01 9.238795e-01 0.000000e+00
    outer loop
      vertex -30.0000 -16.6000 0.0000
      vertex -28.8686 -16.1314 20.0000
      vertex -28.8686 -16.1314 0.0000
    endloop
  endfacet
  facet normal -9.238795e-01 3.826834e-01 0.000000e+00
    outer loop
      vertex -28.8686 -16.1314 0.0000
      vertex -28.8686 -16.1314 20.0000
      vertex -28.4000 -15.0000 20.0000
    endloop
  endfacet
  facet normal -9.238795e-01 3.826834e-01 0.000000e+00
    outer loop
      vertex -28.8686 -16.1314 0.0000
      vertex -28.4000 -15.0000 20.0000
      vertex -28.4000 -15.0000 0.0000
    endloop
  endfacet
  facet normal -9.238795e-01 -3.826834e-01 0.000000e+00
    outer loop
      vertex -28.4000 -10.0000 0.0000
      vertex -28.4000 -10.0000 20.0000
      vertex -28.8686 -8.8686 20.0000
    endloop
  endfacet
  facet normal -9.238795e-01 -3.826834e-01 0.000000e+00
    outer loop
      vertex -28.4000 -10.0000 0.0000
      vertex -28.8686 -8.8686 20.0000
      vertex -28.8686 -8.8686 0.0000
    endloop
  endfacet
  facet normal -3.826834e-01 -9.238795e-01 0.000000e+00
    outer loop
      vertex -28.8686 -8.8686 0.0000
      vertex -28.8686 -8.8686 20.0000
      vertex -30.0000 -8.4000 20.0000
    endloop
  endfacet
  facet normal -3.826834e-01 -9.238795e-01 0.000000e+00
    outer loop
      vertex -28.8686 -8.8686 0.0000
      vertex -30.0000 -8.4000 20.0000
      vertex -30.0000 -8.4000 0.0000
    endloop
  endfacet
  facet normal 3.826834e-01 -9.238795e-01 0.000000e+00
    outer loop
      vertex -30.0000 -8.4000 0.0000
      vertex -30.0000 -8.4000 20.0000
      vertex -31.1314 -8.8686 20.0000
    endloop
  endfacet
  facet normal 3.826834e-01 -9.238795e-01 0.000000e+00
    outer loop
      vertex -30.0000 -8.4000 0.0000
      vertex -31.1314 -8.8686 20.0000
      vertex -31.1314 -8.8686 0.0000
    endloop
  endfacet
  facet normal 9.238795e-01 -3.826834e-01 0.000000e+00
    outer loop
      vertex -31.1314 -8.8686 0.0000
      vertex -31.1314 -8.8686 20.0000
      vertex -31.6000 -10.0000 20.0000
    endloop
  endfacet
  facet normal 9.238795e-01 -3.826834e-01 0.000000e+00
    outer loop
      vertex -31.1314 -8.8686 0.0000
      vertex -31.6000 -10.0000 20.0000
      vertex -31.6000 -10.0000 0.0000
    endloop
  endfacet
  facet normal 9.238795e-01 3.826834e-01 -0.000000e+00
    outer loop
      vertex -31.6000 -10.0000 0.0000
      vertex -31.6000 -10.0000 20.0000
      vertex -31.1314 -11.1314 20.0000
    endloop
  endfacet
  facet normal 9.238795e-01 3.826834e-01 0.000000e+00
    outer loop
      vertex -31.6000 -10.0000 0.0000
      vertex -31.1314 -11.1314 20.0000
      vertex -31.1314 -11.1314 0.0000
    endloop
  endfacet
  facet normal 3.826834e-01 9.238795e-01 -0.000000e+00
    outer loop
      vertex -31.1314 -11.1314 0.0000
      vertex -31.1314 -11.1314 20.0000
      vertex -30.0000 -11.6000 20.0000
    endloop
  endfacet
  facet normal 3.826834e-01 9.238795e-01 0.000000e+00
    outer loop
      vertex -31.1314 -11.1314 0.0000
      vertex -30.0000 -11.6000 20.0000
      vertex -30.0000 -11.6000 0.0000
    endloop
  endfacet
  facet normal -3.826834e-01 9.238795e-01 0.000000e+00
    outer loop
      vertex -30.0000 -11.6000 0.0000
      vertex -30.0000 -11.6000 20.0000
      vertex -28.8686 -11.1314 20.0000
    endloop
  endfacet
  facet normal -3.826834e-01 9.238795e-01 0.000000e+00
    outer loop
      vertex -30.0000 -11.6000 0.0000
      vertex -28.8686 -11.1314 20.0000
      vertex -28.8686 -11.1314 0.0000
    endloop
  endfacet
  facet normal -9.238795e-01 3.826834e-01 0.000000e+00
    outer loop
      vertex -28.8686 -11.1314 0.0000
      vertex -28.8686 -11.1314 20.0000
      vertex -28.4000 -10.0000 20.0000
    endloop
  endfacet
  facet normal -9.238795e-01 3.826834e-01 0.000000e+00
    outer loop
      vertex -28.8686 -11.1314 0.0000
      vertex -28.4000 -10.0000 20.0000
      vertex -28.4000 -10.0000 0.0000
    endloop
  endfacet
  facet normal -9.238795e-01 -3.826834e-01 0.000000e+00
    outer loop
      vertex -28.4000 -5.0000 0.0000
      vertex -28.4000 -5.0000 20.0000
      vertex -28.8686 -3.8686 20.0000
    endloop
  endfacet
  facet normal -9.238795e-01 -3.826834e-01 0.000000e+00
    outer loop
      vertex -28.4000 -5.0000 0.0000
      vertex -28.8686 -3.8686 20.0000
      vertex -28.8686 -3.8686 0.0000
    endloop
  endfacet
  facet normal -3.826834e-01 -9.238795e-01 0.000000e+00
    outer loop
      vertex -28.8686 -3.8686 0.0000
      vertex -28.8686 -3.8686 20.0000
      vertex -30.0000 -3.4000 20.0000
    endloop
  endfacet
  facet normal -3.826834e-01 -9.238795e-01 0.000000e+00
    outer loop
      vertex -28.8686 -3.8686 0.0000
      vertex -30.0000 -3.4000 20.0000
      vertex -30.0000 -3.4000 0.0000
    endloop
  endfacet
  facet normal 3.826834e-01 -9.238795e-01 0.000000e+00
    outer loop
      vertex -30.0000 -3.4000 0.0000
      vertex -30.0000 -3.4000 20.0000
      vertex -31.1314 -3.8686 20.0000
    endloop
  endfacet
  facet normal 3.826834e-01 -9.238795e-01 0.000000e+00
    outer loop
      vertex -30.0000 -3.4000 0.0000
      vertex -31.1314 -3.8686 20.0000
      vertex -31.1314 -3.8686 0.0000
    endloop
  endfacet
  facet normal 9.238795e-01 -3.826834e-01 0.000000e+00
    outer loop
      vertex -31.1314 -3.8686 0.0000
      vertex -31.1314 -3.8686 20.0000
      vertex -31.6000 -5.0000 20.0000
    endloop
  endfacet
  facet normal 9.238795e-01 -3.826834e-01 0.000000e+00
    outer loop
      vertex -31.1314 -3.8686 0.0000
      vertex -31.6000 -5.0000 20.0000
      vertex -31.6000 -5.0000 0.0000
    endloop
  endfacet
  facet normal 9.238795e-01 3.826834e-01 -0.000000e+00
    outer loop
      vertex -31.6000 -5.0000 0.0000
      vertex -31.6000 -5.0000 20.0000
      vertex -31.1314 -6.1314 20.0000
    endloop
  endfacet
  facet normal 9.238795e-01 3.826834e-01 0.000000e+00
    outer loop
      vertex -31.6000 -5.0000 0.0000
      vertex -31.1314 -6.1314 20.0000
      vertex -31.1314 -6.1314 0.0000
    endloop
  endfacet
  facet normal 3.826834e-01 9.238795e-01 -0.000000e+00
    outer loop
      vertex -31.1314 -6.1314 0.0000
      vertex -31.1314 -6.1314 20.0000
      vertex -30.0000 -6.6000 20.0000
    endloop
  endfacet
  facet normal 3.826834e-01 9.238795e-01 0.000000e+00
    outer loop
      vertex -31.1314 -6.1314 0.0000
      vertex -30.0000 -6.6000 20.0000
      vertex -30.0000 -6.6000 0.0000
    endloop
  endfacet
  facet normal -3.826834e-01 9.238795e-01 0.000000e+00
    outer loop
      vertex -30.0000 -6.6000 0.0000
      vertex -30.0000 -6.6000 20.0000
      vertex -28.8686 -6.1314 20.0000
    endloop
  endfacet
  facet normal -3.826834e-01 9.238795e-01 0.000000e+00
    outer loop
      vertex -30.0000 -6.6000 0.0000
      vertex -28.8686 -6.1314 20.0000
      vertex -28.8686 -6.1314 0.0000
    endloop
  endfacet
  facet normal -9.238795e-01 3.826834e-01 0.000000e+00
    outer loop
      vertex -28.8686 -6.1314 0.0000
      vertex -28.8686 -6.1314 20.0000
      vertex -28.4000 -5.0000 20.0000
    endloop
  endfacet
  facet normal -9.238795e-01 3.826834e-01 0.000000e+00
    outer loop
      vertex -28.8686 -6.1314 0.0000
      vertex -28.4000 -5.0000 20.0000
      vertex -28.4000 -5.0000 0.0000
    endloop
  endfacet
  facet normal -9.238795e-01 -3.826834e-01 0.000000e+00
    outer loop
      vertex -28.4000 0.0000 0.0000
      vertex -28.4000 0.0000 20.0000
      vertex -28.8686 1.1314 20.0000
    endloop
  endfacet
  facet normal -9.238795e-01 -3.826834e-01 0.000000e+00
    outer loop
      vertex -28.4000 0.0000 0.0000
      vertex -28.8686 1.1314 20.0000
      vertex -28.8686 1.1314 0.0000
    endloop
  endfacet
  facet normal -3.826834e-01 -9.238795e-01 0.000000e+00
    outer loop
      vertex -28.8686 1.1314 0.0000
      vertex -28.8686 1.1314 20.0000
      vertex -30.0000 1.6000 20.0000
    endloop
  endfacet
  facet normal -3.826834e-01 -9.238795e-01 0.000000e+00
    outer loop
      vertex -28.8686 1.1314 0.0000
      vertex -30.0000 1.6000 20.0000
      vertex -30.0000 1.6000 0.0000
    endloop
  endfacet
  facet normal 3.826834e-01 -9.238795e-01 0.000000e+00
    outer loop
      vertex -30.0000 1.6000 0.0000
      vertex -30.0000 1.6000 20.0000
      vertex -31.1314 1.1314 20.0000
    endloop
  endfacet
  facet normal 3.826834e-01 -9.238795e-01 0.000000e+00
    outer loop
      vertex -30.0000 1.6000 0.0000
      vertex -31.1314 1.1314 20.0000
      vertex -31.1314 1.1314 0.0000
    endloop
  endfacet
  facet normal 9.238795e-01 -3.826834e-01 0.000000e+00
    outer loop
      vertex -31.1314 1.1314 0.0000
      vertex -31.1314 1.1314 20.0000
      vertex -31.6000 0.0000 20.0000
    endloop
  endfacet
  facet normal 9.238795e-01 -3.826834e-01 0.000000e+00
    outer loop
      vertex -31.1314 1.1314 0.0000
      vertex -31.6000 0.0000 20.0000
      vertex -31.6000 0.0000 0.0000
    endloop
  endfacet
  facet normal 9.238795e-01 3.826834e-01 -0.000000e+00
    outer loop
      vertex -31.6000 0.0000 0.0000
      vertex -31.6000 0.0000 20.0000
      vertex -31.1314 -1.1314 20.0000
    endloop
  endfacet
  facet normal 9.238795e-01 3.826834e-01 0.000000e+00
    outer loop
      vertex -31.6000 0.0000 0.0000
      vertex -31.1314 -1.1314 20.0000
      vertex -31.1314 -1.1314 0.0000
    endloop
  endfacet
  facet normal 3.826834e-01 9.238795e-01 -0.000000e+00
    outer loop
      vertex -31.1314 -1.1314 0.0000
      vertex -31.1314 -1.1314 20.0000
      vertex -30.0000 -1.6000 20.0000
    endloop
  endfacet
  facet normal 3.826834e-01 9.238795e-01 0.000000e+00
    outer loop
      vertex -31.1314 -1.1314 0.0000
      vertex -30.0000 -1.6000 20.0000
      vertex -30.0000 -1.6000 0.0000
    endloop
  endfacet
  facet normal -3.826834e-01 9.238795e-01 0.000000e+00
    outer loop
      vertex -30.0000 -1.6000 0.0000
      vertex -30.0000 -1.6000 20.0000
      vertex -28.8686 -1.1314 20.0000
    endloop
  endfacet
  facet normal -3.826834e-01 9.238795e-01 0.000000e+00
    outer loop
      vertex -30.0000 -1.6000 0.0000
      vertex -28.8686 -1.1314 20.0000
      vertex -28.8686 -1.1314 0.0000
    endloop
  endfacet
  facet normal -9.238795e-01 3.826834e-01 0.000000e+00
    outer loop
      vertex -28.8686 -1.1314 0.0000
      vertex -28.8686 -1.1314 20.0000
      vertex -28.4000 0.0000 20.0000
    endloop
  endfacet
  facet normal -9.238795e-01 3.826834e-01 0.000000e+00
    outer loop
      vertex -28.8686 -1.1314 0.0000
      vertex -28.4000 0.0000 20.0000
      vertex -28.4000 0.0000 0.0000
    endloop
  endfacet
  facet normal -9.238795e-01 -3.826834e-01 0.000000e+00
    outer loop
      vertex -28.4000 5.0000 0.0000
      vertex -28.4000 5.0000 20.0000
      vertex -28.8686 6.1314 20.0000
    endloop
  endfacet
  facet normal -9.238795e-01 -3.826834e-01 0.000000e+00
    outer loop
      vertex -28.4000 5.0000 0.0000
      vertex -28.8686 6.1314 20.0000
      vertex -28.8686 6.1314 0.0000
    endloop
  endfacet
  facet normal -3.826834e-01 -9.238795e-01 0.000000e+00
    outer loop
      vertex -28.8686 6.1314 0.0000
      vertex -28.8686 6.1314 20.0000
      vertex -30.0000 6.6000 20.0000
    endloop
  endfacet
  facet normal -3.826834e-01 -9.238795e-01 0.000000e+00
    outer loop
      vertex -28.8686 6.1314 0.0000
      vertex -30.0000 6.6000 20.0000
      vertex -30.0000 6.6000 0.0000
    endloop
  endfacet
  facet normal 3.826834e-01 -9.238795e-01 0.000000e+00
    outer loop
      vertex -30.0000 6.6000 0.0000
      vertex -30.0000 6.6000 20.0000
      vertex -31.1314 6.1314 20.0000
    endloop
  endfacet
  facet normal 3.826834e-01 -9.238795e-01 0.000000e+00
    outer loop
      vertex -30.0000 6.6000 0.0000
      vertex -31.1314 6.1314 20.0000
      vertex -31.1314 6.1314 0.0000
    endloop
  endfacet
  facet normal 9.238795e-01 -3.826834e-01 0.000000e+00
    outer loop
      vertex -31.1314 6.1314 0.0000
      vertex -31.1314 6.1314 20.0000
      vertex -31.6000 5.0000 20.0000
    endloop
  endfacet
  facet normal 9.238795e-01 -3.826834e-01 0.000000e+00
    outer loop
      vertex -31.1314 6.1314 0.0000
      vertex -31.6000 5.0000 20.0000
      vertex -31.6000 5.0000 0.0000
    endloop
  endfacet
  facet normal 9.238795e-01 3.826834e-01 -0.000000e+00
    outer loop
      vertex -31.6000 5.0000 0.0000
      vertex -31.6000 5.0000 20.0000
      vertex -31.1314 3.8686 20.0000
    endloop
  endfacet
  facet normal 9.238795e-01 3.826834e-01 0.000000e+00
    outer loop
      vertex -31.6000 5.0000 0.0000
      vertex -31.1314 3.8686 20.0000
      vertex -31.1314 3.8686 0.0000
    endloop
  endfacet
  facet normal 3.826834e-01 9.238795e-01 -0.000000e+00
    outer loop
      vertex -31.1314 3.8686 0.0000
      vertex -31.1314 3.8686 20.0000
      vertex -30.0000 3.4000 20.0000
    endloop
  endfacet
  facet normal 3.826834e-01 9.238795e-01 0.000000e+00
    outer loop
      vertex -31.1314 3.8686 0.0000
      vertex -30.0000 3.4000 20.0000
      vertex -30.0000 3.4000 0.0000
    endloop
  endfacet
  facet normal -3.826834e-01 9.238795e-01 0.000000e+00
    outer loop
      vertex -30.0000 3.4000 0.0000
      vertex -30.0000 3.4000 20.0000
      vertex -28.8686 3.8686 20.0000
    endloop
  endfacet
  facet normal -3.826834e-01 9.238795e-01 0.000000e+00
    outer loop
      vertex -30.0000 3.4000 0.0000
      vertex -28.8686 3.8686 20.0000
      vertex -28.8686 3.8686 0.0000
    endloop
  endfacet
  facet normal -9.238795e-01 3.826834e-01 0.000000e+00
    outer loop
      vertex -28.8686 3.8686 0.0000
      vertex -28.8686 3.8686 20.0000
      vertex -28.4000 5.0000 20.0000
    endloop
  endfacet
  facet normal -9.238795e-01 3.826834e-01 0.000000e+00
    outer loop
      vertex -28.8686 3.8686 0.0000
      vertex -28.4000 5.0000 20.0000
      vertex -28.4000 5.0000 0.0000
    endloop
  endfacet
  facet normal -9.238795e-01 -3.826834e-01 0.000000e+00
    outer loop
      vertex -28.4000 10.0000 0.0000
      vertex -28.4000 10.0000 20.0000
      vertex -28.8686 11.1314 20.0000
    endloop
  endfacet
  facet normal -9.238795e-01 -3.826834e-01 0.000000e+00
    outer loop
      vertex -28.4000 10.0000 0.0000
      vertex -28.8686 11.1314 20.0000
      vertex -28.8686 11.1314 0.0000
    endloop
  endfacet
  facet normal -3.826834e-01 -9.238795e-01 0.000000e+00
    outer loop
      vertex -28.8686 11.1314 0.0000
      vertex -28.8686 11.1314 20.0000
      vertex -30.0000 11.6000 20.0000
    endloop
  endfacet
  facet normal -3.826834e-01 -9.238795e-01 0.000000e+00
    outer loop
      vertex -28.8686 11.1314 0.0000
      vertex -30.0000 11.6000 20.0000
      vertex -30.0000 11.6000 0.0000
    endloop
  endfacet
  facet normal 3.826834e-01 -9.238795e-01 0.000000e+00
    outer loop
      vertex -30.0000 11.6000 0.0000
      vertex -30.0000 11.6000 20.0000
      vertex -31.1314 11.1314 20.0000
    endloop
  endfacet
  facet normal 3.826834e-01 -9.238795e-01 0.000000e+00
    outer loop
      vertex -30.0000 11.6000 0.0000
      vertex -31.1314 11.1314 20.0000
      vertex -31.1314 11.1314 0.0000
    endloop
  endfacet
  facet normal 9.238795e-01 -3.826834e-01 0.000000e+00
    outer loop
      vertex -31.1314 11.1314 0.0000
      vertex -31.1314 11.1314 20.0000
      vertex -31.6000 10.0000 20.0000
    endloop
  endfacet
  facet normal 9.238795e-01 -3.826834e-01 0.000000e+00
    outer loop
      vertex -31.1314 11.1314 0.0000
      vertex -31.6000 10.0000 20.0000
      vertex -31.6000 10.0000 0.0000
    endloop
  endfacet
  facet normal 9.238795e-01 3.826834e-01 -0.000000e+00
    outer loop
      vertex -31.6000 10.0000 0.0000
      vertex -31.6000 10.0000 20.0000
      vertex -31.1314 8.8686 20.0000
    endloop
  endfacet
  facet normal 9.238795e-01 3.826834e-01 0.000000e+00
    outer loop
      vertex -31.6000 10.0000 0.0000
      vertex -31.1314 8.8686 20.0000
      vertex -31.1314 8.8686 0.0000
    endloop
  endfacet
  facet normal 3.826834e-01 9.238795e-01 -0.000000e+00
    outer loop
      vertex -31.1314 8.8686 0.0000
      vertex -31.1314 8.8686 20.0000
      vertex -30.0000 8.4000 20.0000
    endloop
  endfacet
  facet normal 3.826834e-01 9.238795e-01 0.000000e+00
    outer loop
      vertex -31.1314 8.8686 0.0000
      vertex -30.0000 8.4000 20.0000
      vertex -30.0000 8.4000 0.0000
    endloop
  endfacet
  facet normal -3.826834e-01 9.238795e-01 0.000000e+00
    outer loop
      vertex -30.0000 8.4000 0.0000
      vertex -30.0000 8.4000 20.0000
      vertex -28.8686 8.8686 20.0000
    endloop
  endfacet
  facet normal -3.826834e-01 9.238795e-01 0.000000e+00
    outer loop
      vertex -30.0000 8.4000 0.0000
      vertex -28.8686 8.8686 20.0000
      vertex -28.8686 8.8686 0.0000
    endloop
  endfacet
  facet normal -9.238795e-01 3.826834e-01 0.000000e+00
    outer loop
      vertex -28.8686 8.8686 0.0000
      vertex -28.8686 8.8686 20.0000
      vertex -28.4000 10.0000 20.0000
    endloop
  endfacet
  facet normal -9.238795e-01 3.826834e-01 0.000000e+00
    outer loop
      vertex -28.8686 8.8686 0.0000
      vertex -28.4000 10.0000 20.0000
      vertex -28.4000 10.0000 0.0000
    endloop
  endfacet
  facet normal -9.238795e-01 -3.826834e-01 0.000000e+00
    outer loop
      vertex -28.4000 15.0000 0.0000
      vertex -28.4000 15.0000 20.0000
      vertex -28.8686 16.1314 20.0000
    endloop
  endfacet
  facet normal -9.238795e-01 -3.826834e-01 0.000000e+00
    outer loop
      vertex -28.4000 15.0000 0.0000
      vertex -28.8686 16.1314 20.0000
      vertex -28.8686 16.1314 0.0000
    endloop
  endfacet
  facet normal -3.826834e-01 -9.238795e-01 0.000000e+00
    outer loop
      vertex -28.8686 16.1314 0.0000
      vertex -28.8686 16.1314 20.0000
      vertex -30.0000 16.6000 20.0000
    endloop
  endfacet
  facet normal -3.826834e-01 -9.238795e-01 0.000000e+00
    outer loop
      vertex -28.8686 16.1314 0.0000
      vertex -30.0000 16.6000 20.0000
      vertex -30.0000 16.6000 0.0000
    endloop
  endfacet
  facet normal 3.826834e-01 -9.238795e-01 0.000000e+00
    outer loop
      vertex -30.0000 16.6000 0.0000
      vertex -30.0000 16.6000 20.0000
      vertex -31.1314 16.1314 20.0000
    endloop
  endfacet
  facet normal 3.826834e-01 -9.238795e-01 0.000000e+00
    outer loop
      vertex -30.0000 16.6000 0.0000
      vertex -31.1314 16.1314 20.0000
      vertex -31.1314 16.1314 0.0000
    endloop
  endfacet
  facet normal 9.238795e-01 -3.826834e-01 0.000000e+00
    outer loop
      vertex -31.1314 16.1314 0.0000
      vertex -31.1314 16.1314 20.0000
      vertex -31.6000 15.0000 20.0000
    endloop
  endfacet
  facet normal 9.238795e-01 -3.826834e-01 0.000000e+00
    outer loop
      vertex -31.1314 16.1314 0.0000
      vertex -31.6000 15.0000 20.0000
      vertex -31.6000 15.0000 0.0000
    endloop
  endfacet
  facet normal 9.238795e-01 3.826834e-01 -0.000000e+00
    outer loop
      vertex -31.6000 15.0000 0.0000
      vertex -31.6000 15.0000 20.0000
      vertex -31.1314 13.8686 20.0000
    endloop
  endfacet
  facet normal 9.238795e-01 3.826834e-01 0.000000e+00
    outer loop
      vertex -31.6000 15.0000 0.0000
      vertex -31.1314 13.8686 20.0000
      vertex -31.1314 13.8686 0.0000
    endloop
  endfacet
  facet normal 3.826834e-01 9.238795e-01 -0.000000e+00
    outer loop
      vertex -31.1314 13.8686 0.0000
      vertex -31.1314 13.8686 20.0000
      vertex -30.0000 13.4000 20.0000
    endloop
  endfacet
  facet normal 3.826834e-01 9.238795e-01 0.000000e+00
    outer loop
      vertex -31.1314 13.8686 0.0000
      vertex -30.0000 13.4000 20.0000
      vertex -30.0000 13.4000 0.0000
    endloop
  endfacet
  facet normal -3.826834e-01 9.238795e-01 0.000000e+00
    outer loop
      vertex -30.0000 13.4000 0.0000
      vertex -30.0000 13.4000 20.0000
      vertex -28.8686 13.8686 20.0000
    endloop
  endfacet
  facet normal -3.826834e-01 9.238795e-01 0.000000e+00
    outer loop
      vertex -30.0000 13.4000 0.0000
      vertex -28.8686 13.8686 20.0000
      vertex -28.8686 13.8686 0.0000
    endloop
  endfacet
  facet normal -9.238795e-01 3.826834e-01 0.000000e+00
    outer loop
      vertex -28.8686 13.8686 0.0000
      vertex -28.8686 13.8686 20.0000
      vertex -28.4000 15.0000 20.0000
    endloop
  endfacet
  facet normal -9.238795e-01 3.826834e-01 0.000000e+00
    outer loop
      vertex -28.8686 13.8686 0.0000
      vertex -28.4000 15.0000 20.0000
      vertex -28.4000 15.0000 0.0000
    endloop
  endfacet
  facet normal -9.238795e-01 -3.826834e-01 0.000000e+00
    outer loop
      vertex -28.4000 20.0000 0.0000
      vertex -28.4000 20.0000 20.0000
      vertex -28.8686 21.1314 20.0000
    endloop
  endfacet
  facet normal -9.238795e-01 -3.826834e-01 0.000000e+00
    outer loop
      vertex -28.4000 20.0000 0.0000
      vertex -28.8686 21.1314 20.0000
      vertex -28.8686 21.1314 0.0000
    endloop
  endfacet
  facet normal -3.826834e-01 -9.238795e-01 0.000000e+00
    outer loop
      vertex -28.8686 21.1314 0.0000
      vertex -28.8686 21.1314 20.0000
      vertex -30.0000 21.6000 20.0000
    endloop
  endfacet
  facet normal -3.826834e-01 -9.238795e-01 0.000000e+00
    outer loop
      vertex -28.8686 21.1314 0.0000
      vertex -30.0000 21.6000 20.0000
      vertex -30.0000 21.6000 0.0000
    endloop
  endfacet
  facet normal 3.826834e-01 -9.238795e-01 0.000000e+00
    outer loop
      vertex -30.0000 21.6000 0.0000
      vertex -30.0000 21.6000 20.0000
      vertex -31.1314 21.1314 20.0000
    endloop
  endfacet
  facet normal 3.826834e-01 -9.238795e-01 0.000000e+00
    outer loop
      vertex -30.0000 21.6000 0.0000
      vertex -31.1314 21.1314 20.0000
      vertex -31.1314 21.1314 0.0000
    endloop
  endfacet
  facet normal 9.238795e-01 -3.826834e-01 0.000000e+00
    outer loop
      vertex -31.1314 21.1314 0.0000
      vertex -31.1314 21.1314 20.0000
      vertex -31.6000 20.0000 20.0000
    endloop
  endfacet
  facet normal 9.238795e-01 -3.826834e-01 0.000000e+00
    outer loop
      vertex -31.1314 21.1314 0.0000
      vertex -31.6000 20.0000 20.0000
      vertex -31.6000 20.0000 0.0000
    endloop
  endfacet
  facet normal 9.238795e-01 3.826834e-01 -0.000000e+00
    outer loop
      vertex -31.6000 20.0000 0.0000
      vertex -31.6000 20.0000 20.0000
      vertex -31.1314 18.8686 20.0000
    endloop
  endfacet
  facet normal 9.238795e-01 3.826834e-01 0.000000e+00
    outer loop
      vertex -31.6000 20.0000 0.0000
      vertex -31.1314 18.8686 20.0000
      vertex -31.1314 18.8686 0.0000
    endloop
  endfacet
  facet normal 3.826834e-01 9.238795e-01 -0.000000e+00
    outer loop
      vertex -31.1314 18.8686 0.0000
      vertex -31.1314 18.8686 20.0000
      vertex -30.0000 18.4000 20.0000
    endloop
  endfacet
  facet normal 3.826834e-01 9.238795e-01 0.000000e+00
    outer loop
      vertex -31.1314 18.8686 0.0000
      vertex -30.0000 18.4000 20.0000
      vertex -30.0000 18.4000 0.0000
    endloop
  endfacet
  facet normal -3.826834e-01 9.238795e-01 0.000000e+00
    outer loop
      vertex -30.0000 18.4000 0.0000
      vertex -30.0000 18.4000 20.0000
      vertex -28.8686 18.8686 20.0000
    endloop
  endfacet
  facet normal -3.826834e-01 9.238795e-01 0.000000e+00
    outer loop
      vertex -30.0000 18.4000 0.0000
      vertex -28.8686 18.8686 20.0000
      vertex -28.8686 18.8686 0.0000
    endloop
  endfacet
  facet normal -9.238795e-01 3.826834e-01 0.000000e+00
    outer loop
      vertex -28.8686 18.8686 0.0000
      vertex -28.8686 18.8686 20.0000
      vertex -28.4000 20.0000 20.0000
    endloop
  endfacet
  facet normal -9.238795e-01 3.826834e-01 0.000000e+00
    outer loop
      vertex -28.8686 18.8686 0.0000
      vertex -28.4000 20.0000 20.0000
      vertex -28.4000 20.0000 0.0000
    endloop
  endfacet
  facet normal -9.238795e-01 -3.826834e-01 0.000000e+00
    outer loop
      vertex -28.4000 25.0000 0.0000
      vertex -28.4000 25.0000 20.0000
      vertex -28.8686 26.1314 20.0000
    endloop
  endfacet
  facet normal -9.238795e-01 -3.826834e-01 0.000000e+00
    outer loop
      vertex -28.4000 25.0000 0.0000
      vertex -28.8686 26.1314 20.0000
      vertex -28.8686 26.1314 0.0000
    endloop
  endfacet
  facet normal -3.826834e-01 -9.238795e-01 0.000000e+00
    outer loop
      vertex -28.8686 26.1314 0.0000
      vertex -28.8686 26.1314 20.0000
      vertex -30.0000 26.6000 20.0000
    endloop
  endfacet
  facet normal -3.826834e-01 -9.238795e-01 0.000000e+00
    outer loop
      vertex -28.8686 26.1314 0.0000
      vertex -30.0000 26.6000 20.0000
      vertex -30.0000 26.6000 0.0000
    endloop
  endfacet
  facet normal 3.826834e-01 -9.238795e-01 0.000000e+00
    outer loop
      vertex -30.0000 26.6000 0.0000
      vertex -30.0000 26.6000 20.0000
      vertex -31.1314 26.1314 20.0000
    endloop
  endfacet
  facet normal 3.826834e-01 -9.238795e-01 0.000000e+00
    outer loop
      vertex -30.0000 26.6000 0.0000
      vertex -31.1314 26.1314 20.0000
      vertex -31.1314 26.1314 0.0000
    endloop
  endfacet
  facet normal 9.238795e-01 -3.826834e-01 0.000000e+00
    outer loop
      vertex -31.1314 26.1314 0.0000
      vertex -31.1314 26.1314 20.0000
      vertex -31.6000 25.0000 20.0000
    endloop
  endfacet
  facet normal 9.238795e-01 -3.826834e-01 0.000000e+00
    outer loop
      vertex -31.1314 26.1314 0.0000
      vertex -31.6000 25.0000 20.0000
      vertex -31.6000 25.0000 0.0000
    endloop
  endfacet
  facet normal 9.238795e-01 3.826834e-01 -0.000000e+00
    outer loop
      vertex -31.6000 25.0000 0.0000
      vertex -31.6000 25.0000 20.0000
      vertex -31.1314 23.8686 20.0000
    endloop
  endfacet
  facet normal 9.238795e-01 3.826834e-01 0.000000e+00
    outer loop
      vertex -31.6000 25.0000 0.0000
      vertex -31.1314 23.8686 20.0000
      vertex -31.1314 23.8686 0.0000
    endloop
  endfacet
  facet normal 3.826834e-01 9.238795e-01 -0.000000e+00
    outer loop
      vertex -31.1314 23.8686 0.0000
      vertex -31.1314 23.8686 20.0000
      vertex -30.0000 23.4000 20.0000
    endloop
  endfacet
  facet normal 3.826834e-01 9.238795e-01 0.000000e+00
    outer loop
      vertex -31.1314 23.8686 0.0000
      vertex -30.0000 23.4000 20.0000
      vertex -30.0000 23.4000 0.0000
    endloop
  endfacet
  facet normal -3.826834e-01 9.238795e-01 0.000000e+00
    outer loop
      vertex -30.0000 23.4000 0.0000
      vertex -30.0000 23.4000 20.0000
      vertex -28.8686 23.8686 20.0000
    endloop
  endfacet
  facet normal -3.826834e-01 9.238795e-01 0.000000e+00
    outer loop
      vertex -30.0000 23.4000 0.0000
      vertex -28.8686 23.8686 20.0000
      vertex -28.8686 23.8686 0.0000
    endloop
  endfacet
  facet normal -9.238795e-01 3.826834e-01 0.000000e+00
    outer loop
      vertex -28.8686 23.8686 0.0000
      vertex -28.8686 23.8686 20.0000
      vertex -28.4000 25.0000 20.0000
    endloop
  endfacet
  facet normal -9.238795e-01 3.826834e-01 0.000000e+00
    outer loop
      vertex -28.8686 23.8686 0.0000
      vertex -28.4000 25.0000 20.0000
      vertex -28.4000 25.0000 0.0000
    endloop
  endfacet
  facet normal -9.238795e-01 -3.826834e-01 0.000000e+00
    outer loop
      vertex -28.4000 30.0000 0.0000
      vertex -28.4000 30.0000 20.0000
      vertex -28.8686 31.1314 20.0000
    endloop
  endfacet
  facet normal -9.238795e-01 -3.826834e-01 0.000000e+00
    outer loop
      vertex -28.4000 30.0000 0.0000
      vertex -28.8686 31.1314 20.0000
      vertex -28.8686 31.1314 0.0000
    endloop
  endfacet
  facet normal -3.826834e-01 -9.238795e-01 0.000000e+00
    outer loop
      vertex -28.8686 31.1314 0.0000
      vertex -28.8686 31.1314 20.0000
      vertex -30.0000 31.6000 20.0000
    endloop
  endfacet
  facet normal -3.826834e-01 -9.238795e-01 0.000000e+00
    outer loop
      vertex -28.8686 31.1314 0.0000
      vertex -30.0000 31.6000 20.0000
      vertex -30.0000 31.6000 0.0000
    endloop
  endfacet
  facet normal 3.826834e-01 -9.238795e-01 0.000000e+00
    outer loop
      vertex -30.0000 31.6000 0.0000
      vertex -30.0000 31.6000 20.0000
      vertex -31.1314 31.1314 20.0000
    endloop
  endfacet
  facet normal 3.826834e-01 -9.238795e-01 0.000000e+00
    outer loop
      vertex -30.0000 31.6000 0.0000
      vertex -31.1314 31.1314 20.0000
      vertex -31.1314 31.1314 0.0000
    endloop
  endfacet
  facet normal 9.238795e-01 -3.826834e-01 0.000000e+00
    outer loop
      vertex -31.1314 31.1314 0.0000
      vertex -31.1314 31.1314 20.0000
      vertex -31.6000 30.0000 20.0000
    endloop
  endfacet
  facet normal 9.238795e-01 -3.826834e-01 0.000000e+00
    outer loop
      vertex -31.1314 31.1314 0.0000
      vertex -31.6000 30.0000 20.0000
      vertex -31.6000 30.0000 0.0000
    endloop
  endfacet
  facet normal 9.238795e-01 3.826834e-01 -0.000000e+00
    outer loop
      vertex -31.6000 30.0000 0.0000
      vertex -31.6000 30.0000 20.0000
      vertex -31.1314 28.8686 20.0000
    endloop
  endfacet
  facet normal 9.238795e-01 3.826834e-01 0.000000e+00
    outer loop
      vertex -31.6000 30.0000 0.0000
      vertex -31.1314 28.8686 20.0000
      vertex -31.1314 28.8686 0.0000
    endloop
  endfacet
  facet normal 3.826834e-01 9.238795e-01 -0.000000e+00
    outer loop
      vertex -31.1314 28.8686 0.0000
      vertex -31.1314 28.8686 20.0000
      vertex -30.0000 28.4000 20.0000
    endloop
  endfacet
  facet normal 3.826834e-01 9.238795e-01 0.000000e+00
    outer loop
      vertex -31.1314 28.8686 0.0000
      vertex -30.0000 28.4000 20.0000
      vertex -30.0000 28.4000 0.0000
    endloop
  endfacet
  facet normal -3.826834e-01 9.238795e-01 0.000000e+00
    outer loop
      vertex -30.0000 28.4000 0.0000
      vertex -30.0000 28.4000 20.0000
      vertex -28.8686 28.8686 20.0000
    endloop
  endfacet
  facet normal -3.826834e-01 9.238795e-01 0.000000e+00
    outer loop
      vertex -30.0000 28.4000 0.0000
      vertex -28.8686 28.8686 20.0000
      vertex -28.8686 28.8686 0.0000
    endloop
  endfacet
  facet normal -9.238795e-01 3.826834e-01 0.000000e+00
    outer loop
      vertex -28.8686 28.8686 0.0000
      vertex -28.8686 28.8686 20.0000
      vertex -28.4000 30.0000 20.0000
    endloop
  endfacet
  facet normal -9.238795e-01 3.826834e-01 0.000000e+00
    outer loop
      vertex -28.8686 28.8686 0.0000
      vertex -28.4000 30.0000 20.0000
      vertex -28.4000 30.0000 0.0000
    endloop
  endfacet
  facet normal -9.238795e-01 -3.826834e-01 0.000000e+00
    outer loop
      vertex -23.4000 -30.0000 0.0000
      vertex -23.4000 -30.0000 20.0000
      vertex -23.8686 -28.8686 20.0000
    endloop
  endfacet
  facet normal -9.238795e-01 -3.826834e-01 0.000000e+00
    outer loop
      vertex -23.4000 -30.0000 0.0000
      vertex -23.8686 -28.8686 20.0000
      vertex -23.8686 -28.8686 0.0000
    endloop
  endfacet
  facet normal -3.826834e-01 -9.238795e-01 0.000000e+00
    outer loop
      vertex -23.8686 -28.8686 0.0000
      vertex -23.8686 -28.8686 20.0000
      vertex -25.0000 -28.4000 20.0000
    endloop
  endfacet
  facet normal -3.826834e-01 -9.238795e-01 0.000000e+00
    outer loop
      vertex -23.8686 -28.8686 0.0000
      vertex -25.0000 -28.4000 20.0000
      vertex -25.0000 -28.4000 0.0000
    endloop
  endfacet
  facet normal 3.826834e-01 -9.238795e-01 0.000000e+00
    outer loop
      vertex -25.0000 -28.4000 0.0000
      vertex -25.0000 -28.4000 20.0000
      vertex -26.1314 -28.8686 20.0000
    endloop
  endfacet
  facet normal 3.826834e-01 -9.238795e-01 0.000000e+00
    outer loop
      vertex -25.0000 -28.4000 0.0000
      vertex -26.1314 -28.8686 20.0000
      vertex -26.1314 -28.8686 0.0000
    endloop
  endfacet
  facet normal 9.238795e-01 -3.826834e-01 0.000000e+00
    outer loop
      vertex -26.1314 -28.8686 0.0000
      vertex -26.1314 -28.8686 20.0000
      vertex -26.6000 -30.0000 20.0000
    endloop
  endfacet
  facet normal 9.238795e-01 -3.826834e-01 0.000000e+00
    outer loop
      vertex -26.1314 -28.8686 0.0000
      vertex -26.6000 -30.0000 20.0000
      vertex -26.6000 -30.0000 0.0000
    endloop
  endfacet
  facet normal 9.238795e-01 3.826834e-01 -0.000000e+00
    outer loop
      vertex -26.6000 -30.0000 0.0000
      vertex -26.6000 -30.0000 20.0000
      vertex -26.1314 -31.1314 20.0000
    endloop
  endfacet
  facet normal 9.238795e-01 3.826834e-01 0.000000e+00
    outer loop
      vertex -26.6000 -30.0000 0.0000
      vertex -26.1314 -31.1314 20.0000
      vertex -26.1314 -31.1314 0.0000
    endloop
  endfacet
  facet normal 3.826834e-01 9.238795e-01 -0.000000e+00
    outer loop
      vertex -26.1314 -31.1314 0.0000
      vertex -26.1314 -31.1314 20.0000
      vertex -25.0000 -31.6000 20.0000
    endloop
  endfacet
  facet normal 3.826834e-01 9.238795e-01 0.000000e+00
    outer loop
      vertex -26.1314 -31.1314 0.0000
      vertex -25.0000 -31.6000 20.0000
      vertex -25.0000 -31.6000 0.0000
    endloop
  endfacet
  facet normal -3.826834e-01 9.238795e-01 0.000000e+00
    outer loop
      vertex -25.0000 -31.6000 0.0000
      vertex -25.0000 -31.6000 20.0000
      vertex -23.8686 -31.1314 20.0000
    endloop
  endfacet
  facet normal -3.826834e-01 9.238795e-01 0.000000e+00
    outer loop
      vertex -25.0000 -31.6000 0.0000
      vertex -23.8686 -31.1314 20.0000
      vertex -23.8686 -31.1314 0.0000
    endloop
  endfacet
  facet normal -9.238795e-01 3.826834e-01 0.000000e+00
    outer loop
      vertex -23.8686 -31.1314 0.0000
      vertex -23.8686 -31.1314 20.0000
      vertex -23.4000 -30.0000 20.0000
    endloop
  endfacet
  facet normal -9.238795e-01 3.826834e-01 0.000000e+00
    outer loop
      vertex -23.8686 -31.1314 0.0000
      vertex -23.4000 -30.0000 20.0000
      vertex -23.4000 -30.0000 0.0000
    endloop
  endfacet
  facet normal -9.238795e-01 -3.826834e-01 0.000000e+00
    outer loop
      vertex -23.4000 -25.0000 0.0000
      vertex -23.4000 -25.0000 20.0000
      vertex -23.8686 -23.8686 20.0000
    endloop
  endfacet
  facet normal -9.238795e-01 -3.826834e-01 0.000000e+00
    outer loop
      vertex -23.4000 -25.0000 0.0000
      vertex -23.8686 -23.8686 20.0000
      vertex -23.8686 -23.8686 0.0000
    endloop
  endfacet
  facet normal -3.826834e-01 -9.238795e-01 0.000000e+00
    outer loop
      vertex -23.8686 -23.8686 0.0000
      vertex -23.8686 -23.8686 20.0000
      vertex -25.0000 -23.4000 20.0000
    endloop
  endfacet
  facet normal -3.826834e-01 -9.238795e-01 0.000000e+00
    outer loop
      vertex -23.8686 -23.8686 0.0000
      vertex -25.0000 -23.4000 20.0000
      vertex -25.0000 -23.4000 0.0000
    endloop
  endfacet
  facet normal 3.826834e-01 -9.238795e-01 0.000000e+00
    outer loop
      vertex -25.0000 -23.4000 0.0000
      vertex -25.0000 -23.4000 20.0000
      vertex -26.1314 -23.8686 20.0000
    endloop
  endfacet
  facet normal 3.826834e-01 -9.238795e-01 0.000000e+00
    outer loop
      vertex -25.0000 -23.4000 0.0000
      vertex -26.1314 -23.8686 20.0000
      vertex -26.1314 -23.8686 0.0000
    endloop
  endfacet
  facet normal 9.238795e-01 -3.826834e-01 0.000000e+00
    outer loop
      vertex -26.1314 -23.8686 0.0000
      vertex -26.1314 -23.8686 20.0000
      vertex -26.6000 -25.0000 20.0000
    endloop
  endfacet
  facet normal 9.238795e-01 -3.826834e-01 0.000000e+00
    outer loop
      vertex -26.1314 -23.8686 0.0000
      vertex -26.6000 -25.0000 20.0000
      vertex -26.6000 -25.0000 0.0000
    endloop
  endfacet
  facet normal 9.238795e-01 3.826834e-01 -0.000000e+00
    outer loop
      vertex -26.6000 -25.0000 0.0000
      vertex -26.6000 -25.0000 20.0000
      vertex -26.1314 -26.1314 20.0000
    endloop
  endfacet
  facet normal 9.238795e-01 3.826834e-01 0.000000e+00
    outer loop
      vertex -26.6000 -25.0000 0.0000
      vertex -26.1314 -26.1314 20.0000
      vertex -26.1314 -26.1314 0.0000
    endloop
  endfacet
  facet normal 3.826834e-01 9.238795e-01 -0.000000e+00
    outer loop
      vertex -26.1314 -26.1314 0.0000
      vertex -26.1314 -26.1314 20.0000
      vertex -25.0000 -26.6000 20.0000
    endloop
  endfacet
  facet normal 3.826834e-01 9.238795e-01 0.000000e+00
    outer loop
      vertex -26.1314 -26.1314 0.0000
      vertex -25.0000 -26.6000 20.0000
      vertex -25.0000 -26.6000 0.0000
    endloop
  endfacet
  facet normal -3.826834e-01 9.238795e-01 0.000000e+00
    outer loop
      vertex -25.0000 -26.6000 0.0000
      vertex -25.0000 -26.6000 20.0000
      vertex -23.8686 -26.1314 20.0000
    endloop
  endfacet
  facet normal -3.826834e-01 9.238795e-01 0.000000e+00
    outer loop
      vertex -25.0000 -26.6000 0.0000
      vertex -23.8686 -26.1314 20.0000
      vertex -23.8686 -26.1314 0.0000
    endloop
  endfacet
  facet normal -9.238795e-01 3.826834e-01 0.000000e+00
    outer loop
      vertex -23.8686 -26.1314 0.0000
      vertex -23.8686 -26.1314 20.0000
      vertex -23.4000 -25.0000 20.0000
    endloop
  endfacet
  facet normal -9.238795e-01 3.826834e-01 0.000000e+00
    outer loop
      vertex -23.8686 -26.1314 0.0000
      vertex -23.4000 -25.0000 20.0000
      vertex -23.4000 -25.0000 0.0000
    endloop
  endfacet
  facet normal -9.238795e-01 -3.826834e-01 0.000000e+00
    outer loop
      vertex -23.4000 -20.0000 0.0000
      vertex -23.4000 -20.0000 20.0000
      vertex -23.8686 -18.8686 20.0000
    endloop
  endfacet
  facet normal -9.238795e-01 -3.826834e-01 0.000000e+00
    outer loop
      vertex -23.4000 -20.0000 0.0000
      vertex -23.8686 -18.8686 20.0000
      vertex -23.8686 -18.8686 0.0000
    endloop
  endfacet
  facet normal -3.826834e-01 -9.238795e-01 0.000000e+00
    outer loop
      vertex -23.8686 -18.8686 0.0000
      vertex -23.8686 -18.8686 20.0000
      vertex -25.0000 -18.4000 20.0000
    endloop
  endfacet
  facet normal -3.826834e-01 -9.238795e-01 0.000000e+00
    outer loop
      vertex -23.8686 -18.8686 0.0000
      vertex -25.0000 -18.4000 20.0000
      vertex -25.0000 -18.4000 0.0000
    endloop
  endfacet
  facet normal 3.826834e-01 -9.238795e-01 0.000000e+00
    outer loop
      vertex -25.0000 -18.4000 0.0000
      vertex -25.0000 -18.4000 20.0000
      vertex -26.1314 -18.8686 20.0000
    endloop
  endfacet
  facet normal 3.826834e-01 -9.238795e-01 0.000000e+00
    outer loop
      vertex -25.0000 -18.4000 0.0000
      vertex -26.1314 -18.8686 20.0000
      vertex -26.1314 -18.8686 0.0000
    endloop
  endfacet
  facet normal 9.238795e-01 -3.826834e-01 0.000000e+00
    outer loop
      vertex -26.1314 -18.8686 0.0000
      vertex -26.1314 -18.8686 20.0000
      vertex -26.6000 -20.0000 20.0000
    endloop
  endfacet
  facet normal 9.238795e-01 -3.826834e-01 0.000000e+00
    outer loop
      vertex -26.1314 -18.8686 0.0000
      vertex -26.6000 -20.0000 20.0000
      vertex -26.6000 -20.0000 0.0000
    endloop
  endfacet
  facet normal 9.238795e-01 3.826834e-01 -0.000000e+00
    outer loop
      vertex -26.6000 -20.0000 0.0000
      vertex -26.6000 -20.0000 20.0000
      vertex -26.1314 -21.1314 20.0000
    endloop
  endfacet
  facet normal 9.238795e-01 3.826834e-01 0.000000e+00
    outer loop
      vertex -26.6000 -20.0000 0.0000
      vertex -26.1314 -21.1314 20.0000
      vertex -26.1314 -21.1314 0.0000
    endloop
  endfacet
  facet normal 3.826834e-01 9.238795e-01 -0.000000e+00
    outer loop
      vertex -26.1314 -21.1314 0.0000
      vertex -26.1314 -21.1314 20.0000
      vertex -25.0000 -21.6000 20.0000
    endloop
  endfacet
  facet normal 3.826834e-01 9.238795e-01 0.000000e+00
    outer loop
      vertex -26.1314 -21.1314 0.0000
      vertex -25.0000 -21.6000 20.0000
      vertex -25.0000 -21.6000 0.0000
    endloop
  endfacet
  facet normal -3.826834e-01 9.238795e-01 0.000000e+00
    outer loop
      vertex -25.0000 -21.6000 0.0000
      vertex -25.0000 -21.6000 20.0000
      vertex -23.8686 -21.1314 20.0000
    endloop
  endfacet
  facet normal -3.826834e-01 9.238795e-01 0.000000e+00
    outer loop
      vertex -25.0000 -21.6000 0.0000
      vertex -23.8686 -21.1314 20.0000
      vertex -23.8686 -21.1314 0.0000
    endloop
  endfacet
  facet normal -9.238795e-01 3.826834e-01 0.000000e+00
    outer loop
      vertex -23.8686 -21.1314 0.0000
      vertex -23.8686 -21.1314 20.0000
      vertex -23.4000 -20.0000 20.0000
    endloop
  endfacet
  facet normal -9.238795e-01 3.826834e-01 0.000000e+00
    outer loop
      vertex -23.8686 -21.1314 0.0000
      vertex -23.4000 -20.0000 20.0000
      vertex -23.4000 -20.0000 0.0000
    endloop
  endfacet
  facet normal -9.238795e-01 -3.826834e-01 0.000000e+00
    outer loop
      vertex -23.4000 -15.0000 0.0000
      vertex -23.4000 -15.0000 20.0000
      vertex -23.8686 -13.8686 20.0000
    endloop
  endfacet
  facet normal -9.238795e-01 -3.826834e-01 0.000000e+00
    outer loop
      vertex -23.4000 -15.0000 0.0000
      vertex -23.8686 -13.8686 20.0000
      vertex -23.8686 -13.8686 0.0000
    endloop
  endfacet
  facet normal -3.826834e-01 -9.238795e-01 0.000000e+00
    outer loop
      vertex -23.8686 -13.8686 0.0000
      vertex -23.8686 -13.8686 20.0000
      vertex -25.0000 -13.4000 20.0000
    endloop
  endfacet
  facet normal -3.826834e-01 -9.238795e-01 0.000000e+00
    outer loop
      vertex -23.8686 -13.8686 0.0000
      vertex -25.0000 -13.4000 20.0000
      vertex -25.0000 -13.4000 0.0000
    endloop
  endfacet
  facet normal 3.826834e-01 -9.238795e-01 0.000000e+00
    outer loop
      vertex -25.0000 -13.4000 0.0000
      vertex -25.0000 -13.4000 20.0000
      vertex -26.1314 -13.8686 20.0000
    endloop
  endfacet
  facet normal 3.826834e-01 -9.238795e-01 0.000000e+00
    outer loop
      vertex -25.0000 -13.4000 0.0000
      vertex -26.1314 -13.8686 20.0000
      vertex -26.1314 -13.8686 0.0000
    endloop
  endfacet
  facet normal 9.238795e-01 -3.826834e-01 0.000000e+00
    outer loop
      vertex -26.1314 -13.8686 0.0000
      vertex -26.1314 -13.8686 20.0000
      vertex -26.6000 -15.0000 20.0000
    endloop
  endfacet
  facet normal 9.238795e-01 -3.826834e-01 0.000000e+00
    outer loop
      vertex -26.1314 -13.8686 0.0000
      vertex -26.6000 -15.0000 20.0000
      vertex -26.6000 -15.0000 0.0000
    endloop
  endfacet
  facet normal 9.238795e-01 3.826834e-01 -0.000000e+00
    outer loop
      vertex -26.6000 -15.0000 0.0000
      vertex -26.6000 -15.0000 20.0000
      vertex -26.1314 -16.1314 20.0000
    endloop
  endfacet
  facet normal 9.238795e-01 3.826834e-01 0.000000e+00
    outer loop
      vertex -26.6000 -15.0000 0.0000
      vertex -26.1314 -16.1314 20.0000
      vertex -26.1314 -16.1314 0.0000
    endloop
  endfacet
  facet normal 3.826834e-01 9.238795e-01 -0.000000e+00
    outer loop
      vertex -26.1314 -16.1314 0.0000
      vertex -26.1314 -16.1314 20.0000
      vertex -25.0000 -16.6000 20.0000
    endloop
  endfacet
  facet normal 3.826834e-01 9.238795e-01 0.000000e+00
    outer loop
      vertex -26.1314 -16.1314 0.0000
      vertex -25.0000 -16.6000 20.0000
      vertex -25.0000 -16.6000 0.0000
    endloop
  endfacet
  facet normal -3.826834e-01 9.238795e-01 0.000000e+00
    outer loop
      vertex -25.0000 -16.6000 0.0000
      vertex -25.0000 -16.6000 20.0000
      vertex -23.8686 -16.1314 20.0000
    endloop
  endfacet
  facet normal -3.826834e-01 9.238795e-01 0.000000e+00
    outer loop
      vertex -25.0000 -16.6000 0.0000
      vertex -23.8686 -16.1314 20.0000
      vertex -23.8686 -16.1314 0.0000
    endloop
  endfacet
  facet normal -9.238795e-01 3.826834e-01 0.000000e+00
    outer loop
      vertex -23.8686 -16.1314 0.0000
      vertex -23.8686 -16.1314 20.0000
      vertex -23.4000 -15.0000 20.0000
    endloop
  endfacet
  facet normal -9.238795e-01 3.826834e-01 0.000000e+00
    outer loop
      vertex -23.8686 -16.1314 0.0000
      vertex -23.4000 -15.0000 20.0000
      vertex -23.4000 -15.0000 0.0000
    endloop
  endfacet
  facet normal -9.238795e-01 -3.826834e-01 0.000000e+00
    outer loop
      vertex -23.4000 -10.0000 0.0000
      vertex -23.4000 -10.0000 20.0000
      vertex -23.8686 -8.8686 20.0000
    endloop
  endfacet
  facet normal -9.238795e-01 -3.826834e-01 0.000000e+00
    outer loop
      vertex -23.4000 -10.0000 0.0000
      vertex -23.8686 -8.8686 20.0000
      vertex -23.8686 -8.8686 0.0000
    endloop
  endfacet
  facet normal -3.826834e-01 -9.238795e-01 0.000000e+00
    outer loop
      vertex -23.8686 -8.8686 0.0000
      vertex -23.8686 -8.8686 20.0000
      vertex -25.0000 -8.4000 20.0000
    endloop
  endfacet
  facet normal -3.826834e-01 -9.238795e-01 0.000000e+00
    outer loop
      vertex -23.8686 -8.8686 0.0000
      vertex -25.0000 -8.4000 20.0000
      vertex -25.0000 -8.4000 0.0000
    endloop
  endfacet
  facet normal 3.826834e-01 -9.238795e-01 0.000000e+00
    outer loop
      vertex -25.0000 -8.4000 0.0000
      vertex -25.0000 -8.4000 20.0000
      vertex -26.1314 -8.8686 20.0000
    endloop
  endfacet
  facet normal 3.826834e-01 -9.238795e-01 0.000000e+00
    outer loop
      vertex -25.0000 -8.4000 0.0000
      vertex -26.1314 -8.8686 20.0000
      vertex -26.1314 -8.8686 0.0000
    endloop
  endfacet
  facet normal 9.238795e-01 -3.826834e-01 0.000000e+00
    outer loop
      vertex -26.1314 -8.8686 0.0000
      vertex -26.1314 -8.8686 20.0000
      vertex -26.6000 -10.0000 20.0000
    endloop
  endfacet
  facet normal 9.238795e-01 -3.826834e-01 0.000000e+00
    outer loop
      vertex -26.1314 -8.8686 0.0000
      vertex -26.6000 -10.0000 20.0000
      vertex -26.6000 -10.0000 0.0000
    endloop
  endfacet
  facet normal 9.238795e-01 3.826834e-01 -0.000000e+00
    outer loop
      vertex -26.6000 -10.0000 0.0000
      vertex -26.6000 -10.0000 20.0000
      vertex -26.1314 -11.1314 20.0000
    endloop
  endfacet
  facet normal 9.238795e-01 3.826834e-01 0.000000e+00
    outer loop
      vertex -26.6000 -10.0000 0.0000
      vertex -26.1314 -11.1314 20.0000
      vertex -26.1314 -11.1314 0.0000
    endloop
  endfacet
  facet normal 3.826834e-01 9.238795e-01 -0.000000e+00
    outer loop
      vertex -26.1314 -11.1314 0.0000
      vertex -26.1314 -11.1314 20.0000
      vertex -25.0000 -11.6000 20.0000
    endloop
  endfacet
  facet normal 3.826834e-01 9.238795e-01 0.000000e+00
    outer loop
      vertex -26.1314 -11.1314 0.0000
      vertex -25.0000 -11.6000 20.0000
      vertex -25.0000 -11.6000 0.0000
    endloop
  endfacet
  facet normal -3.826834e-01 9.238795e-01 0.000000e+00
    outer loop
      vertex -25.0000 -11.6000 0.0000
      vertex -25.0000 -11.6000 20.0000
      vertex -23.8686 -11.1314 20.0000
    endloop
  endfacet
  facet normal -3.826834e-01 9.238795e-01 0.000000e+00
    outer loop
      vertex -25.0000 -11.6000 0.0000
      vertex -23.8686 -11.1314 20.0000
      vertex -23.8686 -11.1314 0.0000
    endloop
  endfacet
  facet normal -9.238795e-01 3.826834e-01 0.000000e+00
    outer loop
      vertex -23.8686 -11.1314 0.0000
      vertex -23.8686 -11.1314 20.0000
      vertex -23.4000 -10.0000 20.0000
    endloop
  endfacet
  facet normal -9.238795e-01 3.826834e-01 0.000000e+00
    outer loop
      vertex -23.8686 -11.1314 0.0000
      vertex -23.4000 -10.0000 20.0000
      vertex -23.4000 -10.0000 0.0000
    endloop
  endfacet
  facet normal -9.238795e-01 -3.826834e-01 0.000000e+00
    outer loop
      vertex -23.4000 -5.0000 0.0000
      vertex -23.4000 -5.0000 20.0000
      vertex -23.8686 -3.8686 20.0000
    endloop
  endfacet
  facet normal -9.238795e-01 -3.826834e-01 0.000000e+00
    outer loop
      vertex -23.4000 -5.0000 0.0000
      vertex -23.8686 -3.8686 20.0000
      vertex -23.8686 -3.8686 0.0000
    endloop
  endfacet
  facet normal -3.826834e-01 -9.238795e-01 0.000000e+00
    outer loop
      vertex -23.8686 -3.8686 0.0000
      vertex -23.8686 -3.8686 20.0000
      vertex -25.0000 -3.4000 20.0000
    endloop
  endfacet
  facet normal -3.826834e-01 -9.238795e-01 0.000000e+00
    outer loop
      vertex -23.8686 -3.8686 0.0000
      vertex -25.0000 -3.4000 20.0000
      vertex -25.0000 -3.4000 0.0000
    endloop
  endfacet
  facet normal 3.826834e-01 -9.238795e-01 0.000000e+00
    outer loop
      vertex -25.0000 -3.4000 0.0000
      vertex -25.0000 -3.4000 20.0000
      vertex -26.1314 -3.8686 20.0000
    endloop
  endfacet
  facet normal 3.826834e-01 -9.238795e-01 0.000000e+00
    outer loop
      vertex -25.0000 -3.4000 0.0000
      vertex -26.1314 -3.8686 20.0000
      vertex -26.1314 -3.8686 0.0000
    endloop
  endfacet
  facet normal 9.238795e-01 -3.826834e-01 0.000000e+00
    outer loop
      vertex -26.1314 -3.8686 0.0000
      vertex -26.1314 -3.8686 20.0000
      vertex -26.6000 -5.0000 20.0000
    endloop
  endfacet
  facet normal 9.238795e-01 -3.826834e-01 0.000000e+00
    outer loop
      vertex -26.1314 -3.8686 0.0000
      vertex -26.6000 -5.0000 20.0000
      vertex -26.6000 -5.0000 0.0000
    endloop
  endfacet
  facet normal 9.238795e-01 3.826834e-01 -0.000000e+00
    outer loop
      vertex -26.6000 -5.0000 0.0000
      vertex -26.6000 -5.0000 20.0000
      vertex -26.1314 -6.1314 20.0000
    endloop
  endfacet
  facet normal 9.238795e-01 3.826834e-01 0.000000e+00
    outer loop
      vertex -26.6000 -5.0000 0.0000
      vertex -26.1314 -6.1314 20.0000
      vertex -26.1314 -6.1314 0.0000
    endloop
  endfacet
  facet normal 3.826834e-01 9.238795e-01 -0.000000e+00
    outer loop
      vertex -26.1314 -6.1314 0.0000
      vertex -26.1314 -6.1314 20.0000
      vertex -25.0000 -6.6000 20.0000
    endloop
  endfacet
  facet normal 3.826834e-01 9.238795e-01 0.000000e+00
    outer loop
      vertex -26.1314 -6.1314 0.0000
      vertex -25.0000 -6.6000 20.0000
      vertex -25.0000 -6.6000 0.0000
    endloop
  endfacet
  facet normal -3.826834e-01 9.238795e-01 0.000000e+00
    outer loop
      vertex -25.0000 -6.6000 0.0000
      vertex -25.0000 -6.6000 20.0000
      vertex -23.8686 -6.1314 20.0000
    endloop
  endfacet
  facet normal -3.826834e-01 9.238795e-01 0.000000e+00
    outer loop
      vertex -25.0000 -6.6000 0.0000
      vertex -23.8686 -6.1314 20.0000
      vertex -23.8686 -6.1314 0.0000
    endloop
  endfacet
  facet normal -9.238795e-01 3.826834e-01 0.000000e+00
    outer loop
      vertex -23.8686 -6.1314 0.0000
      vertex -23.8686 -6.1314 20.0000
      vertex -23.4000 -5.0000 20.0000
    endloop
  endfacet
  facet normal -9.238795e-01 3.826834e-01 0.000000e+00
    outer loop
      vertex -23.8686 -6.1314 0.0000
      vertex -23.4000 -5.0000 20.0000
      vertex -23.4000 -5.0000 0.0000
    endloop
  endfacet
  facet normal -9.238795e-01 -3.826834e-01 0.000000e+00
    outer loop
      vertex -23.4000 0.0000 0.0000
      vertex -23.4000 0.0000 20.0000
      vertex -23.8686 1.1314 20.0000
    endloop
  endfacet
  facet normal -9.238795e-01 -3.826834e-01 0.000000e+00
    outer loop
      vertex -23.4000 0.0000 0.0000
      vertex -23.8686 1.1314 20.0000
      vertex -23.8686 1.1314 0.0000
    endloop
  endfacet
  facet normal -3.826834e-01 -9.238795e-01 0.000000e+00
    outer loop
      vertex -23.8686 1.1314 0.0000
      vertex -23.8686 1.1314 20.0000
      vertex -25.0000 1.6000 20.0000
    endloop
  endfacet
  facet normal -3.826834e-01 -9.238795e-01 0.000000e+00
    outer loop
      vertex -23.8686 1.1314 0.0000
      vertex -25.0000 1.6000 20.0000
      vertex -25.0000 1.6000 0.0000
    endloop
  endfacet
  facet normal 3.826834e-01 -9.238795e-01 0.000000e+00
    outer loop
      vertex -25.0000 1.6000 0.0000
      vertex -25.0000 1.6000 20.0000
      vertex -26.1314 1.1314 20.0000
    endloop
  endfacet
  facet normal 3.826834e-01 -9.238795e-01 0.000000e+00
    outer loop
      vertex -25.0000 1.6000 0.0000
      vertex -26.1314 1.1314 20.0000
      vertex -26.1314 1.1314 0.0000
    endloop
  endfacet
  facet normal 9.238795e-01 -3.826834e-01 0.000000e+00
    outer loop
      vertex -26.1314 1.1314 0.0000
      vertex -26.1314 1.1314 20.0000
      vertex -26.6000 0.0000 20.0000
    endloop
  endfacet
  facet normal 9.238795e-01 -3.826834e-01 0.000000e+00
    outer loop
      vertex -26.1314 1.1314 0.0000
      vertex -26.6000 0.0000 20.0000
      vertex -26.6000 0.0000 0.0000
    endloop
  endfacet
  facet normal 9.238795e-01 3.826834e-01 -0.000000e+00
    outer loop
      vertex -26.6000 0.0000 0.0000
      vertex -26.6000 0.0000 20.0000
      vertex -26.1314 -1.1314 20.0000
    endloop
  endfacet
  facet normal 9.238795e-01 3.826834e-01 0.000000e+00
    outer loop
      vertex -26.6000 0.0000 0.0000
      vertex -26.1314 -1.1314 20.0000
      vertex -26.1314 -1.1314 0.0000
    endloop
  endfacet
  facet normal 3.826834e-01 9.238795e-01 -0.000000e+00
    outer loop
      vertex -26.1314 -1.1314 0.0000
      vertex -26.1314 -1.1314 20.0000
      vertex -25.0000 -1.6000 20.0000
    endloop
  endfacet
  facet normal 3.826834e-01 9.238795e-01 0.000000e+00
    outer loop
      vertex -26.1314 -1.1314 0.0000
      vertex -25.0000 -1.6000 20.0000
      vertex -25.0000 -1.6000 0.0000
    endloop
  endfacet
  facet normal -3.826834e-01 9.238795e-01 0.000000e+00
    outer loop
      vertex -25.0000 -1.6000 0.0000
      vertex -25.0000 -1.6000 20.0000
      vertex -23.8686 -1.1314 20.0000
    endloop
  endfacet
  facet normal -3.826834e-01 9.238795e-01 0.000000e+00
    outer loop
      vertex -25.0000 -1.6000 0.0000
      vertex -23.8686 -1.1314 20.0000
      vertex -23.8686 -1.1314 0.0000
    endloop
  endfacet
  facet normal -9.238795e-01 3.826834e-01 0.000000e+00
    outer loop
      vertex -23.8686 -1.1314 0.0000
      vertex -23.8686 -1.1314 20.0000
      vertex -23.4000 0.0000 20.0000
    endloop
  endfacet
  facet normal -9.238795e-01 3.826834e-01 0.000000e+00
    outer loop
      vertex -23.8686 -1.1314 0.0000
      vertex -23.4000 0.0000 20.0000
      vertex -23.4000 0.0000 0.0000
    endloop
  endfacet
  facet normal -9.238795e-01 -3.826834e-01 0.000000e+00
    outer loop
      vertex -23.4000 5.0000 0.0000
      vertex -23.4000 5.0000 20.0000
      vertex -23.8686 6.1314 20.0000
    endloop
  endfacet
  facet normal -9.238795e-01 -3.826834e-01 0.000000e+00
    outer loop
      vertex -23.4000 5.0000 0.0000
      vertex -23.8686 6.1314 20.0000
      vertex -23.8686 6.1314 0.0000
    endloop
  endfacet
  facet normal -3.826834e-01 -9.238795e-01 0.000000e+00
    outer loop
      vertex -23.8686 6.1314 0.0000
      vertex -23.8686 6.1314 20.0000
      vertex -25.0000 6.6000 20.0000
    endloop
  endfacet
  facet normal -3.826834e-01 -9.238795e-01 0.000000e+00
    outer loop
      vertex -23.8686 6.1314 0.0000
      vertex -25.0000 6.6000 20.0000
      vertex -25.0000 6.6000 0.0000
    endloop
  endfacet
  facet normal 3.826834e-01 -9.238795e-01 0.000000e+00
    outer loop
      vertex -25.0000 6.6000 0.0000
      vertex -25.0000 6.6000 20.0000
      vertex -26.1314 6.1314 20.0000
    endloop
  endfacet
  facet normal 3.826834e-01 -9.238795e-01 0.000000e+00
    outer loop
      vertex -25.0000 6.6000 0.0000
      vertex -26.1314 6.1314 20.0000
      vertex -26.1314 6.1314 0.0000
    endloop
  endfacet
  facet normal 9.238795e-01 -3.826834e-01 0.000000e+00
    outer loop
      vertex -26.1314 6.1314 0.0000
      vertex -26.1314 6.1314 20.0000
      vertex -26.6000 5.0000 20.0000
    endloop
  endfacet
  facet normal 9.238795e-01 -3.826834e-01 0.000000e+00
    outer loop
      vertex -26.1314 6.1314 0.0000
      vertex -26.6000 5.0000 20.0000
      vertex -26.6000 5.0000 0.0000
    endloop
  endfacet
  facet normal 9.238795e-01 3.826834e-01 -0.000000e+00
    outer loop
      vertex -26.6000 5.0000 0.0000
      vertex -26.6000 5.0000 20.0000
      vertex -26.1314 3.8686 20.0000
    endloop
  endfacet
  facet normal 9.238795e-01 3.826834e-01 0.000000e+00
    outer loop
      vertex -26.6000 5.0000 0.0000
      vertex -26.1314 3.8686 20.0000
      vertex -26.1314 3.8686 0.0000
    endloop
  endfacet
  facet normal 3.826834e-01 9.238795e-01 -0.000000e+00
    outer loop
      vertex -26.1314 3.8686 0.0000
      vertex -26.1314 3.8686 20.0000
      vertex -25.0000 3.4000 20.0000
    endloop
  endfacet
  facet normal 3.826834e-01 9.238795e-01 0.000000e+00
    outer loop
      vertex -26.1314 3.8686 0.0000
      vertex -25.0000 3.4000 20.0000
      vertex -25.0000 3.4000 0.0000
    endloop
  endfacet
  facet normal -3.826834e-01 9.238795e-01 0.000000e+00
    outer loop
      vertex -25.0000 3.4000 0.0000
      vertex -25.0000 3.4000 20.0000
      vertex -23.8686 3.8686 20.0000
    endloop
  endfacet
  facet normal -3.826834e-01 9.238795e-01 0.000000e+00
    outer loop
      vertex -25.0000 3.4000 0.0000
      vertex -23.8686 3.8686 20.0000
      vertex -23.8686 3.8686 0.0000
    endloop
  endfacet
  facet normal -9.238795e-01 3.826834e-01 0.000000e+00
    outer loop
      vertex -23.8686 3.8686 0.0000
      vertex -23.8686 3.8686 20.0000
      vertex -23.4000 5.0000 20.0000
    endloop
  endfacet
  facet normal -9.238795e-01 3.826834e-01 0.000000e+00
    outer loop
      vertex -23.8686 3.8686 0.0000
      vertex -23.4000 5.0000 20.0000
      vertex -23.4000 5.0000 0.0000
    endloop
  endfacet
  facet normal -9.238795e-01 -3.826834e-01 0.000000e+00
    outer loop
      vertex -23.4000 10.0000 0.0000
      vertex -23.4000 10.0000 20.0000
      vertex -23.8686 11.1314 20.0000
    endloop
  endfacet
  facet normal -9.238795e-01 -3.826834e-01 0.000000e+00
    outer loop
      vertex -23.4000 10.0000 0.0000
      vertex -23.8686 11.1314 20.0000
      vertex -23.8686 11.1314 0.0000
    endloop
  endfacet
  facet normal -3.826834e-01 -9.238795e-01 0.000000e+00
    outer loop
      vertex -23.8686 11.1314 0.0000
      vertex -23.8686 11.1314 20.0000
      vertex -25.0000 11.6000 20.0000
    endloop
  endfacet
  facet normal -3.826834e-01 -9.238795e-01 0.000000e+00
    outer loop
      vertex -23.8686 11.1314 0.0000
      vertex -25.0000 11.6000 20.0000
      vertex -25.0000 11.6000 0.0000
    endloop
  endfacet
  facet normal 3.826834e-01 -9.238795e-01 0.000000e+00
    outer loop
      vertex -25.0000 11.6000 0.0000
      vertex -25.0000 11.6000 20.0000
      vertex -26.1314 11.1314 20.0000
    endloop
  endfacet
  facet normal 3.826834e-01 -9.238795e-01 0.000000e+00
    outer loop
      vertex -25.0000 11.6000 0.0000
      vertex -26.1314 11.1314 20.0000
      vertex -26.1314 11.1314 0.0000
    endloop
  endfacet
  facet normal 9.238795e-01 -3.826834e-01 0.000000e+00
    outer loop
      vertex -26.1314 11.1314 0.0000
      vertex -26.1314 11.1314 20.0000
      vertex -26.6000 10.0000 20.0000
    endloop
  endfacet
  facet normal 9.238795e-01 -3.826834e-01 0.000000e+00
    outer loop
      vertex -26.1314 11.1314 0.0000
      vertex -26.6000 10.0000 20.0000
      vertex -26.6000 10.0000 0.0000
    endloop
  endfacet
  facet normal 9.238795e-01 3.826834e-01 -0.000000e+00
    outer loop
      vertex -26.6000 10.0000 0.0000
      vertex -26.6000 10.0000 20.0000
      vertex -26.1314 8.8686 20.0000
    endloop
  endfacet
  facet normal 9.238795e-01 3.826834e-01 0.000000e+00
    outer loop
      vertex -26.6000 10.0000 0.0000
      vertex -26.1314 8.8686 20.0000
      vertex -26.1314 8.8686 0.0000
    endloop
  endfacet
  facet normal 3.826834e-01 9.238795e-01 -0.000000e+00
    outer loop
      vertex -26.1314 8.8686 0.0000
      vertex -26.1314 8.8686 20.0000
      vertex -25.0000 8.4000 20.0000
    endloop
  endfacet
  facet normal 3.826834e-01 9.238795e-01 0.000000e+00
    outer loop
      vertex -26.1314 8.8686 0.0000
      vertex -25.0000 8.4000 20.0000
      vertex -25.0000 8.4000 0.0000
    endloop
  endfacet
  facet normal -3.826834e-01 9.238795e-01 0.000000e+00
    outer loop
      vertex -25.0000 8.4000 0.0000
      vertex -25.0000 8.4000 20.0000
      vertex -23.8686 8.8686 20.0000
    endloop
  endfacet
  facet normal -3.826834e-01 9.238795e-01 0.000000e+00
    outer loop
      vertex -25.0000 8.4000 0.0000
      vertex -23.8686 8.8686 20.0000
      vertex -23.8686 8.8686 0.0000
    endloop
  endfacet
  facet normal -9.238795e-01 3.826834e-01 0.000000e+00
    outer loop
      vertex -23.8686 8.8686 0.0000
      vertex -23.8686 8.8686 20.0000
      vertex -23.4000 10.0000 20.0000
    endloop
  endfacet
  facet normal -9.238795e-01 3.826834e-01 0.000000e+00
    outer loop
      vertex -23.8686 8.8686 0.0000
      vertex -23.4000 10.0000 20.0000
      vertex -23.4000 10.0000 0.0000
    endloop
  endfacet
  facet normal -9.238795e-01 -3.826834e-01 0.000000e+00
    outer loop
      vertex -23.4000 15.0000 0.0000
      vertex -23.4000 15.0000 20.0000
      vertex -23.8686 16.1314 20.0000
    endloop
  endfacet
  facet normal -9.238795e-01 -3.826834e-01 0.000000e+00
    outer loop
      vertex -23.4000 15.0000 0.0000
      vertex -23.8686 16.1314 20.0000
      vertex -23.8686 16.1314 0.0000
    endloop
  endfacet
  facet normal -3.826834e-01 -9.238795e-01 0.000000e+00
    outer loop
      vertex -23.8686 16.1314 0.0000
      vertex -23.8686 16.1314 20.0000
      vertex -25.0000 16.6000 20.0000
    endloop
  endfacet
  facet normal -3.826834e-01 -9.238795e-01 0.000000e+00
    outer loop
      vertex -23.8686 16.1314 0.0000
      vertex -25.0000 16.6000 20.0000
      vertex -25.0000 16.6000 0.0000
    endloop
  endfacet
  facet normal 3.826834e-01 -9.238795e-01 0.000000e+00
    outer loop
      vertex -25.0000 16.6000 0.0000
      vertex -25.0000 16.6000 20.0000
      vertex -26.1314 16.1314 20.0000
    endloop
  endfacet
  facet normal 3.826834e-01 -9.238795e-01 0.000000e+00
    outer loop
      vertex -25.0000 16.6000 0.0000
      vertex -26.1314 16.1314 20.0000
      vertex -26.1314 16.1314 0.0000
    endloop
  endfacet
  facet normal 9.238795e-01 -3.826834e-01 0.000000e+00
    outer loop
      vertex -26.1314 16.1314 0.0000
      vertex -26.1314 16.1314 20.0000
      vertex -26.6000 15.0000 20.0000
    endloop
  endfacet
  facet normal 9.238795e-01 -3.826834e-01 0.000000e+00
    outer loop
      vertex -26.1314 16.1314 0.0000
      vertex -26.6000 15.0000 20.0000
      vertex -26.6000 15.0000 0.0000
    endloop
  endfacet
  facet normal 9.238795e-01 3.826834e-01 -0.000000e+00
    outer loop
      vertex -26.6000 15.0000 0.0000
      vertex -26.6000 15.0000 20.0000
      vertex -26.1314 13.8686 20.0000
    endloop
  endfacet
  facet normal 9.238795e-01 3.826834e-01 0.000000e+00
    outer loop
      vertex -26.6000 15.0000 0.0000
      vertex -26.1314 13.8686 20.0000
      vertex -26.1314 13.8686 0.0000
    endloop
  endfacet
  facet normal 3.826834e-01 9.238795e-01 -0.000000e+00
    outer loop
      vertex -26.1314 13.8686 0.0000
      vertex -26.1314 13.8686 20.0000
      vertex -25.0000 13.4000 20.0000
    endloop
  endfacet
  facet normal 3.826834e-01 9.238795e-01 0.000000e+00
    outer loop
      vertex -26.1314 13.8686 0.0000
      vertex -25.0000 13.4000 20.0000
      vertex -25.0000 13.4000 0.0000
    endloop
  endfacet
  facet normal -3.826834e-01 9.238795e-01 0.000000e+00
    outer loop
      vertex -25.0000 13.4000 0.0000
      vertex -25.0000 13.4000 20.0000
      vertex -23.8686 13.8686 20.0000
    endloop
  endfacet
  facet normal -3.826834e-01 9.238795e-01 0.000000e+00
    outer loop
      vertex -25.0000 13.4000 0.0000
      vertex -23.8686 13.8686 20.0000
      vertex -23.8686 13.8686 0.0000
    endloop
  endfacet
  facet normal -9.238795e-01 3.826834e-01 0.000000e+00
    outer loop
      vertex -23.8686 13.8686 0.0000
      vertex -23.8686 13.8686 20.0000
      vertex -23.4000 15.0000 20.0000
    endloop
  endfacet
  facet normal -9.238795e-01 3.826834e-01 0.000000e+00
    outer loop
      vertex -23.8686 13.8686 0.0000
      vertex -23.4000 15.0000 20.0000
      vertex -23.4000 15.0000 0.0000
    endloop
  endfacet
  facet normal -9.238795e-01 -3.826834e-01 0.000000e+00
    outer loop
      vertex -23.4000 20.0000 0.0000
      vertex -23.4000 20.0000 20.0000
      vertex -23.8686 21.1314 20.0000
    endloop
  endfacet
  facet normal -9.238795e-01 -3.826834e-01 0.000000e+00
    outer loop
      vertex -23.4000 20.0000 0.0000
      vertex -23.8686 21.1314 20.0000
      vertex -23.8686 21.1314 0.0000
    endloop
  endfacet
  facet normal -3.826834e-01 -9.238795e-01 0.000000e+00
    outer loop
      vertex -23.8686 21.1314 0.0000
      vertex -23.8686 21.1314 20.0000
      vertex -25.0000 21.6000 20.0000
    endloop
  endfacet
  facet normal -3.826834e-01 -9.238795e-01 0.000000e+00
    outer loop
      vertex -23.8686 21.1314 0.0000
      vertex -25.0000 21.6000 20.0000
      vertex -25.0000 21.6000 0.0000
    endloop
  endfacet
  facet normal 3.826834e-01 -9.238795e-01 0.000000e+00
    outer loop
      vertex -25.0000 21.6000 0.0000
      vertex -25.0000 21.6000 20.0000
      vertex -26.1314 21.1314 20.0000
    endloop
  endfacet
  facet normal 3.826834e-01 -9.238795e-01 0.000000e+00
    outer loop
      vertex -25.0000 21.6000 0.0000
      vertex -26.1314 21.1314 20.0000
      vertex -26.1314 21.1314 0.0000
    endloop
  endfacet
  facet normal 9.238795e-01 -3.826834e-01 0.000000e+00
    outer loop
      vertex -26.1314 21.1314 0.0000
      vertex -26.1314 21.1314 20.0000
      vertex -26.6000 20.0000 20.0000
    endloop
  endfacet
  facet normal 9.238795e-01 -3.826834e-01 0.000000e+00
    outer loop
      vertex -26.1314 21.1314 0.0000
      vertex -26.6000 20.0000 20.0000
      vertex -26.6000 20.0000 0.0000
    endloop
  endfacet
  facet normal 9.238795e-01 3.826834e-01 -0.000000e+00
    outer loop
      vertex -26.6000 20.0000 0.0000
      vertex -26.6000 20.0000 20.0000
      vertex -26.1314 18.8686 20.0000
    endloop
  endfacet
  facet normal 9.238795e-01 3.826834e-01 0.000000e+00
    outer loop
      vertex -26.6000 20.0000 0.0000
      vertex -26.1314 18.8686 20.0000
      vertex -26.1314 18.8686 0.0000
    endloop
  endfacet
  facet normal 3.826834e-01 9.238795e-01 -0.000000e+00
    outer loop
      vertex -26.1314 18.8686 0.0000
      vertex -26.1314 18.8686 20.0000
      vertex -25.0000 18.4000 20.0000
    endloop
  endfacet
  facet normal 3.826834e-01 9.238795e-01 0.000000e+00
    outer loop
      vertex -26.1314 18.8686 0.0000
      vertex -25.0000 18.4000 20.0000
      vertex -25.0000 18.4000 0.0000
    endloop
  endfacet
  facet normal -3.826834e-01 9.238795e-01 0.000000e+00
    outer loop
      vertex -25.0000 18.4000 0.0000
      vertex -25.0000 18.4000 20.0000
      vertex -23.8686 18.8686 20.0000
    endloop
  endfacet
  facet normal -3.826834e-01 9.238795e-01 0.000000e+00
    outer loop
      vertex -25.0000 18.4000 0.0000
      vertex -23.8686 18.8686 20.0000
      vertex -23.8686 18.8686 0.0000
    endloop
  endfacet
  facet normal -9.238795e-01 3.826834e-01 0.000000e+00
    outer loop
      vertex -23.8686 18.8686 0.0000
      vertex -23.8686 18.8686 20.0000
      vertex -23.4000 20.0000 20.0000
    endloop
  endfacet
  facet normal -9.238795e-01 3.826834e-01 0.000000e+00
    outer loop
      vertex -23.8686 18.8686 0.0000
      vertex -23.4000 20.0000 20.0000
      vertex -23.4000 20.0000 0.0000
    endloop
  endfacet
  facet normal -9.238795e-01 -3.826834e-01 0.000000e+00
    outer loop
      vertex -23.4000 25.0000 0.0000
      vertex -23.4000 25.0000 20.0000
      vertex -23.8686 26.1314 20.0000
    endloop
  endfacet
  facet normal -9.238795e-01 -3.826834e-01 0.000000e+00
    outer loop
      vertex -23.4000 25.0000 0.0000
      vertex -23.8686 26.1314 20.0000
      vertex -23.8686 26.1314 0.0000
    endloop
  endfacet
  facet normal -3.826834e-01 -9.238795e-01 0.000000e+00
    outer loop
      vertex -23.8686 26.1314 0.0000
      vertex -23.8686 26.1314 20.0000
      vertex -25.0000 26.6000 20.0000
    endloop
  endfacet
  facet normal -3.826834e-01 -9.238795e-01 0.000000e+00
    outer loop
      vertex -23.8686 26.1314 0.0000
      vertex -25.0000 26.6000 20.0000
      vertex -25.0000 26.6000 0.0000
    endloop
  endfacet
  facet normal 3.826834e-01 -9.238795e-01 0.000000e+00
    outer loop
      vertex -25.0000 26.6000 0.0000
      vertex -25.0000 26.6000 20.0000
      vertex -26.1314 26.1314 20.0000
    endloop
  endfacet
  facet normal 3.826834e-01 -9.238795e-01 0.000000e+00
    outer loop
      vertex -25.0000 26.6000 0.0000
      vertex -26.1314 26.1314 20.0000
      vertex -26.1314 26.1314 0.0000
    endloop
  endfacet
  facet normal 9.238795e-01 -3.826834e-01 0.000000e+00
    outer loop
      vertex -26.1314 26.1314 0.0000
      vertex -26.1314 26.1314 20.0000
      vertex -26.6000 25.0000 20.0000
    endloop
  endfacet
  facet normal 9.238795e-01 -3.826834e-01 0.000000e+00
    outer loop
      vertex -26.1314 26.1314 0.0000
      vertex -26.6000 25.0000 20.0000
      vertex -26.6000 25.0000 0.0000
    endloop
  endfacet
  facet normal 9.238795e-01 3.826834e-01 -0.000000e+00
    outer loop
      vertex -26.6000 25.0000 0.0000
      vertex -26.6000 25.0000 20.0000
      vertex -26.1314 23.8686 20.0000
    endloop
  endfacet
  facet normal 9.238795e-01 3.826834e-01 0.000000e+00
    outer loop
      vertex -26.6000 25.0000 0.0000
      vertex -26.1314 23.8686 20.0000
      vertex -26.1314 23.8686 0.0000
    endloop
  endfacet
  facet normal 3.826834e-01 9.238795e-01 -0.000000e+00
    outer loop
      vertex -26.1314 23.8686 0.0000
      vertex -26.1314 23.8686 20.0000
      vertex -25.0000 23.4000 20.0000
    endloop
  endfacet
  facet normal 3.826834e-01 9.238795e-01 0.000000e+00
    outer loop
      vertex -26.1314 23.8686 0.0000
      vertex -25.0000 23.4000 20.0000
      vertex -25.0000 23.4000 0.0000
    endloop
  endfacet
  facet normal -3.826834e-01 9.238795e-01 0.000000e+00
    outer loop
      vertex -25.0000 23.4000 0.0000
      vertex -25.0000 23.4000 20.0000
      vertex -23.8686 23.8686 20.0000
    endloop
  endfacet
  facet normal -3.826834e-01 9.238795e-01 0.000000e+00
    outer loop
      vertex -25.0000 23.4000 0.0000
      vertex -23.8686 23.8686 20.0000
      vertex -23.8686 23.8686 0.0000
    endloop
  endfacet
  facet normal -9.238795e-01 3.826834e-01 0.000000e+00
    outer loop
      vertex -23.8686 23.8686 0.0000
      vertex -23.8686 23.8686 20.0000
      vertex -23.4000 25.0000 20.0000
    endloop
  endfacet
  facet normal -9.238795e-01 3.826834e-01 0.000000e+00
    outer loop
      vertex -23.8686 23.8686 0.0000
      vertex -23.4000 25.0000 20.0000
      vertex -23.4000 25.0000 0.0000
    endloop
  endfacet
  facet normal -9.238795e-01 -3.826834e-01 0.000000e+00
    outer loop
      vertex -23.4000 30.0000 0.0000
      vertex -23.4000 30.0000 20.0000
      vertex -23.8686 31.1314 20.0000
    endloop
  endfacet
  facet normal -9.238795e-01 -3.826834e-01 0.000000e+00
    outer loop
      vertex -23.4000 30.0000 0.0000
      vertex -23.8686 31.1314 20.0000
      vertex -23.8686 31.1314 0.0000
    endloop
  endfacet
  facet normal -3.826834e-01 -9.238795e-01 0.000000e+00
    outer loop
      vertex -23.8686 31.1314 0.0000
      vertex -23.8686 31.1314 20.0000
      vertex -25.0000 31.6000 20.0000
    endloop
  endfacet
  facet normal -3.826834e-01 -9.238795e-01 0.000000e+00
    outer loop
      vertex -23.8686 31.1314 0.0000
      vertex -25.0000 31.6000 20.0000
      vertex -25.0000 31.6000 0.0000
    endloop
  endfacet
  facet normal 3.826834e-01 -9.238795e-01 0.000000e+00
    outer loop
      vertex -25.0000 31.6000 0.0000
      vertex -25.0000 31.6000 20.0000
      vertex -26.1314 31.1314 20.0000
    endloop
  endfacet
  facet normal 3.826834e-01 -9.238795e-01 0.000000e+00
    outer loop
      vertex -25.0000 31.6000 0.0000
      vertex -26.1314 31.1314 20.0000
      vertex -26.1314 31.1314 0.0000
    endloop
  endfacet
  facet normal 9.238795e-01 -3.826834e-01 0.000000e+00
    outer loop
      vertex -26.1314 31.1314 0.0000
      vertex -26.1314 31.1314 20.0000
      vertex -26.6000 30.0000 20.0000
    endloop
  endfacet
  facet normal 9.238795e-01 -3.826834e-01 0.000000e+00
    outer loop
      vertex -26.1314 31.1314 0.0000
      vertex -26.6000 30.0000 20.0000
      vertex -26.6000 30.0000 0.0000
    endloop
  endfacet
  facet normal 9.238795e-01 3.826834e-01 -0.000000e+00
    outer loop
      vertex -26.6000 30.0000 0.0000
      vertex -26.6000 30.0000 20.0000
      vertex -26.1314 28.8686 20.0000
    endloop
  endfacet
  facet normal 9.238795e-01 3.826834e-01 0.000000e+00
    outer loop
      vertex -26.6000 30.0000 0.0000
      vertex -26.1314 28.8686 20.0000
      vertex -26.1314 28.8686 0.0000
    endloop
  endfacet
  facet normal 3.826834e-01 9.238795e-01 -0.000000e+00
    outer loop
      vertex -26.1314 28.8686 0.0000
      vertex -26.1314 28.8686 20.0000
      vertex -25.0000 28.4000 20.0000
    endloop
  endfacet
  facet normal 3.826834e-01 9.238795e-01 0.000000e+00
    outer loop
      vertex -26.1314 28.8686 0.0000
      vertex -25.0000 28.4000 20.0000
      vertex -25.0000 28.4000 0.0000
    endloop
  endfacet
  facet normal -3.826834e-01 9.238795e-01 0.000000e+00
    outer loop
      vertex -25.0000 28.4000 0.0000
      vertex -25.0000 28.4000 20.0000
      vertex -23.8686 28.8686 20.0000
    endloop
  endfacet
  facet normal -3.826834e-01 9.238795e-01 0.000000e+00
    outer loop
      vertex -25.0000 28.4000 0.0000
      vertex -23.8686 28.8686 20.0000
      vertex -23.8686 28.8686 0.0000
    endloop
  endfacet
  facet normal -9.238795e-01 3.826834e-01 0.000000e+00
    outer loop
      vertex -23.8686 28.8686 0.0000
      vertex -23.8686 28.8686 20.0000
      vertex -23.4000 30.0000 20.0000
    endloop
  endfacet
  facet normal -9.238795e-01 3.826834e-01 0.000000e+00
    outer loop
      vertex -23.8686 28.8686 0.0000
      vertex -23.4000 30.0000 20.0000
      vertex -23.4000 30.0000 0.0000
    endloop
  endfacet
  facet normal -9.238795e-01 -3.826834e-01 0.000000e+00
    outer loop
      vertex -18.4000 -30.0000 0.0000
      vertex -18.4000 -30.0000 20.0000
      vertex -18.8686 -28.8686 20.0000
    endloop
  endfacet
  facet normal -9.238795e-01 -3.826834e-01 0.000000e+00
    outer loop
      vertex -18.4000 -30.0000 0.0000
      vertex -18.8686 -28.8686 20.0000
      vertex -18.8686 -28.8686 0.0000
    endloop
  endfacet
  facet normal -3.826834e-01 -9.238795e-01 0.000000e+00
    outer loop
      vertex -18.8686 -28.8686 0.0000
      vertex -18.8686 -28.8686 20.0000
      vertex -20.0000 -28.4000 20.0000
    endloop
  endfacet
  facet normal -3.826834e-01 -9.238795e-01 0.000000e+00
    outer loop
      vertex -18.8686 -28.8686 0.0000
      vertex -20.0000 -28.4000 20.0000
      vertex -20.0000 -28.4000 0.0000
    endloop
  endfacet
  facet normal 3.826834e-01 -9.238795e-01 0.000000e+00
    outer loop
      vertex -20.0000 -28.4000 0.0000
      vertex -20.0000 -28.4000 20.0000
      vertex -21.1314 -28.8686 20.0000
    endloop
  endfacet
  facet normal 3.826834e-01 -9.238795e-01 0.000000e+00
    outer loop
      vertex -20.0000 -28.4000 0.0000
      vertex -21.1314 -28.8686 20.0000
      vertex -21.1314 -28.8686 0.0000
    endloop
  endfacet
  facet normal 9.238795e-01 -3.826834e-01 0.000000e+00
    outer loop
      vertex -21.1314 -28.8686 0.0000
      vertex -21.1314 -28.8686 20.0000
      vertex -21.6000 -30.0000 20.0000
    endloop
  endfacet
  facet normal 9.238795e-01 -3.826834e-01 0.000000e+00
    outer loop
      vertex -21.1314 -28.8686 0.0000
      vertex -21.6000 -30.0000 20.0000
      vertex -21.6000 -30.0000 0.0000
    endloop
  endfacet
  facet normal 9.238795e-01 3.826834e-01 -0.000000e+00
    outer loop
      vertex -21.6000 -30.0000 0.0000
      vertex -21.6000 -30.0000 20.0000
      vertex -21.1314 -31.1314 20.0000
    endloop
  endfacet
  facet normal 9.238795e-01 3.826834e-01 0.000000e+00
    outer loop
      vertex -21.6000 -30.0000 0.0000
      vertex -21.1314 -31.1314 20.0000
      vertex -21.1314 -31.1314 0.0000
    endloop
  endfacet
  facet normal 3.826834e-01 9.238795e-01 -0.000000e+00
    outer loop
      vertex -21.1314 -31.1314 0.0000
      vertex -21.1314 -31.1314 20.0000
      vertex -20.0000 -31.6000 20.0000
    endloop
  endfacet
  facet normal 3.826834e-01 9.238795e-01 0.000000e+00
    outer loop
      vertex -21.1314 -31.1314 0.0000
      vertex -20.0000 -31.6000 20.0000
      vertex -20.0000 -31.6000 0.0000
    endloop
  endfacet
  facet normal -3.826834e-01 9.238795e-01 0.000000e+00
    outer loop
      vertex -20.0000 -31.6000 0.0000
      vertex -20.0000 -31.6000 20.0000
      vertex -18.8686 -31.1314 20.0000
    endloop
  endfacet
  facet normal -3.826834e-01 9.238795e-01 0.000000e+00
    outer loop
      vertex -20.0000 -31.6000 0.0000
      vertex -18.8686 -31.1314 20.0000
      vertex -18.8686 -31.1314 0.0000
    endloop
  endfacet
  facet normal -9.238795e-01 3.826834e-01 0.000000e+00
    outer loop
      vertex -18.8686 -31.1314 0.0000
      vertex -18.8686 -31.1314 20.0000
      vertex -18.4000 -30.0000 20.0000
    endloop
  endfacet
  facet normal -9.238795e-01 3.826834e-01 0.000000e+00
    outer loop
      vertex -18.8686 -31.1314 0.0000
      vertex -18.4000 -30.0000 20.0000
      vertex -18.4000 -30.0000 0.0000
    endloop
  endfacet
  facet normal -9.238795e-01 -3.826834e-01 0.000000e+00
    outer loop
      vertex -18.4000 -25.0000 0.0000
      vertex -18.4000 -25.0000 20.0000
      vertex -18.8686 -23.8686 20.0000
    endloop
  endfacet
  facet normal -9.238795e-01 -3.826834e-01 0.000000e+00
    outer loop
      vertex -18.4000 -25.0000 0.0000
      vertex -18.8686 -23.8686 20.0000
      vertex -18.8686 -23.8686 0.0000
    endloop
  endfacet
  facet normal -3.826834e-01 -9.238795e-01 0.000000e+00
    outer loop
      vertex -18.8686 -23.8686 0.0000
      vertex -18.8686 -23.8686 20.0000
      vertex -20.0000 -23.4000 20.0000
    endloop
  endfacet
  facet normal -3.826834e-01 -9.238795e-01 0.000000e+00
    outer loop
      vertex -18.8686 -23.8686 0.0000
      vertex -20.0000 -23.4000 20.0000
      vertex -20.0000 -23.4000 0.0000
    endloop
  endfacet
  facet normal 3.826834e-01 -9.238795e-01 0.000000e+00
    outer loop
      vertex -20.0000 -23.4000 0.0000
      vertex -20.0000 -23.4000 20.0000
      vertex -21.1314 -23.8686 20.0000
    endloop
  endfacet
  facet normal 3.826834e-01 -9.238795e-01 0.000000e+00
    outer loop
      vertex -20.0000 -23.4000 0.0000
      vertex -21.1314 -23.8686 20.0000
      vertex -21.1314 -23.8686 0.0000
    endloop
  endfacet
  facet normal 9.238795e-01 -3.826834e-01 0.000000e+00
    outer loop
      vertex -21.1314 -23.8686 0.0000
      vertex -21.1314 -23.8686 20.0000
      vertex -21.6000 -25.0000 20.0000
    endloop
  endfacet
  facet normal 9.238795e-01 -3.826834e-01 0.000000e+00
    outer loop
      vertex -21.1314 -23.8686 0.0000
      vertex -21.6000 -25.0000 20.0000
      vertex -21.6000 -25.0000 0.0000
    endloop
  endfacet
  facet normal 9.238795e-01 3.826834e-01 -0.000000e+00
    outer loop
      vertex -21.6000 -25.0000 0.0000
      vertex -21.6000 -25.0000 20.0000
      vertex -21.1314 -26.1314 20.0000
    endloop
  endfacet
  facet normal 9.238795e-01 3.826834e-01 0.000000e+00
    outer loop
      vertex -21.6000 -25.0000 0.0000
      vertex -21.1314 -26.1314 20.0000
      vertex -21.1314 -26.1314 0.0000
    endloop
  endfacet
  facet normal 3.826834e-01 9.238795e-01 -0.000000e+00
    outer loop
      vertex -21.1314 -26.1314 0.0000
      vertex -21.1314 -26.1314 20.0000
      vertex -20.0000 -26.6000 20.0000
    endloop
  endfacet
  facet normal 3.826834e-01 9.238795e-01 0.000000e+00
    outer loop
      vertex -21.1314 -26.1314 0.0000
      vertex -20.0000 -26.6000 20.0000
      vertex -20.0000 -26.6000 0.0000
    endloop
  endfacet
  facet normal -3.826834e-01 9.238795e-01 0.000000e+00
    outer loop
      vertex -20.0000 -26.6000 0.0000
      vertex -20.0000 -26.6000 20.0000
      vertex -18.8686 -26.1314 20.0000
    endloop
  endfacet
  facet normal -3.826834e-01 9.238795e-01 0.000000e+00
    outer loop
      vertex -20.0000 -26.6000 0.0000
      vertex -18.8686 -26.1314 20.0000
      vertex -18.8686 -26.1314 0.0000
    endloop
  endfacet
  facet normal -9.238795e-01 3.826834e-01 0.000000e+00
    outer loop
      vertex -18.8686 -26.1314 0.0000
      vertex -18.8686 -26.1314 20.0000
      vertex -18.4000 -25.0000 20.0000
    endloop
  endfacet
  facet normal -9.238795e-01 3.826834e-01 0.000000e+00
    outer loop
      vertex -18.8686 -26.1314 0.0000
      vertex -18.4000 -25.0000 20.0000
      vertex -18.4000 -25.0000 0.0000
    endloop
  endfacet
  facet normal -9.238795e-01 -3.826834e-01 0.000000e+00
    outer loop
      vertex -18.4000 -20.0000 0.0000
      vertex -18.4000 -20.0000 20.0000
      vertex -18.8686 -18.8686 20.0000
    endloop
  endfacet
  facet normal -9.238795e-01 -3.826834e-01 0.000000e+00
    outer loop
      vertex -18.4000 -20.0000 0.0000
      vertex -18.8686 -18.8686 20.0000
      vertex -18.8686 -18.8686 0.0000
    endloop
  endfacet
  facet normal -3.826834e-01 -9.238795e-01 0.000000e+00
    outer loop
      vertex -18.8686 -18.8686 0.0000
      vertex -18.8686 -18.8686 20.0000
      vertex -20.0000 -18.4000 20.0000
    endloop
  endfacet
  facet normal -3.826834e-01 -9.238795e-01 0.000000e+00
    outer loop
      vertex -18.8686 -18.8686 0.0000
      vertex -20.0000 -18.4000 20.0000
      vertex -20.0000 -18.4000 0.0000
    endloop
  endfacet
  facet normal 3.826834e-01 -9.238795e-01 0.000000e+00
    outer loop
      vertex -20.0000 -18.4000 0.0000
      vertex -20.0000 -18.4000 20.0000
      vertex -21.1314 -18.8686 20.0000
    endloop
  endfacet
  facet normal 3.826834e-01 -9.238795e-01 0.000000e+00
    outer loop
      vertex -20.0000 -18.4000 0.0000
      vertex -21.1314 -18.8686 20.0000
      vertex -21.1314 -18.8686 0.0000
    endloop
  endfacet
  facet normal 9.238795e-01 -3.826834e-01 0.000000e+00
    outer loop
      vertex -21.1314 -18.8686 0.0000
      vertex -21.1314 -18.8686 20.0000
      vertex -21.6000 -20.0000 20.0000
    endloop
  endfacet
  facet normal 9.238795e-01 -3.826834e-01 0.000000e+00
    outer loop
      vertex -21.1314 -18.8686 0.0000
      vertex -21.6000 -20.0000 20.0000
      vertex -21.6000 -20.0000 0.0000
    endloop
  endfacet
  facet normal 9.238795e-01 3.826834e-01 -0.000000e+00
    outer loop
      vertex -21.6000 -20.0000 0.0000
      vertex -21.6000 -20.0000 20.0000
      vertex -21.1314 -21.1314 20.0000
    endloop
  endfacet
  facet normal 9.238795e-01 3.826834e-01 0.000000e+00
    outer loop
      vertex -21.6000 -20.0000 0.0000
      vertex -21.1314 -21.1314 20.0000
      vertex -21.1314 -21.1314 0.0000
    endloop
  endfacet
  facet normal 3.826834e-01 9.238795e-01 -0.000000e+00
    outer loop
      vertex -21.1314 -21.1314 0.0000
      vertex -21.1314 -21.1314 20.0000
      vertex -20.0000 -21.6000 20.0000
    endloop
  endfacet
  facet normal 3.826834e-01 9.238795e-01 0.000000e+00
    outer loop
      vertex -21.1314 -21.1314 0.0000
      vertex -20.0000 -21.6000 20.0000
      vertex -20.0000 -21.6000 0.0000
    endloop
  endfacet
  facet normal -3.826834e-01 9.238795e-01 0.000000e+00
    outer loop
      vertex -20.0000 -21.6000 0.0000
      vertex -20.0000 -21.6000 20.0000
      vertex -18.8686 -21.1314 20.0000
    endloop
  endfacet
  facet normal -3.826834e-01 9.238795e-01 0.000000e+00
    outer loop
      vertex -20.0000 -21.6000 0.0000
      vertex -18.8686 -21.1314 20.0000
      vertex -18.8686 -21.1314 0.0000
    endloop
  endfacet
  facet normal -9.238795e-01 3.826834e-01 0.000000e+00
    outer loop
      vertex -18.8686 -21.1314 0.0000
      vertex -18.8686 -21.1314 20.0000
      vertex -18.4000 -20.0000 20.0000
    endloop
  endfacet
  facet normal -9.238795e-01 3.826834e-01 0.000000e+00
    outer loop
      vertex -18.8686 -21.1314 0.0000
      vertex -18.4000 -20.0000 20.0000
      vertex -18.4000 -20.0000 0.0000
    endloop
  endfacet
  facet normal -9.238795e-01 -3.826834e-01 0.000000e+00
    outer loop
      vertex -18.4000 -15.0000 0.0000
      vertex -18.4000 -15.0000 20.0000
      vertex -18.8686 -13.8686 20.0000
    endloop
  endfacet
  facet normal -9.238795e-01 -3.826834e-01 0.000000e+00
    outer loop
      vertex -18.4000 -15.0000 0.0000
      vertex -18.8686 -13.8686 20.0000
      vertex -18.8686 -13.8686 0.0000
    endloop
  endfacet
  facet normal -3.826834e-01 -9.238795e-01 0.000000e+00
    outer loop
      vertex -18.8686 -13.8686 0.0000
      vertex -18.8686 -13.8686 20.0000
      vertex -20.0000 -13.4000 20.0000
    endloop
  endfacet
  facet normal -3.826834e-01 -9.238795e-01 0.000000e+00
    outer loop
      vertex -18.8686 -13.8686 0.0000
      vertex -20.0000 -13.4000 20.0000
      vertex -20.0000 -13.4000 0.0000
    endloop
  endfacet
  facet normal 3.826834e-01 -9.238795e-01 0.000000e+00
    outer loop
      vertex -20.0000 -13.4000 0.0000
      vertex -20.0000 -13.4000 20.0000
      vertex -21.1314 -13.8686 20.0000
    endloop
  endfacet
  facet normal 3.826834e-01 -9.238795e-01 0.000000e+00
    outer loop
      vertex -20.0000 -13.4000 0.0000
      vertex -21.1314 -13.8686 20.0000
      vertex -21.1314 -13.8686 0.0000
    endloop
  endfacet
  facet normal 9.238795e-01 -3.826834e-01 0.000000e+00
    outer loop
      vertex -21.1314 -13.8686 0.0000
      vertex -21.1314 -13.8686 20.0000
      vertex -21.6000 -15.0000 20.0000
    endloop
  endfacet
  facet normal 9.238795e-01 -3.826834e-01 0.000000e+00
    outer loop
      vertex -21.1314 -13.8686 0.0000
      vertex -21.6000 -15.0000 20.0000
      vertex -21.6000 -15.0000 0.0000
    endloop
  endfacet
  facet normal 9.238795e-01 3.826834e-01 -0.000000e+00
    outer loop
      vertex -21.6000 -15.0000 0.0000
      vertex -21.6000 -15.0000 20.0000
      vertex -21.1314 -16.1314 20.0000
    endloop
  endfacet
  facet normal 9.238795e-01 3.826834e-01 0.000000e+00
    outer loop
      vertex -21.6000 -15.0000 0.0000
      vertex -21.1314 -16.1314 20.0000
      vertex -21.1314 -16.1314 0.0000
    endloop
  endfacet
  facet normal 3.826834e-01 9.238795e-01 -0.000000e+00
    outer loop
      vertex -21.1314 -16.1314 0.0000
      vertex -21.1314 -16.1314 20.0000
      vertex -20.0000 -16.6000 20.0000
    endloop
  endfacet
  facet normal 3.826834e-01 9.238795e-01 0.000000e+00
    outer loop
      vertex -21.1314 -16.1314 0.0000
      vertex -20.0000 -16.6000 20.0000
      vertex -20.0000 -16.6000 0.0000
    endloop
  endfacet
  facet normal -3.826834e-01 9.238795e-01 0.000000e+00
    outer loop
      vertex -20.0000 -16.6000 0.0000
      vertex -20.0000 -16.6000 20.0000
      vertex -18.8686 -16.1314 20.0000
    endloop
  endfacet
  facet normal -3.826834e-01 9.238795e-01 0.000000e+00
    outer loop
      vertex -20.0000 -16.6000 0.0000
      vertex -18.8686 -16.1314 20.0000
      vertex -18.8686 -16.1314 0.0000
    endloop
  endfacet
  facet normal -9.238795e-01 3.826834e-01 0.000000e+00
    outer loop
      vertex -18.8686 -16.1314 0.0000
      vertex -18.8686 -16.1314 20.0000
      vertex -18.4000 -15.0000 20.0000
    endloop
  endfacet
  facet normal -9.238795e-01 3.826834e-01 0.000000e+00
    outer loop
      vertex -18.8686 -16.1314 0.0000
      vertex -18.4000 -15.0000 20.0000
      vertex -18.4000 -15.0000 0.0000
    endloop
  endfacet
  facet normal -9.238795e-01 -3.826834e-01 0.000000e+00
    outer loop
      vertex -18.4000 -10.0000 0.0000
      vertex -18.4000 -10.0000 20.0000
      vertex -18.8686 -8.8686 20.0000
    endloop
  endfacet
  facet normal -9.238795e-01 -3.826834e-01 0.000000e+00
    outer loop
      vertex -18.4000 -10.0000 0.0000
      vertex -18.8686 -8.8686 20.0000
      vertex -18.8686 -8.8686 0.0000
    endloop
  endfacet
  facet normal -3.826834e-01 -9.238795e-01 0.000000e+00
    outer loop
      vertex -18.8686 -8.8686 0.0000
      vertex -18.8686 -8.8686 20.0000
      vertex -20.0000 -8.4000 20.0000
    endloop
  endfacet
  facet normal -3.826834e-01 -9.238795e-01 0.000000e+00
    outer loop
      vertex -18.8686 -8.8686 0.0000
      vertex -20.0000 -8.4000 20.0000
      vertex -20.0000 -8.4000 0.0000
    endloop
  endfacet
  facet normal 3.826834e-01 -9.238795e-01 0.000000e+00
    outer loop
      vertex -20.0000 -8.4000 0.0000
      vertex -20.0000 -8.4000 20.0000
      vertex -21.1314 -8.8686 20.0000
    endloop
  endfacet
  facet normal 3.826834e-01 -9.238795e-01 0.000000e+00
    outer loop
      vertex -20.0000 -8.4000 0.0000
      vertex -21.1314 -8.8686 20.0000
      vertex -21.1314 -8.8686 0.0000
    endloop
  endfacet
  facet normal 9.238795e-01 -3.826834e-01 0.000000e+00
    outer loop
      vertex -21.1314 -8.8686 0.0000
      vertex -21.1314 -8.8686 20.0000
      vertex -21.6000 -10.0000 20.0000
    endloop
  endfacet
  facet normal 9.238795e-01 -3.826834e-01 0.000000e+00
    outer loop
      vertex -21.1314 -8.8686 0.0000
      vertex -21.6000 -10.0000 20.0000
      vertex -21.6000 -10.0000 0.0000
    endloop
  endfacet
  facet normal 9.238795e-01 3.826834e-01 -0.000000e+00
    outer loop
      vertex -21.6000 -10.0000 0.0000
      vertex -21.6000 -10.0000 20.0000
      vertex -21.1314 -11.1314 20.0000
    endloop
  endfacet
  facet normal 9.238795e-01 3.826834e-01 0.000000e+00
    outer loop
      vertex -21.6000 -10.0000 0.0000
      vertex -21.1314 -11.1314 20.0000
      vertex -21.1314 -11.1314 0.0000
    endloop
  endfacet
  facet normal 3.826834e-01 9.238795e-01 -0.000000e+00
    outer loop
      vertex -21.1314 -11.1314 0.0000
      vertex -21.1314 -11.1314 20.0000
      vertex -20.0000 -11.6000 20.0000
    endloop
  endfacet
  facet normal 3.826834e-01 9.238795e-01 0.000000e+00
    outer loop
      vertex -21.1314 -11.1314 0.0000
      vertex -20.0000 -11.6000 20.0000
      vertex -20.0000 -11.6000 0.0000
    endloop
  endfacet
  facet normal -3.826834e-01 9.238795e-01 0.000000e+00
    outer loop
      vertex -20.0000 -11.6000 0.0000
      vertex -20.0000 -11.6000 20.0000
      vertex -18.8686 -11.1314 20.0000
    endloop
  endfacet
  facet normal -3.826834e-01 9.238795e-01 0.000000e+00
    outer loop
      vertex -20.0000 -11.6000 0.0000
      vertex -18.8686 -11.1314 20.0000
      vertex -18.8686 -11.1314 0.0000
    endloop
  endfacet
  facet normal -9.238795e-01 3.826834e-01 0.000000e+00
    outer loop
      vertex -18.8686 -11.1314 0.0000
      vertex -18.8686 -11.1314 20.0000
      vertex -18.4000 -10.0000 20.0000
    endloop
  endfacet
  facet normal -9.238795e-01 3.826834e-01 0.000000e+00
    outer loop
      vertex -18.8686 -11.1314 0.0000
      vertex -18.4000 -10.0000 20.0000
      vertex -18.4000 -10.0000 0.0000
    endloop
  endfacet
  facet normal -9.238795e-01 -3.826834e-01 0.000000e+00
    outer loop
      vertex -18.4000 -5.0000 0.0000
      vertex -18.4000 -5.0000 20.0000
      vertex -18.8686 -3.8686 20.0000
    endloop
  endfacet
  facet normal -9.238795e-01 -3.826834e-01 0.000000e+00
    outer loop
      vertex -18.4000 -5.0000 0.0000
      vertex -18.8686 -3.8686 20.0000
      vertex -18.8686 -3.8686 0.0000
    endloop
  endfacet
  facet normal -3.826834e-01 -9.238795e-01 0.000000e+00
    outer loop
      vertex -18.8686 -3.8686 0.0000
      vertex -18.8686 -3.8686 20.0000
      vertex -20.0000 -3.4000 20.0000
    endloop
  endfacet
  facet normal -3.826834e-01 -9.238795e-01 0.000000e+00
    outer loop
      vertex -18.8686 -3.8686 0.0000
      vertex -20.0000 -3.4000 20.0000
      vertex -20.0000 -3.4000 0.0000
    endloop
  endfacet
  facet normal 3.826834e-01 -9.238795e-01 0.000000e+00
    outer loop
      vertex -20.0000 -3.4000 0.0000
      vertex -20.0000 -3.4000 20.0000
      vertex -21.1314 -3.8686 20.0000
    endloop
  endfacet
  facet normal 3.826834e-01 -9.238795e-01 0.000000e+00
    outer loop
      vertex -20.0000 -3.4000 0.0000
      vertex -21.1314 -3.8686 20.0000
      vertex -21.1314 -3.8686 0.0000
    endloop
  endfacet
  facet normal 9.238795e-01 -3.826834e-01 0.000000e+00
    outer loop
      vertex -21.1314 -3.8686 0.0000
      vertex -21.1314 -3.8686 20.0000
      vertex -21.6000 -5.0000 20.0000
    endloop
  endfacet
  facet normal 9.238795e-01 -3.826834e-01 0.000000e+00
    outer loop
      vertex -21.1314 -3.8686 0.0000
      vertex -21.6000 -5.0000 20.0000
      vertex -21.6000 -5.0000 0.0000
    endloop
  endfacet
  facet normal 9.238795e-01 3.826834e-01 -0.000000e+00
    outer loop
      vertex -21.6000 -5.0000 0.0000
      vertex -21.6000 -5.0000 20.0000
      vertex -21.1314 -6.1314 20.0000
    endloop
  endfacet
  facet normal 9.238795e-01 3.826834e-01 0.000000e+00
    outer loop
      vertex -21.6000 -5.0000 0.0000
      vertex -21.1314 -6.1314 20.0000
      vertex -21.1314 -6.1314 0.0000
    endloop
  endfacet
  facet normal 3.826834e-01 9.238795e-01 -0.000000e+00
    outer loop
      vertex -21.1314 -6.1314 0.0000
      vertex -21.1314 -6.1314 20.0000
      vertex -20.0000 -6.6000 20.0000
    endloop
  endfacet
  facet normal 3.826834e-01 9.238795e-01 0.000000e+00
    outer loop
      vertex -21.1314 -6.1314 0.0000
      vertex -20.0000 -6.6000 20.0000
      vertex -20.0000 -6.6000 0.0000
    endloop
  endfacet
  facet normal -3.826834e-01 9.238795e-01 0.000000e+00
    outer loop
      vertex -20.0000 -6.6000 0.0000
      vertex -20.0000 -6.6000 20.0000
      vertex -18.8686 -6.1314 20.0000
    endloop
  endfacet
  facet normal -3.826834e-01 9.238795e-01 0.000000e+00
    outer loop
      vertex -20.0000 -6.6000 0.0000
      vertex -18.8686 -6.1314 20.0000
      vertex -18.8686 -6.1314 0.0000
    endloop
  endfacet
  facet normal -9.238795e-01 3.826834e-01 0.000000e+00
    outer loop
      vertex -18.8686 -6.1314 0.0000
      vertex -18.8686 -6.1314 20.0000
      vertex -18.4000 -5.0000 20.0000
    endloop
  endfacet
  facet normal -9.238795e-01 3.826834e-01 0.000000e+00
    outer loop
      vertex -18.8686 -6.1314 0.0000
      vertex -18.4000 -5.0000 20.0000
      vertex -18.4000 -5.0000 0.0000
    endloop
  endfacet
  facet normal -9.238795e-01 -3.826834e-01 0.000000e+00
    outer loop
      vertex -18.4000 0.0000 0.0000
      vertex -18.4000 0.0000 20.0000
      vertex -18.8686 1.1314 20.0000
    endloop
  endfacet
  facet normal -9.238795e-01 -3.826834e-01 0.000000e+00
    outer loop
      vertex -18.4000 0.0000 0.0000
      vertex -18.8686 1.1314 20.0000
      vertex -18.8686 1.1314 0.0000
    endloop
  endfacet
  facet normal -3.826834e-01 -9.238795e-01 0.000000e+00
    outer loop
      vertex -18.8686 1.1314 0.0000
      vertex -18.8686 1.1314 20.0000
      vertex -20.0000 1.6000 20.0000
    endloop
  endfacet
  facet normal -3.826834e-01 -9.238795e-01 0.000000e+00
    outer loop
      vertex -18.8686 1.1314 0.0000
      vertex -20.0000 1.6000 20.0000
      vertex -20.0000 1.6000 0.0000
    endloop
  endfacet
  facet normal 3.826834e-01 -9.238795e-01 0.000000e+00
    outer loop
      vertex -20.0000 1.6000 0.0000
      vertex -20.0000 1.6000 20.0000
      vertex -21.1314 1.1314 20.0000
    endloop
  endfacet
  facet normal 3.826834e-01 -9.238795e-01 0.000000e+00
    outer loop
      vertex -20.0000 1.6000 0.0000
      vertex -21.1314 1.1314 20.0000
      vertex -21.1314 1.1314 0.0000
    endloop
  endfacet
  facet normal 9.238795e-01 -3.826834e-01 0.000000e+00
    outer loop
      vertex -21.1314 1.1314 0.0000
      vertex -21.1314 1.1314 20.0000
      vertex -21.6000 0.0000 20.0000
    endloop
  endfacet
  facet normal 9.238795e-01 -3.826834e-01 0.000000e+00
    outer loop
      vertex -21.1314 1.1314 0.0000
      vertex -21.6000 0.0000 20.0000
      vertex -21.6000 0.0000 0.0000
    endloop
  endfacet
  facet normal 9.238795e-01 3.826834e-01 -0.000000e+00
    outer loop
      vertex -21.6000 0.0000 0.0000
      vertex -21.6000 0.0000 20.0000
      vertex -21.1314 -1.1314 20.0000
    endloop
  endfacet
  facet normal 9.238795e-01 3.826834e-01 0.000000e+00
    outer loop
      vertex -21.6000 0.0000 0.0000
      vertex -21.1314 -1.1314 20.0000
      vertex -21.1314 -1.1314 0.0000
    endloop
  endfacet
  facet normal 3.826834e-01 9.238795e-01 -0.000000e+00
    outer loop
      vertex -21.1314 -1.1314 0.0000
      vertex -21.1314 -1.1314 20.0000
      vertex -20.0000 -1.6000 20.0000
    endloop
  endfacet
  facet normal 3.826834e-01 9.238795e-01 0.000000e+00
    outer loop
      vertex -21.1314 -1.1314 0.0000
      vertex -20.0000 -1.6000 20.0000
      vertex -20.0000 -1.6000 0.0000
    endloop
  endfacet
  facet normal -3.826834e-01 9.238795e-01 0.000000e+00
    outer loop
      vertex -20.0000 -1.6000 0.0000
      vertex -20.0000 -1.6000 20.0000
      vertex -18.8686 -1.1314 20.0000
    endloop
  endfacet
  facet normal -3.826834e-01 9.238795e-01 0.000000e+00
    outer loop
      vertex -20.0000 -1.6000 0.0000
      vertex -18.8686 -1.1314 20.0000
      vertex -18.8686 -1.1314 0.0000
    endloop
  endfacet
  facet normal -9.238795e-01 3.826834e-01 0.000000e+00
    outer loop
      vertex -18.8686 -1.1314 0.0000
      vertex -18.8686 -1.1314 20.0000
      vertex -18.4000 0.0000 20.0000
    endloop
  endfacet
  facet normal -9.238795e-01 3.826834e-01 0.000000e+00
    outer loop
      vertex -18.8686 -1.1314 0.0000
      vertex -18.4000 0.0000 20.0000
      vertex -18.4000 0.0000 0.0000
    endloop
  endfacet
  facet normal -9.238795e-01 -3.826834e-01 0.000000e+00
    outer loop
      vertex -18.4000 5.0000 0.0000
      vertex -18.4000 5.0000 20.0000
      vertex -18.8686 6.1314 20.0000
    endloop
  endfacet
  facet normal -9.238795e-01 -3.826834e-01 0.000000e+00
    outer loop
      vertex -18.4000 5.0000 0.0000
      vertex -18.8686 6.1314 20.0000
      vertex -18.8686 6.1314 0.0000
    endloop
  endfacet
  facet normal -3.826834e-01 -9.238795e-01 0.000000e+00
    outer loop
      vertex -18.8686 6.1314 0.0000
      vertex -18.8686 6.1314 20.0000
      vertex -20.0000 6.6000 20.0000
    endloop
  endfacet
  facet normal -3.826834e-01 -9.238795e-01 0.000000e+00
    outer loop
      vertex -18.8686 6.1314 0.0000
      vertex -20.0000 6.6000 20.0000
      vertex -20.0000 6.6000 0.0000
    endloop
  endfacet
  facet normal 3.826834e-01 -9.238795e-01 0.000000e+00
    outer loop
      vertex -20.0000 6.6000 0.0000
      vertex -20.0000 6.6000 20.0000
      vertex -21.1314 6.1314 20.0000
    endloop
  endfacet
  facet normal 3.826834e-01 -9.238795e-01 0.000000e+00
    outer loop
      vertex -20.0000 6.6000 0.0000
      vertex -21.1314 6.1314 20.0000
      vertex -21.1314 6.1314 0.0000
    endloop
  endfacet
  facet normal 9.238795e-01 -3.826834e-01 0.000000e+00
    outer loop
      vertex -21.1314 6.1314 0.0000
      vertex -21.1314 6.1314 20.0000
      vertex -21.6000 5.0000 20.0000
    endloop
  endfacet
  facet normal 9.238795e-01 -3.826834e-01 0.000000e+00
    outer loop
      vertex -21.1314 6.1314 0.0000
      vertex -21.6000 5.0000 20.0000
      vertex -21.6000 5.0000 0.0000
    endloop
  endfacet
  facet normal 9.238795e-01 3.826834e-01 -0.000000e+00
    outer loop
      vertex -21.6000 5.0000 0.0000
      vertex -21.6000 5.0000 20.0000
      vertex -21.1314 3.8686 20.0000
    endloop
  endfacet
  facet normal 9.238795e-01 3.826834e-01 0.000000e+00
    outer loop
      vertex -21.6000 5.0000 0.0000
      vertex -21.1314 3.8686 20.0000
      vertex -21.1314 3.8686 0.0000
    endloop
  endfacet
  facet normal 3.826834e-01 9.238795e-01 -0.000000e+00
    outer loop
      vertex -21.1314 3.8686 0.0000
      vertex -21.1314 3.8686 20.0000
      vertex -20.0000 3.4000 20.0000
    endloop
  endfacet
  facet normal 3.826834e-01 9.238795e-01 0.000000e+00
    outer loop
      vertex -21.1314 3.8686 0.0000
      vertex -20.0000 3.4000 20.0000
      vertex -20.0000 3.4000 0.0000
    endloop
  endfacet
  facet normal -3.826834e-01 9.238795e-01 0.000000e+00
    outer loop
      vertex -20.0000 3.4000 0.0000
      vertex -20.0000 3.4000 20.0000
      vertex -18.8686 3.8686 20.0000
    endloop
  endfacet
  facet normal -3.826834e-01 9.238795e-01 0.000000e+00
    outer loop
      vertex -20.0000 3.4000 0.0000
      vertex -18.8686 3.8686 20.0000
      vertex -18.8686 3.8686 0.0000
    endloop
  endfacet
  facet normal -9.238795e-01 3.826834e-01 0.000000e+00
    outer loop
      vertex -18.8686 3.8686 0.0000
      vertex -18.8686 3.8686 20.0000
      vertex -18.4000 5.0000 20.0000
    endloop
  endfacet
  facet normal -9.238795e-01 3.826834e-01 0.000000e+00
    outer loop
      vertex -18.8686 3.8686 0.0000
      vertex -18.4000 5.0000 20.0000
      vertex -18.4000 5.0000 0.0000
    endloop
  endfacet
  facet normal -9.238795e-01 -3.826834e-01 0.000000e+00
    outer loop
      vertex -18.4000 10.0000 0.0000
      vertex -18.4000 10.0000 20.0000
      vertex -18.8686 11.1314 20.0000
    endloop
  endfacet
  facet normal -9.238795e-01 -3.826834e-01 0.000000e+00
    outer loop
      vertex -18.4000 10.0000 0.0000
      vertex -18.8686 11.1314 20.0000
      vertex -18.8686 11.1314 0.0000
    endloop
  endfacet
  facet normal -3.826834e-01 -9.238795e-01 0.000000e+00
    outer loop
      vertex -18.8686 11.1314 0.0000
      vertex -18.8686 11.1314 20.0000
      vertex -20.0000 11.6000 20.0000
    endloop
  endfacet
  facet normal -3.826834e-01 -9.238795e-01 0.000000e+00
    outer loop
      vertex -18.8686 11.1314 0.0000
      vertex -20.0000 11.6000 20.0000
      vertex -20.0000 11.6000 0.0000
    endloop
  endfacet
  facet normal 3.826834e-01 -9.238795e-01 0.000000e+00
    outer loop
      vertex -20.0000 11.6000 0.0000
      vertex -20.0000 11.6000 20.0000
      vertex -21.1314 11.1314 20.0000
    endloop
  endfacet
  facet normal 3.826834e-01 -9.238795e-01 0.000000e+00
    outer loop
      vertex -20.0000 11.6000 0.0000
      vertex -21.1314 11.1314 20.0000
      vertex -21.1314 11.1314 0.0000
    endloop
  endfacet
  facet normal 9.238795e-01 -3.826834e-01 0.000000e+00
    outer loop
      vertex -21.1314 11.1314 0.0000
      vertex -21.1314 11.1314 20.0000
      vertex -21.6000 10.0000 20.0000
    endloop
  endfacet
  facet normal 9.238795e-01 -3.826834e-01 0.000000e+00
    outer loop
      vertex -21.1314 11.1314 0.0000
      vertex -21.6000 10.0000 20.0000
      vertex -21.6000 10.0000 0.0000
    endloop
  endfacet
  facet normal 9.238795e-01 3.826834e-01 -0.000000e+00
    outer loop
      vertex -21.6000 10.0000 0.0000
      vertex -21.6000 10.0000 20.0000
      vertex -21.1314 8.8686 20.0000
    endloop
  endfacet
  facet normal 9.238795e-01 3.826834e-01 0.000000e+00
    outer loop
      vertex -21.6000 10.0000 0.0000
      vertex -21.1314 8.8686 20.0000
      vertex -21.1314 8.8686 0.0000
    endloop
  endfacet
  facet normal 3.826834e-01 9.238795e-01 -0.000000e+00
    outer loop
      vertex -21.1314 8.8686 0.0000
      vertex -21.1314 8.8686 20.0000
      vertex -20.0000 8.4000 20.0000
    endloop
  endfacet
  facet normal 3.826834e-01 9.238795e-01 0.000000e+00
    outer loop
      vertex -21.1314 8.8686 0.0000
      vertex -20.0000 8.4000 20.0000
      vertex -20.0000 8.4000 0.0000
    endloop
  endfacet
  facet normal -3.826834e-01 9.238795e-01 0.000000e+00
    outer loop
      vertex -20.0000 8.4000 0.0000
      vertex -20.0000 8.4000 20.0000
      vertex -18.8686 8.8686 20.0000
    endloop
  endfacet
  facet normal -3.826834e-01 9.238795e-01 0.000000e+00
    outer loop
      vertex -20.0000 8.4000 0.0000
      vertex -18.8686 8.8686 20.0000
      vertex -18.8686 8.8686 0.0000
    endloop
  endfacet
  facet normal -9.238795e-01 3.826834e-01 0.000000e+00
    outer loop
      vertex -18.8686 8.8686 0.0000
      vertex -18.8686 8.8686 20.0000
      vertex -18.4000 10.0000 20.0000
    endloop
  endfacet
  facet normal -9.238795e-01 3.826834e-01 0.000000e+00
    outer loop
      vertex -18.8686 8.8686 0.0000
      vertex -18.4000 10.0000 20.0000
      vertex -18.4000 10.0000 0.0000
    endloop
  endfacet
  facet normal -9.238795e-01 -3.826834e-01 0.000000e+00
    outer loop
      vertex -18.4000 15.0000 0.0000
      vertex -18.4000 15.0000 20.0000
      vertex -18.8686 16.1314 20.0000
    endloop
  endfacet
  facet normal -9.238795e-01 -3.826834e-01 0.000000e+00
    outer loop
      vertex -18.4000 15.0000 0.0000
      vertex -18.8686 16.1314 20.0000
      vertex -18.8686 16.1314 0.0000
    endloop
  endfacet
  facet normal -3.826834e-01 -9.238795e-01 0.000000e+00
    outer loop
      vertex -18.8686 16.1314 0.0000
      vertex -18.8686 16.1314 20.0000
      vertex -20.0000 16.6000 20.0000
    endloop
  endfacet
  facet normal -3.826834e-01 -9.238795e-01 0.000000e+00
    outer loop
      vertex -18.8686 16.1314 0.0000
      vertex -20.0000 16.6000 20.0000
      vertex -20.0000 16.6000 0.0000
    endloop
  endfacet
  facet normal 3.826834e-01 -9.238795e-01 0.000000e+00
    outer loop
      vertex -20.0000 16.6000 0.0000
      vertex -20.0000 16.6000 20.0000
      vertex -21.1314 16.1314 20.0000
    endloop
  endfacet
  facet normal 3.826834e-01 -9.238795e-01 0.000000e+00
    outer loop
      vertex -20.0000 16.6000 0.0000
      vertex -21.1314 16.1314 20.0000
      vertex -21.1314 16.1314 0.0000
    endloop
  endfacet
  facet normal 9.238795e-01 -3.826834e-01 0.000000e+00
    outer loop
      vertex -21.1314 16.1314 0.0000
      vertex -21.1314 16.1314 20.0000
      vertex -21.6000 15.0000 20.0000
    endloop
  endfacet
  facet normal 9.238795e-01 -3.826834e-01 0.000000e+00
    outer loop
      vertex -21.1314 16.1314 0.0000
      vertex -21.6000 15.0000 20.0000
      vertex -21.6000 15.0000 0.0000
    endloop
  endfacet
  facet normal 9.238795e-01 3.826834e-01 -0.000000e+00
    outer loop
      vertex -21.6000 15.0000 0.0000
      vertex -21.6000 15.0000 20.0000
      vertex -21.1314 13.8686 20.0000
    endloop
  endfacet
  facet normal 9.238795e-01 3.826834e-01 0.000000e+00
    outer loop
      vertex -21.6000 15.0000 0.0000
      vertex -21.1314 13.8686 20.0000
      vertex -21.1314 13.8686 0.0000
    endloop
  endfacet
  facet normal 3.826834e-01 9.238795e-01 -0.000000e+00
    outer loop
      vertex -21.1314 13.8686 0.0000
      vertex -21.1314 13.8686 20.0000
      vertex -20.0000 13.4000 20.0000
    endloop
  endfacet
  facet normal 3.826834e-01 9.238795e-01 0.000000e+00
    outer loop
      vertex -21.1314 13.8686 0.0000
      vertex -20.0000 13.4000 20.0000
      vertex -20.0000 13.4000 0.0000
    endloop
  endfacet
  facet normal -3.826834e-01 9.238795e-01 0.000000e+00
    outer loop
      vertex -20.0000 13.4000 0.0000
      vertex -20.0000 13.4000 20.0000
      vertex -18.8686 13.8686 20.0000
    endloop
  endfacet
  facet normal -3.826834e-01 9.238795e-01 0.000000e+00
    outer loop
      vertex -20.0000 13.4000 0.0000
      vertex -18.8686 13.8686 20.0000
      vertex -18.8686 13.8686 0.0000
    endloop
  endfacet
  facet normal -9.238795e-01 3.826834e-01 0.000000e+00
    outer loop
      vertex -18.8686 13.8686 0.0000
      vertex -18.8686 13.8686 20.0000
      vertex -18.4000 15.0000 20.0000
    endloop
  endfacet
  facet normal -9.238795e-01 3.826834e-01 0.000000e+00
    outer loop
      vertex -18.8686 13.8686 0.0000
      vertex -18.4000 15.0000 20.0000
      vertex -18.4000 15.0000 0.0000
    endloop
  endfacet
  facet normal -9.238795e-01 -3.826834e-01 0.000000e+00
    outer loop
      vertex -18.4000 20.0000 0.0000
      vertex -18.4000 20.0000 20.0000
      vertex -18.8686 21.1314 20.0000
    endloop
  endfacet
  facet normal -9.238795e-01 -3.826834e-01 0.000000e+00
    outer loop
      vertex -18.4000 20.0000 0.0000
      vertex -18.8686 21.1314 20.0000
      vertex -18.8686 21.1314 0.0000
    endloop
  endfacet
  facet normal -3.826834e-01 -9.238795e-01 0.000000e+00
    outer loop
      vertex -18.8686 21.1314 0.0000
      vertex -18.8686 21.1314 20.0000
      vertex -20.0000 21.6000 20.0000
    endloop
  endfacet
  facet normal -3.826834e-01 -9.238795e-01 0.000000e+00
    outer loop
      vertex -18.8686 21.1314 0.0000
      vertex -20.0000 21.6000 20.0000
      vertex -20.0000 21.6000 0.0000
    endloop
  endfacet
  facet normal 3.826834e-01 -9.238795e-01 0.000000e+00
    outer loop
      vertex -20.0000 21.6000 0.0000
      vertex -20.0000 21.6000 20.0000
      vertex -21.1314 21.1314 20.0000
    endloop
  endfacet
  facet normal 3.826834e-01 -9.238795e-01 0.000000e+00
    outer loop
      vertex -20.0000 21.6000 0.0000
      vertex -21.1314 21.1314 20.0000
      vertex -21.1314 21.1314 0.0000
    endloop
  endfacet
  facet normal 9.238795e-01 -3.826834e-01 0.000000e+00
    outer loop
      vertex -21.1314 21.1314 0.0000
      vertex -21.1314 21.1314 20.0000
      vertex -21.6000 20.0000 20.0000
    endloop
  endfacet
  facet normal 9.238795e-01 -3.826834e-01 0.000000e+00
    outer loop
      vertex -21.1314 21.1314 0.0000
      vertex -21.6000 20.0000 20.0000
      vertex -21.6000 20.0000 0.0000
    endloop
  endfacet
  facet normal 9.238795e-01 3.826834e-01 -0.000000e+00
    outer loop
      vertex -21.6000 20.0000 0.0000
      vertex -21.6000 20.0000 20.0000
      vertex -21.1314 18.8686 20.0000
    endloop
  endfacet
  facet normal 9.238795e-01 3.826834e-01 0.000000e+00
    outer loop
      vertex -21.6000 20.0000 0.0000
      vertex -21.1314 18.8686 20.0000
      vertex -21.1314 18.8686 0.0000
    endloop
  endfacet
  facet normal 3.826834e-01 9.238795e-01 -0.000000e+00
    outer loop
      vertex -21.1314 18.8686 0.0000
      vertex -21.1314 18.8686 20.0000
      vertex -20.0000 18.4000 20.0000
    endloop
  endfacet
  facet normal 3.826834e-01 9.238795e-01 0.000000e+00
    outer loop
      vertex -21.1314 18.8686 0.0000
      vertex -20.0000 18.4000 20.0000
      vertex -20.0000 18.4000 0.0000
    endloop
  endfacet
  facet normal -3.826834e-01 9.238795e-01 0.000000e+00
    outer loop
      vertex -20.0000 18.4000 0.0000
      vertex -20.0000 18.4000 20.0000
      vertex -18.8686 18.8686 20.0000
    endloop
  endfacet
  facet normal -3.826834e-01 9.238795e-01 0.000000e+00
    outer loop
      vertex -20.0000 18.4000 0.0000
      vertex -18.8686 18.8686 20.0000
      vertex -18.8686 18.8686 0.0000
    endloop
  endfacet
  facet normal -9.238795e-01 3.826834e-01 0.000000e+00
    outer loop
      vertex -18.8686 18.8686 0.0000
      vertex -18.8686 18.8686 20.0000
      vertex -18.4000 20.0000 20.0000
    endloop
  endfacet
  facet normal -9.238795e-01 3.826834e-01 0.000000e+00
    outer loop
      vertex -18.8686 18.8686 0.0000
      vertex -18.4000 20.0000 20.0000
      vertex -18.4000 20.0000 0.0000
    endloop
  endfacet
  facet normal -9.238795e-01 -3.826834e-01 0.000000e+00
    outer loop
      vertex -18.4000 25.0000 0.0000
      vertex -18.4000 25.0000 20.0000
      vertex -18.8686 26.1314 20.0000
    endloop
  endfacet
  facet normal -9.238795e-01 -3.826834e-01 0.000000e+00
    outer loop
      vertex -18.4000 25.0000 0.0000
      vertex -18.8686 26.1314 20.0000
      vertex -18.8686 26.1314 0.0000
    endloop
  endfacet
  facet normal -3.826834e-01 -9.238795e-01 0.000000e+00
    outer loop
      vertex -18.8686 26.1314 0.0000
      vertex -18.8686 26.1314 20.0000
      vertex -20.0000 26.6000 20.0000
    endloop
  endfacet
  facet normal -3.826834e-01 -9.238795e-01 0.000000e+00
    outer loop
      vertex -18.8686 26.1314 0.0000
      vertex -20.0000 26.6000 20.0000
      vertex -20.0000 26.6000 0.0000
    endloop
  endfacet
  facet normal 3.826834e-01 -9.238795e-01 0.000000e+00
    outer loop
      vertex -20.0000 26.6000 0.0000
      vertex -20.0000 26.6000 20.0000
      vertex -21.1314 26.1314 20.0000
    endloop
  endfacet
  facet normal 3.826834e-01 -9.238795e-01 0.000000e+00
    outer loop
      vertex -20.0000 26.6000 0.0000
      vertex -21.1314 26.1314 20.0000
      vertex -21.1314 26.1314 0.0000
    endloop
  endfacet
  facet normal 9.238795e-01 -3.826834e-01 0.000000e+00
    outer loop
      vertex -21.1314 26.1314 0.0000
      vertex -21.1314 26.1314 20.0000
      vertex -21.6000 25.0000 20.0000
    endloop
  endfacet
  facet normal 9.238795e-01 -3.826834e-01 0.000000e+00
    outer loop
      vertex -21.1314 26.1314 0.0000
      vertex -21.6000 25.0000 20.0000
      vertex -21.6000 25.0000 0.0000
    endloop
  endfacet
  facet normal 9.238795e-01 3.826834e-01 -0.000000e+00
    outer loop
      vertex -21.6000 25.0000 0.0000
      vertex -21.6000 25.0000 20.0000
      vertex -21.1314 23.8686 20.0000
    endloop
  endfacet
  facet normal 9.238795e-01 3.826834e-01 0.000000e+00
    outer loop
      vertex -21.6000 25.0000 0.0000
      vertex -21.1314 23.8686 20.0000
      vertex -21.1314 23.8686 0.0000
    endloop
  endfacet
  facet normal 3.826834e-01 9.238795e-01 -0.000000e+00
    outer loop
      vertex -21.1314 23.8686 0.0000
      vertex -21.1314 23.8686 20.0000
      vertex -20.0000 23.4000 20.0000
    endloop
  endfacet
  facet normal 3.826834e-01 9.238795e-01 0.000000e+00
    outer loop
      vertex -21.1314 23.8686 0.0000
      vertex -20.0000 23.4000 20.0000
      vertex -20.0000 23.4000 0.0000
    endloop
  endfacet
  facet normal -3.826834e-01 9.238795e-01 0.000000e+00
    outer loop
      vertex -20.0000 23.4000 0.0000
      vertex -20.0000 23.4000 20.0000
      vertex -18.8686 23.8686 20.0000
    endloop
  endfacet
  facet normal -3.826834e-01 9.238795e-01 0.000000e+00
    outer loop
      vertex -20.0000 23.4000 0.0000
      vertex -18.8686 23.8686 20.0000
      vertex -18.8686 23.8686 0.0000
    endloop
  endfacet
  facet normal -9.238795e-01 3.826834e-01 0.000000e+00
    outer loop
      vertex -18.8686 23.8686 0.0000
      vertex -18.8686 23.8686 20.0000
      vertex -18.4000 25.0000 20.0000
    endloop
  endfacet
  facet normal -9.238795e-01 3.826834e-01 0.000000e+00
    outer loop
      vertex -18.8686 23.8686 0.0000
      vertex -18.4000 25.0000 20.0000
      vertex -18.4000 25.0000 0.0000
    endloop
  endfacet
  facet normal -9.238795e-01 -3.826834e-01 0.000000e+00
    outer loop
      vertex -18.4000 30.0000 0.0000
      vertex -18.4000 30.0000 20.0000
      vertex -18.8686 31.1314 20.0000
    endloop
  endfacet
  facet normal -9.238795e-01 -3.826834e-01 0.000000e+00
    outer loop
      vertex -18.4000 30.0000 0.0000
      vertex -18.8686 31.1314 20.0000
      vertex -18.8686 31.1314 0.0000
    endloop
  endfacet
  facet normal -3.826834e-01 -9.238795e-01 0.000000e+00
    outer loop
      vertex -18.8686 31.1314 0.0000
      vertex -18.8686 31.1314 20.0000
      vertex -20.0000 31.6000 20.0000
    endloop
  endfacet
  facet normal -3.826834e-01 -9.238795e-01 0.000000e+00
    outer loop
      vertex -18.8686 31.1314 0.0000
      vertex -20.0000 31.6000 20.0000
      vertex -20.0000 31.6000 0.0000
    endloop
  endfacet
  facet normal 3.826834e-01 -9.238795e-01 0.000000e+00
    outer loop
      vertex -20.0000 31.6000 0.0000
      vertex -20.0000 31.6000 20.0000
      vertex -21.1314 31.1314 20.0000
    endloop
  endfacet
  facet normal 3.826834e-01 -9.238795e-01 0.000000e+00
    outer loop
      vertex -20.0000 31.6000 0.0000
      vertex -21.1314 31.1314 20.0000
      vertex -21.1314 31.1314 0.0000
    endloop
  endfacet
  facet normal 9.238795e-01 -3.826834e-01 0.000000e+00
    outer loop
      vertex -21.1314 31.1314 0.0000
      vertex -21.1314 31.1314 20.0000
      vertex -21.6000 30.0000 20.0000
    endloop
  endfacet
  facet normal 9.238795e-01 -3.826834e-01 0.000000e+00
    outer loop
      vertex -21.1314 31.1314 0.0000
      vertex -21.6000 30.0000 20.0000
      vertex -21.6000 30.0000 0.0000
    endloop
  endfacet
  facet normal 9.238795e-01 3.826834e-01 -0.000000e+00
    outer loop
      vertex -21.6000 30.0000 0.0000
      vertex -21.6000 30.0000 20.0000
      vertex -21.1314 28.8686 20.0000
    endloop
  endfacet
  facet normal 9.238795e-01 3.826834e-01 0.000000e+00
    outer loop
      vertex -21.6000 30.0000 0.0000
      vertex -21.1314 28.8686 20.0000
      vertex -21.1314 28.8686 0.0000
    endloop
  endfacet
  facet normal 3.826834e-01 9.238795e-01 -0.000000e+00
    outer loop
      vertex -21.1314 28.8686 0.0000
      vertex -21.1314 28.8686 20.0000
      vertex -20.0000 28.4000 20.0000
    endloop
  endfacet
  facet normal 3.826834e-01 9.238795e-01 0.000000e+00
    outer loop
      vertex -21.1314 28.8686 0.0000
      vertex -20.0000 28.4000 20.0000
      vertex -20.0000 28.4000 0.0000
    endloop
  endfacet
  facet normal -3.826834e-01 9.238795e-01 0.000000e+00
    outer loop
      vertex -20.0000 28.4000 0.0000
      vertex -20.0000 28.4000 20.0000
      vertex -18.8686 28.8686 20.0000
    endloop
  endfacet
  facet normal -3.826834e-01 9.238795e-01 0.000000e+00
    outer loop
      vertex -20.0000 28.4000 0.0000
      vertex -18.8686 28.8686 20.0000
      vertex -18.8686 28.8686 0.0000
    endloop
  endfacet
  facet normal -9.238795e-01 3.826834e-01 0.000000e+00
    outer loop
      vertex -18.8686 28.8686 0.0000
      vertex -18.8686 28.8686 20.0000
      vertex -18.4000 30.0000 20.0000
    endloop
  endfacet
  facet normal -9.238795e-01 3.826834e-01 0.000000e+00
    outer loop
      vertex -18.8686 28.8686 0.0000
      vertex -18.4000 30.0000 20.0000
      vertex -18.4000 30.0000 0.0000
    endloop
  endfacet
  facet normal -9.238795e-01 -3.826834e-01 0.000000e+00
    outer loop
      vertex -13.4000 -30.0000 0.0000
      vertex -13.4000 -30.0000 20.0000
      vertex -13.8686 -28.8686 20.0000
    endloop
  endfacet
  facet normal -9.238795e-01 -3.826834e-01 0.000000e+00
    outer loop
      vertex -13.4000 -30.0000 0.0000
      vertex -13.8686 -28.8686 20.0000
      vertex -13.8686 -28.8686 0.0000
    endloop
  endfacet
  facet normal -3.826834e-01 -9.238795e-01 0.000000e+00
    outer loop
      vertex -13.8686 -28.8686 0.0000
      vertex -13.8686 -28.8686 20.0000
      vertex -15.0000 -28.4000 20.0000
    endloop
  endfacet
  facet normal -3.826834e-01 -9.238795e-01 0.000000e+00
    outer loop
      vertex -13.8686 -28.8686 0.0000
      vertex -15.0000 -28.4000 20.0000
      vertex -15.0000 -28.4000 0.0000
    endloop
  endfacet
  facet normal 3.826834e-01 -9.238795e-01 0.000000e+00
    outer loop
      vertex -15.0000 -28.4000 0.0000
      vertex -15.0000 -28.4000 20.0000
      vertex -16.1314 -28.8686 20.0000
    endloop
  endfacet
  facet normal 3.826834e-01 -9.238795e-01 0.000000e+00
    outer loop
      vertex -15.0000 -28.4000 0.0000
      vertex -16.1314 -28.8686 20.0000
      vertex -16.1314 -28.8686 0.0000
    endloop
  endfacet
  facet normal 9.238795e-01 -3.826834e-01 0.000000e+00
    outer loop
      vertex -16.1314 -28.8686 0.0000
      vertex -16.1314 -28.8686 20.0000
      vertex -16.6000 -30.0000 20.0000
    endloop
  endfacet
  facet normal 9.238795e-01 -3.826834e-01 0.000000e+00
    outer loop
      vertex -16.1314 -28.8686 0.0000
      vertex -16.6000 -30.0000 20.0000
      vertex -16.6000 -30.0000 0.0000
    endloop
  endfacet
  facet normal 9.238795e-01 3.826834e-01 -0.000000e+00
    outer loop
      vertex -16.6000 -30.0000 0.0000
      vertex -16.6000 -30.0000 20.0000
      vertex -16.1314 -31.1314 20.0000
    endloop
  endfacet
  facet normal 9.238795e-01 3.826834e-01 0.000000e+00
    outer loop
      vertex -16.6000 -30.0000 0.0000
      vertex -16.1314 -31.1314 20.0000
      vertex -16.1314 -31.1314 0.0000
    endloop
  endfacet
  facet normal 3.826834e-01 9.238795e-01 -0.000000e+00
    outer loop
      vertex -16.1314 -31.1314 0.0000
      vertex -16.1314 -31.1314 20.0000
      vertex -15.0000 -31.6000 20.0000
    endloop
  endfacet
  facet normal 3.826834e-01 9.238795e-01 0.000000e+00
    outer loop
      vertex -16.1314 -31.1314 0.0000
      vertex -15.0000 -31.6000 20.0000
      vertex -15.0000 -31.6000 0.0000
    endloop
  endfacet
  facet normal -3.826834e-01 9.238795e-01 0.000000e+00
    outer loop
      vertex -15.0000 -31.6000 0.0000
      vertex -15.0000 -31.6000 20.0000
      vertex -13.8686 -31.1314 20.0000
    endloop
  endfacet
  facet normal -3.826834e-01 9.238795e-01 0.000000e+00
    outer loop
      vertex -15.0000 -31.6000 0.0000
      vertex -13.8686 -31.1314 20.0000
      vertex -13.8686 -31.1314 0.0000
    endloop
  endfacet
  facet normal -9.238795e-01 3.826834e-01 0.000000e+00
    outer loop
      vertex -13.8686 -31.1314 0.0000
      vertex -13.8686 -31.1314 20.0000
      vertex -13.4000 -30.0000 20.0000
    endloop
  endfacet
  facet normal -9.238795e-01 3.826834e-01 0.000000e+00
    outer loop
      vertex -13.8686 -31.1314 0.0000
      vertex -13.4000 -30.0000 20.0000
      vertex -13.4000 -30.0000 0.0000
    endloop
  endfacet
  facet normal -9.238795e-01 -3.826834e-01 0.000000e+00
    outer loop
      vertex -13.4000 -25.0000 0.0000
      vertex -13.4000 -25.0000 20.0000
      vertex -13.8686 -23.8686 20.0000
    endloop
  endfacet
  facet normal -9.238795e-01 -3.826834e-01 0.000000e+00
    outer loop
      vertex -13.4000 -25.0000 0.0000
      vertex -13.8686 -23.8686 20.0000
      vertex -13.8686 -23.8686 0.0000
    endloop
  endfacet
  facet normal -3.826834e-01 -9.238795e-01 0.000000e+00
    outer loop
      vertex -13.8686 -23.8686 0.0000
      vertex -13.8686 -23.8686 20.0000
      vertex -15.0000 -23.4000 20.0000
    endloop
  endfacet
  facet normal -3.826834e-01 -9.238795e-01 0.000000e+00
    outer loop
      vertex -13.8686 -23.8686 0.0000
      vertex -15.0000 -23.4000 20.0000
      vertex -15.0000 -23.4000 0.0000
    endloop
  endfacet
  facet normal 3.826834e-01 -9.238795e-01 0.000000e+00
    outer loop
      vertex -15.0000 -23.4000 0.0000
      vertex -15.0000 -23.4000 20.0000
      vertex -16.1314 -23.8686 20.0000
    endloop
  endfacet
  facet normal 3.826834e-01 -9.238795e-01 0.000000e+00
    outer loop
      vertex -15.0000 -23.4000 0.0000
      vertex -16.1314 -23.8686 20.0000
      vertex -16.1314 -23.8686 0.0000
    endloop
  endfacet
  facet normal 9.238795e-01 -3.826834e-01 0.000000e+00
    outer loop
      vertex -16.1314 -23.8686 0.0000
      vertex -16.1314 -23.8686 20.0000
      vertex -16.6000 -25.0000 20.0000
    endloop
  endfacet
  facet normal 9.238795e-01 -3.826834e-01 0.000000e+00
    outer loop
      vertex -16.1314 -23.8686 0.0000
      vertex -16.6000 -25.0000 20.0000
      vertex -16.6000 -25.0000 0.0000
    endloop
  endfacet
  facet normal 9.238795e-01 3.826834e-01 -0.000000e+00
    outer loop
      vertex -16.6000 -25.0000 0.0000
      vertex -16.6000 -25.0000 20.0000
      vertex -16.1314 -26.1314 20.0000
    endloop
  endfacet
  facet normal 9.238795e-01 3.826834e-01 0.000000e+00
    outer loop
      vertex -16.6000 -25.0000 0.0000
      vertex -16.1314 -26.1314 20.0000
      vertex -16.1314 -26.1314 0.0000
    endloop
  endfacet
  facet normal 3.826834e-01 9.238795e-01 -0.000000e+00
    outer loop
      vertex -16.1314 -26.1314 0.0000
      vertex -16.1314 -26.1314 20.0000
      vertex -15.0000 -26.6000 20.0000
    endloop
  endfacet
  facet normal 3.826834e-01 9.238795e-01 0.000000e+00
    outer loop
      vertex -16.1314 -26.1314 0.0000
      vertex -15.0000 -26.6000 20.0000
      vertex -15.0000 -26.6000 0.0000
    endloop
  endfacet
  facet normal -3.826834e-01 9.238795e-01 0.000000e+00
    outer loop
      vertex -15.0000 -26.6000 0.0000
      vertex -15.0000 -26.6000 20.0000
      vertex -13.8686 -26.1314 20.0000
    endloop
  endfacet
  facet normal -3.826834e-01 9.238795e-01 0.000000e+00
    outer loop
      vertex -15.0000 -26.6000 0.0000
      vertex -13.8686 -26.1314 20.0000
      vertex -13.8686 -26.1314 0.0000
    endloop
  endfacet
  facet normal -9.238795e-01 3.826834e-01 0.000000e+00
    outer loop
      vertex -13.8686 -26.1314 0.0000
      vertex -13.8686 -26.1314 20.0000
      vertex -13.4000 -25.0000 20.0000
    endloop
  endfacet
  facet normal -9.238795e-01 3.826834e-01 0.000000e+00
    outer loop
      vertex -13.8686 -26.1314 0.0000
      vertex -13.4000 -25.0000 20.0000
      vertex -13.4000 -25.0000 0.0000
    endloop
  endfacet
  facet normal -9.238795e-01 -3.826834e-01 0.000000e+00
    outer loop
      vertex -13.4000 -20.0000 0.0000
      vertex -13.4000 -20.0000 20.0000
      vertex -13.8686 -18.8686 20.0000
    endloop
  endfacet
  facet normal -9.238795e-01 -3.826834e-01 0.000000e+00
    outer loop
      vertex -13.4000 -20.0000 0.0000
      vertex -13.8686 -18.8686 20.0000
      vertex -13.8686 -18.8686 0.0000
    endloop
  endfacet
  facet normal -3.826834e-01 -9.238795e-01 0.000000e+00
    outer loop
      vertex -13.8686 -18.8686 0.0000
      vertex -13.8686 -18.8686 20.0000
      vertex -15.0000 -18.4000 20.0000
    endloop
  endfacet
  facet normal -3.826834e-01 -9.238795e-01 0.000000e+00
    outer loop
      vertex -13.8686 -18.8686 0.0000
      vertex -15.0000 -18.4000 20.0000
      vertex -15.0000 -18.4000 0.0000
    endloop
  endfacet
  facet normal 3.826834e-01 -9.238795e-01 0.000000e+00
    outer loop
      vertex -15.0000 -18.4000 0.0000
      vertex -15.0000 -18.4000 20.0000
      vertex -16.1314 -18.8686 20.0000
    endloop
  endfacet
  facet normal 3.826834e-01 -9.238795e-01 0.000000e+00
    outer loop
      vertex -15.0000 -18.4000 0.0000
      vertex -16.1314 -18.8686 20.0000
      vertex -16.1314 -18.8686 0.0000
    endloop
  endfacet
  facet normal 9.238795e-01 -3.826834e-01 0.000000e+00
    outer loop
      vertex -16.1314 -18.8686 0.0000
      vertex -16.1314 -18.8686 20.0000
      vertex -16.6000 -20.0000 20.0000
    endloop
  endfacet
  facet normal 9.238795e-01 -3.826834e-01 0.000000e+00
    outer loop
      vertex -16.1314 -18.8686 0.0000
      vertex -16.6000 -20.0000 20.0000
      vertex -16.6000 -20.0000 0.0000
    endloop
  endfacet
  facet normal 9.238795e-01 3.826834e-01 -0.000000e+00
    outer loop
      vertex -16.6000 -20.0000 0.0000
      vertex -16.6000 -20.0000 20.0000
      vertex -16.1314 -21.1314 20.0000
    endloop
  endfacet
  facet normal 9.238795e-01 3.826834e-01 0.000000e+00
    outer loop
      vertex -16.6000 -20.0000 0.0000
      vertex -16.1314 -21.1314 20.0000
      vertex -16.1314 -21.1314 0.0000
    endloop
  endfacet
  facet normal 3.826834e-01 9.238795e-01 -0.000000e+00
    outer loop
      vertex -16.1314 -21.1314 0.0000
      vertex -16.1314 -21.1314 20.0000
      vertex -15.0000 -21.6000 20.0000
    endloop
  endfacet
  facet normal 3.826834e-01 9.238795e-01 0.000000e+00
    outer loop
      vertex -16.1314 -21.1314 0.0000
      vertex -15.0000 -21.6000 20.0000
      vertex -15.0000 -21.6000 0.0000
    endloop
  endfacet
  facet normal -3.826834e-01 9.238795e-01 0.000000e+00
    outer loop
      vertex -15.0000 -21.6000 0.0000
      vertex -15.0000 -21.6000 20.0000
      vertex -13.8686 -21.1314 20.0000
    endloop
  endfacet
  facet normal -3.826834e-01 9.238795e-01 0.000000e+00
    outer loop
      vertex -15.0000 -21.6000 0.0000
      vertex -13.8686 -21.1314 20.0000
      vertex -13.8686 -21.1314 0.0000
    endloop
  endfacet
  facet normal -9.238795e-01 3.826834e-01 0.000000e+00
    outer loop
      vertex -13.8686 -21.1314 0.0000
      vertex -13.8686 -21.1314 20.0000
      vertex -13.4000 -20.0000 20.0000
    endloop
  endfacet
  facet normal -9.238795e-01 3.826834e-01 0.000000e+00
    outer loop
      vertex -13.8686 -21.1314 0.0000
      vertex -13.4000 -20.0000 20.0000
      vertex -13.4000 -20.0000 0.0000
    endloop
  endfacet
  facet normal -9.238795e-01 -3.826834e-01 0.000000e+00
    outer loop
      vertex -13.4000 -15.0000 0.0000
      vertex -13.4000 -15.0000 20.0000
      vertex -13.8686 -13.8686 20.0000
    endloop
  endfacet
  facet normal -9.238795e-01 -3.826834e-01 0.000000e+00
    outer loop
      vertex -13.4000 -15.0000 0.0000
      vertex -13.8686 -13.8686 20.0000
      vertex -13.8686 -13.8686 0.0000
    endloop
  endfacet
  facet normal -3.826834e-01 -9.238795e-01 0.000000e+00
    outer loop
      vertex -13.8686 -13.8686 0.0000
      vertex -13.8686 -13.8686 20.0000
      vertex -15.0000 -13.4000 20.0000
    endloop
  endfacet
  facet normal -3.826834e-01 -9.238795e-01 0.000000e+00
    outer loop
      vertex -13.8686 -13.8686 0.0000
      vertex -15.0000 -13.4000 20.0000
      vertex -15.0000 -13.4000 0.0000
    endloop
  endfacet
  facet normal 3.826834e-01 -9.238795e-01 0.000000e+00
    outer loop
      vertex -15.0000 -13.4000 0.0000
      vertex -15.0000 -13.4000 20.0000
      vertex -16.1314 -13.8686 20.0000
    endloop
  endfacet
  facet normal 3.826834e-01 -9.238795e-01 0.000000e+00
    outer loop
      vertex -15.0000 -13.4000 0.0000
      vertex -16.1314 -13.8686 20.0000
      vertex -16.1314 -13.8686 0.0000
    endloop
  endfacet
  facet normal 9.238795e-01 -3.826834e-01 0.000000e+00
    outer loop
      vertex -16.1314 -13.8686 0.0000
      vertex -16.1314 -13.8686 20.0000
      vertex -16.6000 -15.0000 20.0000
    endloop
  endfacet
  facet normal 9.238795e-01 -3.826834e-01 0.000000e+00
    outer loop
      vertex -16.1314 -13.8686 0.0000
      vertex -16.6000 -15.0000 20.0000
      vertex -16.6000 -15.0000 0.0000
    endloop
  endfacet
  facet normal 9.238795e-01 3.826834e-01 -0.000000e+00
    outer loop
      vertex -16.6000 -15.0000 0.0000
      vertex -16.6000 -15.0000 20.0000
      vertex -16.1314 -16.1314 20.0000
    endloop
  endfacet
  facet normal 9.238795e-01 3.826834e-01 0.000000e+00
    outer loop
      vertex -16.6000 -15.0000 0.0000
      vertex -16.1314 -16.1314 20.0000
      vertex -16.1314 -16.1314 0.0000
    endloop
  endfacet
  facet normal 3.826834e-01 9.238795e-01 -0.000000e+00
    outer loop
      vertex -16.1314 -16.1314 0.0000
      vertex -16.1314 -16.1314 20.0000
      vertex -15.0000 -16.6000 20.0000
    endloop
  endfacet
  facet normal 3.826834e-01 9.238795e-01 0.000000e+00
    outer loop
      vertex -16.1314 -16.1314 0.0000
      vertex -15.0000 -16.6000 20.0000
      vertex -15.0000 -16.6000 0.0000
    endloop
  endfacet
  facet normal -3.826834e-01 9.238795e-01 0.000000e+00
    outer loop
      vertex -15.0000 -16.6000 0.0000
      vertex -15.0000 -16.6000 20.0000
      vertex -13.8686 -16.1314 20.0000
    endloop
  endfacet
  facet normal -3.826834e-01 9.238795e-01 0.000000e+00
    outer loop
      vertex -15.0000 -16.6000 0.0000
      vertex -13.8686 -16.1314 20.0000
      vertex -13.8686 -16.1314 0.0000
    endloop
  endfacet
  facet normal -9.238795e-01 3.826834e-01 0.000000e+00
    outer loop
      vertex -13.8686 -16.1314 0.0000
      vertex -13.8686 -16.1314 20.0000
      vertex -13.4000 -15.0000 20.0000
    endloop
  endfacet
  facet normal -9.238795e-01 3.826834e-01 0.000000e+00
    outer loop
      vertex -13.8686 -16.1314 0.0000
      vertex -13.4000 -15.0000 20.0000
      vertex -13.4000 -15.0000 0.0000
    endloop
  endfacet
  facet normal -9.238795e-01 -3.826834e-01 0.000000e+00
    outer loop
      vertex -13.4000 -10.0000 0.0000
      vertex -13.4000 -10.0000 20.0000
      vertex -13.8686 -8.8686 20.0000
    endloop
  endfacet
  facet normal -9.238795e-01 -3.826834e-01 0.000000e+00
    outer loop
      vertex -13.4000 -10.0000 0.0000
      vertex -13.8686 -8.8686 20.0000
      vertex -13.8686 -8.8686 0.0000
    endloop
  endfacet
  facet normal -3.826834e-01 -9.238795e-01 0.000000e+00
    outer loop
      vertex -13.8686 -8.8686 0.0000
      vertex -13.8686 -8.8686 20.0000
      vertex -15.0000 -8.4000 20.0000
    endloop
  endfacet
  facet normal -3.826834e-01 -9.238795e-01 0.000000e+00
    outer loop
      vertex -13.8686 -8.8686 0.0000
      vertex -15.0000 -8.4000 20.0000
      vertex -15.0000 -8.4000 0.0000
    endloop
  endfacet
  facet normal 3.826834e-01 -9.238795e-01 0.000000e+00
    outer loop
      vertex -15.0000 -8.4000 0.0000
      vertex -15.0000 -8.4000 20.0000
      vertex -16.1314 -8.8686 20.0000
    endloop
  endfacet
  facet normal 3.826834e-01 -9.238795e-01 0.000000e+00
    outer loop
      vertex -15.0000 -8.4000 0.0000
      vertex -16.1314 -8.8686 20.0000
      vertex -16.1314 -8.8686 0.0000
    endloop
  endfacet
  facet normal 9.238795e-01 -3.826834e-01 0.000000e+00
    outer loop
      vertex -16.1314 -8.8686 0.0000
      vertex -16.1314 -8.8686 20.0000
      vertex -16.6000 -10.0000 20.0000
    endloop
  endfacet
  facet normal 9.238795e-01 -3.826834e-01 0.000000e+00
    outer loop
      vertex -16.1314 -8.8686 0.0000
      vertex -16.6000 -10.0000 20.0000
      vertex -16.6000 -10.0000 0.0000
    endloop
  endfacet
  facet normal 9.238795e-01 3.826834e-01 -0.000000e+00
    outer loop
      vertex -16.6000 -10.0000 0.0000
      vertex -16.6000 -10.0000 20.0000
      vertex -16.1314 -11.1314 20.0000
    endloop
  endfacet
  facet normal 9.238795e-01 3.826834e-01 0.000000e+00
    outer loop
      vertex -16.6000 -10.0000 0.0000
      vertex -16.1314 -11.1314 20.0000
      vertex -16.1314 -11.1314 0.0000
    endloop
  endfacet
  facet normal 3.826834e-01 9.238795e-01 -0.000000e+00
    outer loop
      vertex -16.1314 -11.1314 0.0000
      vertex -16.1314 -11.1314 20.0000
      vertex -15.0000 -11.6000 20.0000
    endloop
  endfacet
  facet normal 3.826834e-01 9.238795e-01 0.000000e+00
    outer loop
      vertex -16.1314 -11.1314 0.0000
      vertex -15.0000 -11.6000 20.0000
      vertex -15.0000 -11.6000 0.0000
    endloop
  endfacet
  facet normal -3.826834e-01 9.238795e-01 0.000000e+00
    outer loop
      vertex -15.0000 -11.6000 0.0000
      vertex -15.0000 -11.6000 20.0000
      vertex -13.8686 -11.1314 20.0000
    endloop
  endfacet
  facet normal -3.826834e-01 9.238795e-01 0.000000e+00
    outer loop
      vertex -15.0000 -11.6000 0.0000
      vertex -13.8686 -11.1314 20.0000
      vertex -13.8686 -11.1314 0.0000
    endloop
  endfacet
  facet normal -9.238795e-01 3.826834e-01 0.000000e+00
    outer loop
      vertex -13.8686 -11.1314 0.0000
      vertex -13.8686 -11.1314 20.0000
      vertex -13.4000 -10.0000 20.0000
    endloop
  endfacet
  facet normal -9.238795e-01 3.826834e-01 0.000000e+00
    outer loop
      vertex -13.8686 -11.1314 0.0000
      vertex -13.4000 -10.0000 20.0000
      vertex -13.4000 -10.0000 0.0000
    endloop
  endfacet
  facet normal -9.238795e-01 -3.826834e-01 0.000000e+00
    outer loop
      vertex -13.4000 -5.0000 0.0000
      vertex -13.4000 -5.0000 20.0000
      vertex -13.8686 -3.8686 20.0000
    endloop
  endfacet
  facet normal -9.238795e-01 -3.826834e-01 0.000000e+00
    outer loop
      vertex -13.4000 -5.0000 0.0000
      vertex -13.8686 -3.8686 20.0000
      vertex -13.8686 -3.8686 0.0000
    endloop
  endfacet
  facet normal -3.826834e-01 -9.238795e-01 0.000000e+00
    outer loop
      vertex -13.8686 -3.8686 0.0000
      vertex -13.8686 -3.8686 20.0000
      vertex -15.0000 -3.4000 20.0000
    endloop
  endfacet
  facet normal -3.826834e-01 -9.238795e-01 0.000000e+00
    outer loop
      vertex -13.8686 -3.8686 0.0000
      vertex -15.0000 -3.4000 20.0000
      vertex -15.0000 -3.4000 0.0000
    endloop
  endfacet
  facet normal 3.826834e-01 -9.238795e-01 0.000000e+00
    outer loop
      vertex -15.0000 -3.4000 0.0000
      vertex -15.0000 -3.4000 20.0000
      vertex -16.1314 -3.8686 20.0000
    endloop
  endfacet
  facet normal 3.826834e-01 -9.238795e-01 0.000000e+00
    outer loop
      vertex -15.0000 -3.4000 0.0000
      vertex -16.1314 -3.8686 20.0000
      vertex -16.1314 -3.8686 0.0000
    endloop
  endfacet
  facet normal 9.238795e-01 -3.826834e-01 0.000000e+00
    outer loop
      vertex -16.1314 -3.8686 0.0000
      vertex -16.1314 -3.8686 20.0000
      vertex -16.6000 -5.0000 20.0000
    endloop
  endfacet
  facet normal 9.238795e-01 -3.826834e-01 0.000000e+00
    outer loop
      vertex -16.1314 -3.8686 0.0000
      vertex -16.6000 -5.0000 20.0000
      vertex -16.6000 -5.0000 0.0000
    endloop
  endfacet
  facet normal 9.238795e-01 3.826834e-01 -0.000000e+00
    outer loop
      vertex -16.6000 -5.0000 0.0000
      vertex -16.6000 -5.0000 20.0000
      vertex -16.1314 -6.1314 20.0000
    endloop
  endfacet
  facet normal 9.238795e-01 3.826834e-01 0.000000e+00
    outer loop
      vertex -16.6000 -5.0000 0.0000
      vertex -16.1314 -6.1314 20.0000
      vertex -16.1314 -6.1314 0.0000
    endloop
  endfacet
  facet normal 3.826834e-01 9.238795e-01 -0.000000e+00
    outer loop
      vertex -16.1314 -6.1314 0.0000
      vertex -16.1314 -6.1314 20.0000
      vertex -15.0000 -6.6000 20.0000
    endloop
  endfacet
  facet normal 3.826834e-01 9.238795e-01 0.000000e+00
    outer loop
      vertex -16.1314 -6.1314 0.0000
      vertex -15.0000 -6.6000 20.0000
      vertex -15.0000 -6.6000 0.0000
    endloop
  endfacet
  facet normal -3.826834e-01 9.238795e-01 0.000000e+00
    outer loop
      vertex -15.0000 -6.6000 0.0000
      vertex -15.0000 -6.6000 20.0000
      vertex -13.8686 -6.1314 20.0000
    endloop
  endfacet
  facet normal -3.826834e-01 9.238795e-01 0.000000e+00
    outer loop
      vertex -15.0000 -6.6000 0.0000
      vertex -13.8686 -6.1314 20.0000
      vertex -13.8686 -6.1314 0.0000
    endloop
  endfacet
  facet normal -9.238795e-01 3.826834e-01 0.000000e+00
    outer loop
      vertex -13.8686 -6.1314 0.0000
      vertex -13.8686 -6.1314 20.0000
      vertex -13.4000 -5.0000 20.0000
    endloop
  endfacet
  facet normal -9.238795e-01 3.826834e-01 0.000000e+00
    outer loop
      vertex -13.8686 -6.1314 0.0000
      vertex -13.4000 -5.0000 20.0000
      vertex -13.4000 -5.0000 0.0000
    endloop
  endfacet
  facet normal -9.238795e-01 -3.826834e-01 0.000000e+00
    outer loop
      vertex -13.4000 0.0000 0.0000
      vertex -13.4000 0.0000 20.0000
      vertex -13.8686 1.1314 20.0000
    endloop
  endfacet
  facet normal -9.238795e-01 -3.826834e-01 0.000000e+00
    outer loop
      vertex -13.4000 0.0000 0.0000
      vertex -13.8686 1.1314 20.0000
      vertex -13.8686 1.1314 0.0000
    endloop
  endfacet
  facet normal -3.826834e-01 -9.238795e-01 0.000000e+00
    outer loop
      vertex -13.8686 1.1314 0.0000
      vertex -13.8686 1.1314 20.0000
      vertex -15.0000 1.6000 20.0000
    endloop
  endfacet
  facet normal -3.826834e-01 -9.238795e-01 0.000000e+00
    outer loop
      vertex -13.8686 1.1314 0.0000
      vertex -15.0000 1.6000 20.0000
      vertex -15.0000 1.6000 0.0000
    endloop
  endfacet
  facet normal 3.826834e-01 -9.238795e-01 0.000000e+00
    outer loop
      vertex -15.0000 1.6000 0.0000
      vertex -15.0000 1.6000 20.0000
      vertex -16.1314 1.1314 20.0000
    endloop
  endfacet
  facet normal 3.826834e-01 -9.238795e-01 0.000000e+00
    outer loop
      vertex -15.0000 1.6000 0.0000
      vertex -16.1314 1.1314 20.0000
      vertex -16.1314 1.1314 0.0000
    endloop
  endfacet
  facet normal 9.238795e-01 -3.826834e-01 0.000000e+00
    outer loop
      vertex -16.1314 1.1314 0.0000
      vertex -16.1314 1.1314 20.0000
      vertex -16.6000 0.0000 20.0000
    endloop
  endfacet
  facet normal 9.238795e-01 -3.826834e-01 0.000000e+00
    outer loop
      vertex -16.1314 1.1314 0.0000
      vertex -16.6000 0.0000 20.0000
      vertex -16.6000 0.0000 0.0000
    endloop
  endfacet
  facet normal 9.238795e-01 3.826834e-01 -0.000000e+00
    outer loop
      vertex -16.6000 0.0000 0.0000
      vertex -16.6000 0.0000 20.0000
      vertex -16.1314 -1.1314 20.0000
    endloop
  endfacet
  facet normal 9.238795e-01 3.826834e-01 0.000000e+00
    outer loop
      vertex -16.6000 0.0000 0.0000
      vertex -16.1314 -1.1314 20.0000
      vertex -16.1314 -1.1314 0.0000
    endloop
  endfacet
  facet normal 3.826834e-01 9.238795e-01 -0.000000e+00
    outer loop
      vertex -16.1314 -1.1314 0.0000
      vertex -16.1314 -1.1314 20.0000
      vertex -15.0000 -1.6000 20.0000
    endloop
  endfacet
  facet normal 3.826834e-01 9.238795e-01 0.000000e+00
    outer loop
      vertex -16.1314 -1.1314 0.0000
      vertex -15.0000 -1.6000 20.0000
      vertex -15.0000 -1.6000 0.0000
    endloop
  endfacet
  facet normal -3.826834e-01 9.238795e-01 0.000000e+00
    outer loop
      vertex -15.0000 -1.6000 0.0000
      vertex -15.0000 -1.6000 20.0000
      vertex -13.8686 -1.1314 20.0000
    endloop
  endfacet
  facet normal -3.826834e-01 9.238795e-01 0.000000e+00
    outer loop
      vertex -15.0000 -1.6000 0.0000
      vertex -13.8686 -1.1314 20.0000
      vertex -13.8686 -1.1314 0.0000
    endloop
  endfacet
  facet normal -9.238795e-01 3.826834e-01 0.000000e+00
    outer loop
      vertex -13.8686 -1.1314 0.0000
      vertex -13.8686 -1.1314 20.0000
      vertex -13.4000 0.0000 20.0000
    endloop
  endfacet
  facet normal -9.238795e-01 3.826834e-01 0.000000e+00
    outer loop
      vertex -13.8686 -1.1314 0.0000
      vertex -13.4000 0.0000 20.0000
      vertex -13.4000 0.0000 0.0000
    endloop
  endfacet
  facet normal -9.238795e-01 -3.826834e-01 0.000000e+00
    outer loop
      vertex -13.4000 5.0000 0.0000
      vertex -13.4000 5.0000 20.0000
      vertex -13.8686 6.1314 20.0000
    endloop
  endfacet
  facet normal -9.238795e-01 -3.826834e-01 0.000000e+00
    outer loop
      vertex -13.4000 5.0000 0.0000
      vertex -13.8686 6.1314 20.0000
      vertex -13.8686 6.1314 0.0000
    endloop
  endfacet
  facet normal -3.826834e-01 -9.238795e-01 0.000000e+00
    outer loop
      vertex -13.8686 6.1314 0.0000
      vertex -13.8686 6.1314 20.0000
      vertex -15.0000 6.6000 20.0000
    endloop
  endfacet
  facet normal -3.826834e-01 -9.238795e-01 0.000000e+00
    outer loop
      vertex -13.8686 6.1314 0.0000
      vertex -15.0000 6.6000 20.0000
      vertex -15.0000 6.6000 0.0000
    endloop
  endfacet
  facet normal 3.826834e-01 -9.238795e-01 0.000000e+00
    outer loop
      vertex -15.0000 6.6000 0.0000
      vertex -15.0000 6.6000 20.0000
      vertex -16.1314 6.1314 20.0000
    endloop
  endfacet
  facet normal 3.826834e-01 -9.238795e-01 0.000000e+00
    outer loop
      vertex -15.0000 6.6000 0.0000
      vertex -16.1314 6.1314 20.0000
      vertex -16.1314 6.1314 0.0000
    endloop
  endfacet
  facet normal 9.238795e-01 -3.826834e-01 0.000000e+00
    outer loop
      vertex -16.1314 6.1314 0.0000
      vertex -16.1314 6.1314 20.0000
      vertex -16.6000 5.0000 20.0000
    endloop
  endfacet
  facet normal 9.238795e-01 -3.826834e-01 0.000000e+00
    outer loop
      vertex -16.1314 6.1314 0.0000
      vertex -16.6000 5.0000 20.0000
      vertex -16.6000 5.0000 0.0000
    endloop
  endfacet
  facet normal 9.238795e-01 3.826834e-01 -0.000000e+00
    outer loop
      vertex -16.6000 5.0000 0.0000
      vertex -16.6000 5.0000 20.0000
      vertex -16.1314 3.8686 20.0000
    endloop
  endfacet
  facet normal 9.238795e-01 3.826834e-01 0.000000e+00
    outer loop
      vertex -16.6000 5.0000 0.0000
      vertex -16.1314 3.8686 20.0000
      vertex -16.1314 3.8686 0.0000
    endloop
  endfacet
  facet normal 3.826834e-01 9.238795e-01 -0.000000e+00
    outer loop
      vertex -16.1314 3.8686 0.0000
      vertex -16.1314 3.8686 20.0000
      vertex -15.0000 3.4000 20.0000
    endloop
  endfacet
  facet normal 3.826834e-01 9.238795e-01 0.000000e+00
    outer loop
      vertex -16.1314 3.8686 0.0000
      vertex -15.0000 3.4000 20.0000
      vertex -15.0000 3.4000 0.0000
    endloop
  endfacet
  facet normal -3.826834e-01 9.238795e-01 0.000000e+00
    outer loop
      vertex -15.0000 3.4000 0.0000
      vertex -15.0000 3.4000 20.0000
      vertex -13.8686 3.8686 20.0000
    endloop
  endfacet
  facet normal -3.826834e-01 9.238795e-01 0.000000e+00
    outer loop
      vertex -15.0000 3.4000 0.0000
      vertex -13.8686 3.8686 20.0000
      vertex -13.8686 3.8686 0.0000
    endloop
  endfacet
  facet normal -9.238795e-01 3.826834e-01 0.000000e+00
    outer loop
      vertex -13.8686 3.8686 0.0000
      vertex -13.8686 3.8686 20.0000
      vertex -13.4000 5.0000 20.0000
    endloop
  endfacet
  facet normal -9.238795e-01 3.826834e-01 0.000000e+00
    outer loop
      vertex -13.8686 3.8686 0.0000
      vertex -13.4000 5.0000 20.0000
      vertex -13.4000 5.0000 0.0000
    endloop
  endfacet
  facet normal -9.238795e-01 -3.826834e-01 0.000000e+00
    outer loop
      vertex -13.4000 10.0000 0.0000
      vertex -13.4000 10.0000 20.0000
      vertex -13.8686 11.1314 20.0000
    endloop
  endfacet
  facet normal -9.238795e-01 -3.826834e-01 0.000000e+00
    outer loop
      vertex -13.4000 10.0000 0.0000
      vertex -13.8686 11.1314 20.0000
      vertex -13.8686 11.1314 0.0000
    endloop
  endfacet
  facet normal -3.826834e-01 -9.238795e-01 0.000000e+00
    outer loop
      vertex -13.8686 11.1314 0.0000
      vertex -13.8686 11.1314 20.0000
      vertex -15.0000 11.6000 20.0000
    endloop
  endfacet
  facet normal -3.826834e-01 -9.238795e-01 0.000000e+00
    outer loop
      vertex -13.8686 11.1314 0.0000
      vertex -15.0000 11.6000 20.0000
      vertex -15.0000 11.6000 0.0000
    endloop
  endfacet
  facet normal 3.826834e-01 -9.238795e-01 0.000000e+00
    outer loop
      vertex -15.0000 11.6000 0.0000
      vertex -15.0000 11.6000 20.0000
      vertex -16.1314 11.1314 20.0000
    endloop
  endfacet
  facet normal 3.826834e-01 -9.238795e-01 0.000000e+00
    outer loop
      vertex -15.0000 11.6000 0.0000
      vertex -16.1314 11.1314 20.0000
      vertex -16.1314 11.1314 0.0000
    endloop
  endfacet
  facet normal 9.238795e-01 -3.826834e-01 0.000000e+00
    outer loop
      vertex -16.1314 11.1314 0.0000
      vertex -16.1314 11.1314 20.0000
      vertex -16.6000 10.0000 20.0000
    endloop
  endfacet
  facet normal 9.238795e-01 -3.826834e-01 0.000000e+00
    outer loop
      vertex -16.1314 11.1314 0.0000
      vertex -16.6000 10.0000 20.0000
      vertex -16.6000 10.0000 0.0000
    endloop
  endfacet
  facet normal 9.238795e-01 3.826834e-01 -0.000000e+00
    outer loop
      vertex -16.6000 10.0000 0.0000
      vertex -16.6000 10.0000 20.0000
      vertex -16.1314 8.8686 20.0000
    endloop
  endfacet
  facet normal 9.238795e-01 3.826834e-01 0.000000e+00
    outer loop
      vertex -16.6000 10.0000 0.0000
      vertex -16.1314 8.8686 20.0000
      vertex -16.1314 8.8686 0.0000
    endloop
  endfacet
  facet normal 3.826834e-01 9.238795e-01 -0.000000e+00
    outer loop
      vertex -16.1314 8.8686 0.0000
      vertex -16.1314 8.8686 20.0000
      vertex -15.0000 8.4000 20.0000
    endloop
  endfacet
  facet normal 3.826834e-01 9.238795e-01 0.000000e+00
    outer loop
      vertex -16.1314 8.8686 0.0000
      vertex -15.0000 8.4000 20.0000
      vertex -15.0000 8.4000 0.0000
    endloop
  endfacet
  facet normal -3.826834e-01 9.238795e-01 0.000000e+00
    outer loop
      vertex -15.0000 8.4000 0.0000
      vertex -15.0000 8.4000 20.0000
      vertex -13.8686 8.8686 20.0000
    endloop
  endfacet
  facet normal -3.826834e-01 9.238795e-01 0.000000e+00
    outer loop
      vertex -15.0000 8.4000 0.0000
      vertex -13.8686 8.8686 20.0000
      vertex -13.8686 8.8686 0.0000
    endloop
  endfacet
  facet normal -9.238795e-01 3.826834e-01 0.000000e+00
    outer loop
      vertex -13.8686 8.8686 0.0000
      vertex -13.8686 8.8686 20.0000
      vertex -13.4000 10.0000 20.0000
    endloop
  endfacet
  facet normal -9.238795e-01 3.826834e-01 0.000000e+00
    outer loop
      vertex -13.8686 8.8686 0.0000
      vertex -13.4000 10.0000 20.0000
      vertex -13.4000 10.0000 0.0000
    endloop
  endfacet
  facet normal -9.238795e-01 -3.826834e-01 0.000000e+00
    outer loop
      vertex -13.4000 15.0000 0.0000
      vertex -13.4000 15.0000 20.0000
      vertex -13.8686 16.1314 20.0000
    endloop
  endfacet
  facet normal -9.238795e-01 -3.826834e-01 0.000000e+00
    outer loop
      vertex -13.4000 15.0000 0.0000
      vertex -13.8686 16.1314 20.0000
      vertex -13.8686 16.1314 0.0000
    endloop
  endfacet
  facet normal -3.826834e-01 -9.238795e-01 0.000000e+00
    outer loop
      vertex -13.8686 16.1314 0.0000
      vertex -13.8686 16.1314 20.0000
      vertex -15.0000 16.6000 20.0000
    endloop
  endfacet
  facet normal -3.826834e-01 -9.238795e-01 0.000000e+00
    outer loop
      vertex -13.8686 16.1314 0.0000
      vertex -15.0000 16.6000 20.0000
      vertex -15.0000 16.6000 0.0000
    endloop
  endfacet
  facet normal 3.826834e-01 -9.238795e-01 0.000000e+00
    outer loop
      vertex -15.0000 16.6000 0.0000
      vertex -15.0000 16.6000 20.0000
      vertex -16.1314 16.1314 20.0000
    endloop
  endfacet
  facet normal 3.826834e-01 -9.238795e-01 0.000000e+00
    outer loop
      vertex -15.0000 16.6000 0.0000
      vertex -16.1314 16.1314 20.0000
      vertex -16.1314 16.1314 0.0000
    endloop
  endfacet
  facet normal 9.238795e-01 -3.826834e-01 0.000000e+00
    outer loop
      vertex -16.1314 16.1314 0.0000
      vertex -16.1314 16.1314 20.0000
      vertex -16.6000 15.0000 20.0000
    endloop
  endfacet
  facet normal 9.238795e-01 -3.826834e-01 0.000000e+00
    outer loop
      vertex -16.1314 16.1314 0.0000
      vertex -16.6000 15.0000 20.0000
      vertex -16.6000 15.0000 0.0000
    endloop
  endfacet
  facet normal 9.238795e-01 3.826834e-01 -0.000000e+00
    outer loop
      vertex -16.6000 15.0000 0.0000
      vertex -16.6000 15.0000 20.0000
      vertex -16.1314 13.8686 20.0000
    endloop
  endfacet
  facet normal 9.238795e-01 3.826834e-01 0.000000e+00
    outer loop
      vertex -16.6000 15.0000 0.0000
      vertex -16.1314 13.8686 20.0000
      vertex -16.1314 13.8686 0.0000
    endloop
  endfacet
  facet normal 3.826834e-01 9.238795e-01 -0.000000e+00
    outer loop
      vertex -16.1314 13.8686 0.0000
      vertex -16.1314 13.8686 20.0000
      vertex -15.0000 13.4000 20.0000
    endloop
  endfacet
  facet normal 3.826834e-01 9.238795e-01 0.000000e+00
    outer loop
      vertex -16.1314 13.8686 0.0000
      vertex -15.0000 13.4000 20.0000
      vertex -15.0000 13.4000 0.0000
    endloop
  endfacet
  facet normal -3.826834e-01 9.238795e-01 0.000000e+00
    outer loop
      vertex -15.0000 13.4000 0.0000
      vertex -15.0000 13.4000 20.0000
      vertex -13.8686 13.8686 20.0000
    endloop
  endfacet
  facet normal -3.826834e-01 9.238795e-01 0.000000e+00
    outer loop
      vertex -15.0000 13.4000 0.0000
      vertex -13.8686 13.8686 20.0000
      vertex -13.8686 13.8686 0.0000
    endloop
  endfacet
  facet normal -9.238795e-01 3.826834e-01 0.000000e+00
    outer loop
      vertex -13.8686 13.8686 0.0000
      vertex -13.8686 13.8686 20.0000
      vertex -13.4000 15.0000 20.0000
    endloop
  endfacet
  facet normal -9.238795e-01 3.826834e-01 0.000000e+00
    outer loop
      vertex -13.8686 13.8686 0.0000
      vertex -13.4000 15.0000 20.0000
      vertex -13.4000 15.0000 0.0000
    endloop
  endfacet
  facet normal -9.238795e-01 -3.826834e-01 0.000000e+00
    outer loop
      vertex -13.4000 20.0000 0.0000
      vertex -13.4000 20.0000 20.0000
      vertex -13.8686 21.1314 20.0000
    endloop
  endfacet
  facet normal -9.238795e-01 -3.826834e-01 0.000000e+00
    outer loop
      vertex -13.4000 20.0000 0.0000
      vertex -13.8686 21.1314 20.0000
      vertex -13.8686 21.1314 0.0000
    endloop
  endfacet
  facet normal -3.826834e-01 -9.238795e-01 0.000000e+00
    outer loop
      vertex -13.8686 21.1314 0.0000
      vertex -13.8686 21.1314 20.0000
      vertex -15.0000 21.6000 20.0000
    endloop
  endfacet
  facet normal -3.826834e-01 -9.238795e-01 0.000000e+00
    outer loop
      vertex -13.8686 21.1314 0.0000
      vertex -15.0000 21.6000 20.0000
      vertex -15.0000 21.6000 0.0000
    endloop
  endfacet
  facet normal 3.826834e-01 -9.238795e-01 0.000000e+00
    outer loop
      vertex -15.0000 21.6000 0.0000
      vertex -15.0000 21.6000 20.0000
      vertex -16.1314 21.1314 20.0000
    endloop
  endfacet
  facet normal 3.826834e-01 -9.238795e-01 0.000000e+00
    outer loop
      vertex -15.0000 21.6000 0.0000
      vertex -16.1314 21.1314 20.0000
      vertex -16.1314 21.1314 0.0000
    endloop
  endfacet
  facet normal 9.238795e-01 -3.826834e-01 0.000000e+00
    outer loop
      vertex -16.1314 21.1314 0.0000
      vertex -16.1314 21.1314 20.0000
      vertex -16.6000 20.0000 20.0000
    endloop
  endfacet
  facet normal 9.238795e-01 -3.826834e-01 0.000000e+00
    outer loop
      vertex -16.1314 21.1314 0.0000
      vertex -16.6000 20.0000 20.0000
      vertex -16.6000 20.0000 0.0000
    endloop
  endfacet
  facet normal 9.238795e-01 3.826834e-01 -0.000000e+00
    outer loop
      vertex -16.6000 20.0000 0.0000
      vertex -16.6000 20.0000 20.0000
      vertex -16.1314 18.8686 20.0000
    endloop
  endfacet
  facet normal 9.238795e-01 3.826834e-01 0.000000e+00
    outer loop
      vertex -16.6000 20.0000 0.0000
      vertex -16.1314 18.8686 20.0000
      vertex -16.1314 18.8686 0.0000
    endloop
  endfacet
  facet normal 3.826834e-01 9.238795e-01 -0.000000e+00
    outer loop
      vertex -16.1314 18.8686 0.0000
      vertex -16.1314 18.8686 20.0000
      vertex -15.0000 18.4000 20.0000
    endloop
  endfacet
  facet normal 3.826834e-01 9.238795e-01 0.000000e+00
    outer loop
      vertex -16.1314 18.8686 0.0000
      vertex -15.0000 18.4000 20.0000
      vertex -15.0000 18.4000 0.0000
    endloop
  endfacet
  facet normal -3.826834e-01 9.238795e-01 0.000000e+00
    outer loop
      vertex -15.0000 18.4000 0.0000
      vertex -15.0000 18.4000 20.0000
      vertex -13.8686 18.8686 20.0000
    endloop
  endfacet
  facet normal -3.826834e-01 9.238795e-01 0.000000e+00
    outer loop
      vertex -15.0000 18.4000 0.0000
      vertex -13.8686 18.8686 20.0000
      vertex -13.8686 18.8686 0.0000
    endloop
  endfacet
  facet normal -9.238795e-01 3.826834e-01 0.000000e+00
    outer loop
      vertex -13.8686 18.8686 0.0000
      vertex -13.8686 18.8686 20.0000
      vertex -13.4000 20.0000 20.0000
    endloop
  endfacet
  facet normal -9.238795e-01 3.826834e-01 0.000000e+00
    outer loop
      vertex -13.8686 18.8686 0.0000
      vertex -13.4000 20.0000 20.0000
      vertex -13.4000 20.0000 0.0000
    endloop
  endfacet
  facet normal -9.238795e-01 -3.826834e-01 0.000000e+00
    outer loop
      vertex -13.4000 25.0000 0.0000
      vertex -13.4000 25.0000 20.0000
      vertex -13.8686 26.1314 20.0000
    endloop
  endfacet
  facet normal -9.238795e-01 -3.826834e-01 0.000000e+00
    outer loop
      vertex -13.4000 25.0000 0.0000
      vertex -13.8686 26.1314 20.0000
      vertex -13.8686 26.1314 0.0000
    endloop
  endfacet
  facet normal -3.826834e-01 -9.238795e-01 0.000000e+00
    outer loop
      vertex -13.8686 26.1314 0.0000
      vertex -13.8686 26.1314 20.0000
      vertex -15.0000 26.6000 20.0000
    endloop
  endfacet
  facet normal -3.826834e-01 -9.238795e-01 0.000000e+00
    outer loop
      vertex -13.8686 26.1314 0.0000
      vertex -15.0000 26.6000 20.0000
      vertex -15.0000 26.6000 0.0000
    endloop
  endfacet
  facet normal 3.826834e-01 -9.238795e-01 0.000000e+00
    outer loop
      vertex -15.0000 26.6000 0.0000
      vertex -15.0000 26.6000 20.0000
      vertex -16.1314 26.1314 20.0000
    endloop
  endfacet
  facet normal 3.826834e-01 -9.238795e-01 0.000000e+00
    outer loop
      vertex -15.0000 26.6000 0.0000
      vertex -16.1314 26.1314 20.0000
      vertex -16.1314 26.1314 0.0000
    endloop
  endfacet
  facet normal 9.238795e-01 -3.826834e-01 0.000000e+00
    outer loop
      vertex -16.1314 26.1314 0.0000
      vertex -16.1314 26.1314 20.0000
      vertex -16.6000 25.0000 20.0000
    endloop
  endfacet
  facet normal 9.238795e-01 -3.826834e-01 0.000000e+00
    outer loop
      vertex -16.1314 26.1314 0.0000
      vertex -16.6000 25.0000 20.0000
      vertex -16.6000 25.0000 0.0000
    endloop
  endfacet
  facet normal 9.238795e-01 3.826834e-01 -0.000000e+00
    outer loop
      vertex -16.6000 25.0000 0.0000
      vertex -16.6000 25.0000 20.0000
      vertex -16.1314 23.8686 20.0000
    endloop
  endfacet
  facet normal 9.238795e-01 3.826834e-01 0.000000e+00
    outer loop
      vertex -16.6000 25.0000 0.0000
      vertex -16.1314 23.8686 20.0000
      vertex -16.1314 23.8686 0.0000
    endloop
  endfacet
  facet normal 3.826834e-01 9.238795e-01 -0.000000e+00
    outer loop
      vertex -16.1314 23.8686 0.0000
      vertex -16.1314 23.8686 20.0000
      vertex -15.0000 23.4000 20.0000
    endloop
  endfacet
  facet normal 3.826834e-01 9.238795e-01 0.000000e+00
    outer loop
      vertex -16.1314 23.8686 0.0000
      vertex -15.0000 23.4000 20.0000
      vertex -15.0000 23.4000 0.0000
    endloop
  endfacet
  facet normal -3.826834e-01 9.238795e-01 0.000000e+00
    outer loop
      vertex -15.0000 23.4000 0.0000
      vertex -15.0000 23.4000 20.0000
      vertex -13.8686 23.8686 20.0000
    endloop
  endfacet
  facet normal -3.826834e-01 9.238795e-01 0.000000e+00
    outer loop
      vertex -15.0000 23.4000 0.0000
      vertex -13.8686 23.8686 20.0000
      vertex -13.8686 23.8686 0.0000
    endloop
  endfacet
  facet normal -9.238795e-01 3.826834e-01 0.000000e+00
    outer loop
      vertex -13.8686 23.8686 0.0000
      vertex -13.8686 23.8686 20.0000
      vertex -13.4000 25.0000 20.0000
    endloop
  endfacet
  facet normal -9.238795e-01 3.826834e-01 0.000000e+00
    outer loop
      vertex -13.8686 23.8686 0.0000
      vertex -13.4000 25.0000 20.0000
      vertex -13.4000 25.0000 0.0000
    endloop
  endfacet
  facet normal -9.238795e-01 -3.826834e-01 0.000000e+00
    outer loop
      vertex -13.4000 30.0000 0.0000
      vertex -13.4000 30.0000 20.0000
      vertex -13.8686 31.1314 20.0000
    endloop
  endfacet
  facet normal -9.238795e-01 -3.826834e-01 0.000000e+00
    outer loop
      vertex -13.4000 30.0000 0.0000
      vertex -13.8686 31.1314 20.0000
      vertex -13.8686 31.1314 0.0000
    endloop
  endfacet
  facet normal -3.826834e-01 -9.238795e-01 0.000000e+00
    outer loop
      vertex -13.8686 31.1314 0.0000
      vertex -13.8686 31.1314 20.0000
      vertex -15.0000 31.6000 20.0000
    endloop
  endfacet
  facet normal -3.826834e-01 -9.238795e-01 0.000000e+00
    outer loop
      vertex -13.8686 31.1314 0.0000
      vertex -15.0000 31.6000 20.0000
      vertex -15.0000 31.6000 0.0000
    endloop
  endfacet
  facet normal 3.826834e-01 -9.238795e-01 0.000000e+00
    outer loop
      vertex -15.0000 31.6000 0.0000
      vertex -15.0000 31.6000 20.0000
      vertex -16.1314 31.1314 20.0000
    endloop
  endfacet
  facet normal 3.826834e-01 -9.238795e-01 0.000000e+00
    outer loop
      vertex -15.0000 31.6000 0.0000
      vertex -16.1314 31.1314 20.0000
      vertex -16.1314 31.1314 0.0000
    endloop
  endfacet
  facet normal 9.238795e-01 -3.826834e-01 0.000000e+00
    outer loop
      vertex -16.1314 31.1314 0.0000
      vertex -16.1314 31.1314 20.0000
      vertex -16.6000 30.0000 20.0000
    endloop
  endfacet
  facet normal 9.238795e-01 -3.826834e-01 0.000000e+00
    outer loop
      vertex -16.1314 31.1314 0.0000
      vertex -16.6000 30.0000 20.0000
      vertex -16.6000 30.0000 0.0000
    endloop
  endfacet
  facet normal 9.238795e-01 3.826834e-01 -0.000000e+00
    outer loop
      vertex -16.6000 30.0000 0.0000
      vertex -16.6000 30.0000 20.0000
      vertex -16.1314 28.8686 20.0000
    endloop
  endfacet
  facet normal 9.238795e-01 3.826834e-01 0.000000e+00
    outer loop
      vertex -16.6000 30.0000 0.0000
      vertex -16.1314 28.8686 20.0000
      vertex -16.1314 28.8686 0.0000
    endloop
  endfacet
  facet normal 3.826834e-01 9.238795e-01 -0.000000e+00
    outer loop
      vertex -16.1314 28.8686 0.0000
      vertex -16.1314 28.8686 20.0000
      vertex -15.0000 28.4000 20.0000
    endloop
  endfacet
  facet normal 3.826834e-01 9.238795e-01 0.000000e+00
    outer loop
      vertex -16.1314 28.8686 0.0000
      vertex -15.0000 28.4000 20.0000
      vertex -15.0000 28.4000 0.0000
    endloop
  endfacet
  facet normal -3.826834e-01 9.238795e-01 0.000000e+00
    outer loop
      vertex -15.0000 28.4000 0.0000
      vertex -15.0000 28.4000 20.0000
      vertex -13.8686 28.8686 20.0000
    endloop
  endfacet
  facet normal -3.826834e-01 9.238795e-01 0.000000e+00
    outer loop
      vertex -15.0000 28.4000 0.0000
      vertex -13.8686 28.8686 20.0000
      vertex -13.8686 28.8686 0.0000
    endloop
  endfacet
  facet normal -9.238795e-01 3.826834e-01 0.000000e+00
    outer loop
      vertex -13.8686 28.8686 0.0000
      vertex -13.8686 28.8686 20.0000
      vertex -13.4000 30.0000 20.0000
    endloop
  endfacet
  facet normal -9.238795e-01 3.826834e-01 0.000000e+00
    outer loop
      vertex -13.8686 28.8686 0.0000
      vertex -13.4000 30.0000 20.0000
      vertex -13.4000 30.0000 0.0000
    endloop
  endfacet
  facet normal -9.238795e-01 -3.826834e-01 0.000000e+00
    outer loop
      vertex -8.4000 -30.0000 0.0000
      vertex -8.4000 -30.0000 20.0000
      vertex -8.8686 -28.8686 20.0000
    endloop
  endfacet
  facet normal -9.238795e-01 -3.826834e-01 0.000000e+00
    outer loop
      vertex -8.4000 -30.0000 0.0000
      vertex -8.8686 -28.8686 20.0000
      vertex -8.8686 -28.8686 0.0000
    endloop
  endfacet
  facet normal -3.826834e-01 -9.238795e-01 0.000000e+00
    outer loop
      vertex -8.8686 -28.8686 0.0000
      vertex -8.8686 -28.8686 20.0000
      vertex -10.0000 -28.4000 20.0000
    endloop
  endfacet
  facet normal -3.826834e-01 -9.238795e-01 0.000000e+00
    outer loop
      vertex -8.8686 -28.8686 0.0000
      vertex -10.0000 -28.4000 20.0000
      vertex -10.0000 -28.4000 0.0000
    endloop
  endfacet
  facet normal 3.826834e-01 -9.238795e-01 0.000000e+00
    outer loop
      vertex -10.0000 -28.4000 0.0000
      vertex -10.0000 -28.4000 20.0000
      vertex -11.1314 -28.8686 20.0000
    endloop
  endfacet
  facet normal 3.826834e-01 -9.238795e-01 0.000000e+00
    outer loop
      vertex -10.0000 -28.4000 0.0000
      vertex -11.1314 -28.8686 20.0000
      vertex -11.1314 -28.8686 0.0000
    endloop
  endfacet
  facet normal 9.238795e-01 -3.826834e-01 0.000000e+00
    outer loop
      vertex -11.1314 -28.8686 0.0000
      vertex -11.1314 -28.8686 20.0000
      vertex -11.6000 -30.0000 20.0000
    endloop
  endfacet
  facet normal 9.238795e-01 -3.826834e-01 0.000000e+00
    outer loop
      vertex -11.1314 -28.8686 0.0000
      vertex -11.6000 -30.0000 20.0000
      vertex -11.6000 -30.0000 0.0000
    endloop
  endfacet
  facet normal 9.238795e-01 3.826834e-01 -0.000000e+00
    outer loop
      vertex -11.6000 -30.0000 0.0000
      vertex -11.6000 -30.0000 20.0000
      vertex -11.1314 -31.1314 20.0000
    endloop
  endfacet
  facet normal 9.238795e-01 3.826834e-01 0.000000e+00
    outer loop
      vertex -11.6000 -30.0000 0.0000
      vertex -11.1314 -31.1314 20.0000
      vertex -11.1314 -31.1314 0.0000
    endloop
  endfacet
  facet normal 3.826834e-01 9.238795e-01 -0.000000e+00
    outer loop
      vertex -11.1314 -31.1314 0.0000
      vertex -11.1314 -31.1314 20.0000
      vertex -10.0000 -31.6000 20.0000
    endloop
  endfacet
  facet normal 3.826834e-01 9.238795e-01 0.000000e+00
    outer loop
      vertex -11.1314 -31.1314 0.0000
      vertex -10.0000 -31.6000 20.0000
      vertex -10.0000 -31.6000 0.0000
    endloop
  endfacet
  facet normal -3.826834e-01 9.238795e-01 0.000000e+00
    outer loop
      vertex -10.0000 -31.6000 0.0000
      vertex -10.0000 -31.6000 20.0000
      vertex -8.8686 -31.1314 20.0000
    endloop
  endfacet
  facet normal -3.826834e-01 9.238795e-01 0.000000e+00
    outer loop
      vertex -10.0000 -31.6000 0.0000
      vertex -8.8686 -31.1314 20.0000
      vertex -8.8686 -31.1314 0.0000
    endloop
  endfacet
  facet normal -9.238795e-01 3.826834e-01 0.000000e+00
    outer loop
      vertex -8.8686 -31.1314 0.0000
      vertex -8.8686 -31.1314 20.0000
      vertex -8.4000 -30.0000 20.0000
    endloop
  endfacet
  facet normal -9.238795e-01 3.826834e-01 0.000000e+00
    outer loop
      vertex -8.8686 -31.1314 0.0000
      vertex -8.4000 -30.0000 20.0000
      vertex -8.4000 -30.0000 0.0000
    endloop
  endfacet
  facet normal -9.238795e-01 -3.826834e-01 0.000000e+00
    outer loop
      vertex -8.4000 -25.0000 0.0000
      vertex -8.4000 -25.0000 20.0000
      vertex -8.8686 -23.8686 20.0000
    endloop
  endfacet
  facet normal -9.238795e-01 -3.826834e-01 0.000000e+00
    outer loop
      vertex -8.4000 -25.0000 0.0000
      vertex -8.8686 -23.8686 20.0000
      vertex -8.8686 -23.8686 0.0000
    endloop
  endfacet
  facet normal -3.826834e-01 -9.238795e-01 0.000000e+00
    outer loop
      vertex -8.8686 -23.8686 0.0000
      vertex -8.8686 -23.8686 20.0000
      vertex -10.0000 -23.4000 20.0000
    endloop
  endfacet
  facet normal -3.826834e-01 -9.238795e-01 0.000000e+00
    outer loop
      vertex -8.8686 -23.8686 0.0000
      vertex -10.0000 -23.4000 20.0000
      vertex -10.0000 -23.4000 0.0000
    endloop
  endfacet
  facet normal 3.826834e-01 -9.238795e-01 0.000000e+00
    outer loop
      vertex -10.0000 -23.4000 0.0000
      vertex -10.0000 -23.4000 20.0000
      vertex -11.1314 -23.8686 20.0000
    endloop
  endfacet
  facet normal 3.826834e-01 -9.238795e-01 0.000000e+00
    outer loop
      vertex -10.0000 -23.4000 0.0000
      vertex -11.1314 -23.8686 20.0000
      vertex -11.1314 -23.8686 0.0000
    endloop
  endfacet
  facet normal 9.238795e-01 -3.826834e-01 0.000000e+00
    outer loop
      vertex -11.1314 -23.8686 0.0000
      vertex -11.1314 -23.8686 20.0000
      vertex -11.6000 -25.0000 20.0000
    endloop
  endfacet
  facet normal 9.238795e-01 -3.826834e-01 0.000000e+00
    outer loop
      vertex -11.1314 -23.8686 0.0000
      vertex -11.6000 -25.0000 20.0000
      vertex -11.6000 -25.0000 0.0000
    endloop
  endfacet
  facet normal 9.238795e-01 3.826834e-01 -0.000000e+00
    outer loop
      vertex -11.6000 -25.0000 0.0000
      vertex -11.6000 -25.0000 20.0000
      vertex -11.1314 -26.1314 20.0000
    endloop
  endfacet
  facet normal 9.238795e-01 3.826834e-01 0.000000e+00
    outer loop
      vertex -11.6000 -25.0000 0.0000
      vertex -11.1314 -26.1314 20.0000
      vertex -11.1314 -26.1314 0.0000
    endloop
  endfacet
  facet normal 3.826834e-01 9.238795e-01 -0.000000e+00
    outer loop
      vertex -11.1314 -26.1314 0.0000
      vertex -11.1314 -26.1314 20.0000
      vertex -10.0000 -26.6000 20.0000
    endloop
  endfacet
  facet normal 3.826834e-01 9.238795e-01 0.000000e+00
    outer loop
      vertex -11.1314 -26.1314 0.0000
      vertex -10.0000 -26.6000 20.0000
      vertex -10.0000 -26.6000 0.0000
    endloop
  endfacet
  facet normal -3.826834e-01 9.238795e-01 0.000000e+00
    outer loop
      vertex -10.0000 -26.6000 0.0000
      vertex -10.0000 -26.6000 20.0000
      vertex -8.8686 -26.1314 20.0000
    endloop
  endfacet
  facet normal -3.826834e-01 9.238795e-01 0.000000e+00
    outer loop
      vertex -10.0000 -26.6000 0.0000
      vertex -8.8686 -26.1314 20.0000
      vertex -8.8686 -26.1314 0.0000
    endloop
  endfacet
  facet normal -9.238795e-01 3.826834e-01 0.000000e+00
    outer loop
      vertex -8.8686 -26.1314 0.0000
      vertex -8.8686 -26.1314 20.0000
      vertex -8.4000 -25.0000 20.0000
    endloop
  endfacet
  facet normal -9.238795e-01 3.826834e-01 0.000000e+00
    outer loop
      vertex -8.8686 -26.1314 0.0000
      vertex -8.4000 -25.0000 20.0000
      vertex -8.4000 -25.0000 0.0000
    endloop
  endfacet
  facet normal -9.238795e-01 -3.826834e-01 0.000000e+00
    outer loop
      vertex -8.4000 -20.0000 0.0000
      vertex -8.4000 -20.0000 20.0000
      vertex -8.8686 -18.8686 20.0000
    endloop
  endfacet
  facet normal -9.238795e-01 -3.826834e-01 0.000000e+00
    outer loop
      vertex -8.4000 -20.0000 0.0000
      vertex -8.8686 -18.8686 20.0000
      vertex -8.8686 -18.8686 0.0000
    endloop
  endfacet
  facet normal -3.826834e-01 -9.238795e-01 0.000000e+00
    outer loop
      vertex -8.8686 -18.8686 0.0000
      vertex -8.8686 -18.8686 20.0000
      vertex -10.0000 -18.4000 20.0000
    endloop
  endfacet
  facet normal -3.826834e-01 -9.238795e-01 0.000000e+00
    outer loop
      vertex -8.8686 -18.8686 0.0000
      vertex -10.0000 -18.4000 20.0000
      vertex -10.0000 -18.4000 0.0000
    endloop
  endfacet
  facet normal 3.826834e-01 -9.238795e-01 0.000000e+00
    outer loop
      vertex -10.0000 -18.4000 0.0000
      vertex -10.0000 -18.4000 20.0000
      vertex -11.1314 -18.8686 20.0000
    endloop
  endfacet
  facet normal 3.826834e-01 -9.238795e-01 0.000000e+00
    outer loop
      vertex -10.0000 -18.4000 0.0000
      vertex -11.1314 -18.8686 20.0000
      vertex -11.1314 -18.8686 0.0000
    endloop
  endfacet
  facet normal 9.238795e-01 -3.826834e-01 0.000000e+00
    outer loop
      vertex -11.1314 -18.8686 0.0000
      vertex -11.1314 -18.8686 20.0000
      vertex -11.6000 -20.0000 20.0000
    endloop
  endfacet
  facet normal 9.238795e-01 -3.826834e-01 0.000000e+00
    outer loop
      vertex -11.1314 -18.8686 0.0000
      vertex -11.6000 -20.0000 20.0000
      vertex -11.6000 -20.0000 0.0000
    endloop
  endfacet
  facet normal 9.238795e-01 3.826834e-01 -0.000000e+00
    outer loop
      vertex -11.6000 -20.0000 0.0000
      vertex -11.6000 -20.0000 20.0000
      vertex -11.1314 -21.1314 20.0000
    endloop
  endfacet
  facet normal 9.238795e-01 3.826834e-01 0.000000e+00
    outer loop
      vertex -11.6000 -20.0000 0.0000
      vertex -11.1314 -21.1314 20.0000
      vertex -11.1314 -21.1314 0.0000
    endloop
  endfacet
  facet normal 3.826834e-01 9.238795e-01 -0.000000e+00
    outer loop
      vertex -11.1314 -21.1314 0.0000
      vertex -11.1314 -21.1314 20.0000
      vertex -10.0000 -21.6000 20.0000
    endloop
  endfacet
  facet normal 3.826834e-01 9.238795e-01 0.000000e+00
    outer loop
      vertex -11.1314 -21.1314 0.0000
      vertex -10.0000 -21.6000 20.0000
      vertex -10.0000 -21.6000 0.0000
    endloop
  endfacet
  facet normal -3.826834e-01 9.238795e-01 0.000000e+00
    outer loop
      vertex -10.0000 -21.6000 0.0000
      vertex -10.0000 -21.6000 20.0000
      vertex -8.8686 -21.1314 20.0000
    endloop
  endfacet
  facet normal -3.826834e-01 9.238795e-01 0.000000e+00
    outer loop
      vertex -10.0000 -21.6000 0.0000
      vertex -8.8686 -21.1314 20.0000
      vertex -8.8686 -21.1314 0.0000
    endloop
  endfacet
  facet normal -9.238795e-01 3.826834e-01 0.000000e+00
    outer loop
      vertex -8.8686 -21.1314 0.0000
      vertex -8.8686 -21.1314 20.0000
      vertex -8.4000 -20.0000 20.0000
    endloop
  endfacet
  facet normal -9.238795e-01 3.826834e-01 0.000000e+00
    outer loop
      vertex -8.8686 -21.1314 0.0000
      vertex -8.4000 -20.0000 20.0000
      vertex -8.4000 -20.0000 0.0000
    endloop
  endfacet
  facet normal -9.238795e-01 -3.826834e-01 0.000000e+00
    outer loop
      vertex -8.4000 -15.0000 0.0000
      vertex -8.4000 -15.0000 20.0000
      vertex -8.8686 -13.8686 20.0000
    endloop
  endfacet
  facet normal -9.238795e-01 -3.826834e-01 0.000000e+00
    outer loop
      vertex -8.4000 -15.0000 0.0000
      vertex -8.8686 -13.8686 20.0000
      vertex -8.8686 -13.8686 0.0000
    endloop
  endfacet
  facet normal -3.826834e-01 -9.238795e-01 0.000000e+00
    outer loop
      vertex -8.8686 -13.8686 0.0000
      vertex -8.8686 -13.8686 20.0000
      vertex -10.0000 -13.4000 20.0000
    endloop
  endfacet
  facet normal -3.826834e-01 -9.238795e-01 0.000000e+00
    outer loop
      vertex -8.8686 -13.8686 0.0000
      vertex -10.0000 -13.4000 20.0000
      vertex -10.0000 -13.4000 0.0000
    endloop
  endfacet
  facet normal 3.826834e-01 -9.238795e-01 0.000000e+00
    outer loop
      vertex -10.0000 -13.4000 0.0000
      vertex -10.0000 -13.4000 20.0000
      vertex -11.1314 -13.8686 20.0000
    endloop
  endfacet
  facet normal 3.826834e-01 -9.238795e-01 0.000000e+00
    outer loop
      vertex -10.0000 -13.4000 0.0000
      vertex -11.1314 -13.8686 20.0000
      vertex -11.1314 -13.8686 0.0000
    endloop
  endfacet
  facet normal 9.238795e-01 -3.826834e-01 0.000000e+00
    outer loop
      vertex -11.1314 -13.8686 0.0000
      vertex -11.1314 -13.8686 20.0000
      vertex -11.6000 -15.0000 20.0000
    endloop
  endfacet
  facet normal 9.238795e-01 -3.826834e-01 0.000000e+00
    outer loop
      vertex -11.1314 -13.8686 0.0000
      vertex -11.6000 -15.0000 20.0000
      vertex -11.6000 -15.0000 0.0000
    endloop
  endfacet
  facet normal 9.238795e-01 3.826834e-01 -0.000000e+00
    outer loop
      vertex -11.6000 -15.0000 0.0000
      vertex -11.6000 -15.0000 20.0000
      vertex -11.1314 -16.1314 20.0000
    endloop
  endfacet
  facet normal 9.238795e-01 3.826834e-01 0.000000e+00
    outer loop
      vertex -11.6000 -15.0000 0.0000
      vertex -11.1314 -16.1314 20.0000
      vertex -11.1314 -16.1314 0.0000
    endloop
  endfacet
  facet normal 3.826834e-01 9.238795e-01 -0.000000e+00
    outer loop
      vertex -11.1314 -16.1314 0.0000
      vertex -11.1314 -16.1314 20.0000
      vertex -10.0000 -16.6000 20.0000
    endloop
  endfacet
  facet normal 3.826834e-01 9.238795e-01 0.000000e+00
    outer loop
      vertex -11.1314 -16.1314 0.0000
      vertex -10.0000 -16.6000 20.0000
      vertex -10.0000 -16.6000 0.0000
    endloop
  endfacet
  facet normal -3.826834e-01 9.238795e-01 0.000000e+00
    outer loop
      vertex -10.0000 -16.6000 0.0000
      vertex -10.0000 -16.6000 20.0000
      vertex -8.8686 -16.1314 20.0000
    endloop
  endfacet
  facet normal -3.826834e-01 9.238795e-01 0.000000e+00
    outer loop
      vertex -10.0000 -16.6000 0.0000
      vertex -8.8686 -16.1314 20.0000
      vertex -8.8686 -16.1314 0.0000
    endloop
  endfacet
  facet normal -9.238795e-01 3.826834e-01 0.000000e+00
    outer loop
      vertex -8.8686 -16.1314 0.0000
      vertex -8.8686 -16.1314 20.0000
      vertex -8.4000 -15.0000 20.0000
    endloop
  endfacet
  facet normal -9.238795e-01 3.826834e-01 0.000000e+00
    outer loop
      vertex -8.8686 -16.1314 0.0000
      vertex -8.4000 -15.0000 20.0000
      vertex -8.4000 -15.0000 0.0000
    endloop
  endfacet
  facet normal -9.238795e-01 -3.826834e-01 0.000000e+00
    outer loop
      vertex -8.4000 -10.0000 0.0000
      vertex -8.4000 -10.0000 20.0000
      vertex -8.8686 -8.8686 20.0000
    endloop
  endfacet
  facet normal -9.238795e-01 -3.826834e-01 0.000000e+00
    outer loop
      vertex -8.4000 -10.0000 0.0000
      vertex -8.8686 -8.8686 20.0000
      vertex -8.8686 -8.8686 0.0000
    endloop
  endfacet
  facet normal -3.826834e-01 -9.238795e-01 0.000000e+00
    outer loop
      vertex -8.8686 -8.8686 0.0000
      vertex -8.8686 -8.8686 20.0000
      vertex -10.0000 -8.4000 20.0000
    endloop
  endfacet
  facet normal -3.826834e-01 -9.238795e-01 0.000000e+00
    outer loop
      vertex -8.8686 -8.8686 0.0000
      vertex -10.0000 -8.4000 20.0000
      vertex -10.0000 -8.4000 0.0000
    endloop
  endfacet
  facet normal 3.826834e-01 -9.238795e-01 0.000000e+00
    outer loop
      vertex -10.0000 -8.4000 0.0000
      vertex -10.0000 -8.4000 20.0000
      vertex -11.1314 -8.8686 20.0000
    endloop
  endfacet
  facet normal 3.826834e-01 -9.238795e-01 0.000000e+00
    outer loop
      vertex -10.0000 -8.4000 0.0000
      vertex -11.1314 -8.8686 20.0000
      vertex -11.1314 -8.8686 0.0000
    endloop
  endfacet
  facet normal 9.238795e-01 -3.826834e-01 0.000000e+00
    outer loop
      vertex -11.1314 -8.8686 0.0000
      vertex -11.1314 -8.8686 20.0000
      vertex -11.6000 -10.0000 20.0000
    endloop
  endfacet
  facet normal 9.238795e-01 -3.826834e-01 0.000000e+00
    outer loop
      vertex -11.1314 -8.8686 0.0000
      vertex -11.6000 -10.0000 20.0000
      vertex -11.6000 -10.0000 0.0000
    endloop
  endfacet
  facet normal 9.238795e-01 3.826834e-01 -0.000000e+00
    outer loop
      vertex -11.6000 -10.0000 0.0000
      vertex -11.6000 -10.0000 20.0000
      vertex -11.1314 -11.1314 20.0000
    endloop
  endfacet
  facet normal 9.238795e-01 3.826834e-01 0.000000e+00
    outer loop
      vertex -11.6000 -10.0000 0.0000
      vertex -11.1314 -11.1314 20.0000
      vertex -11.1314 -11.1314 0.0000
    endloop
  endfacet
  facet normal 3.826834e-01 9.238795e-01 -0.000000e+00
    outer loop
      vertex -11.1314 -11.1314 0.0000
      vertex -11.1314 -11.1314 20.0000
      vertex -10.0000 -11.6000 20.0000
    endloop
  endfacet
  facet normal 3.826834e-01 9.238795e-01 0.000000e+00
    outer loop
      vertex -11.1314 -11.1314 0.0000
      vertex -10.0000 -11.6000 20.0000
      vertex -10.0000 -11.6000 0.0000
    endloop
  endfacet
  facet normal -3.826834e-01 9.238795e-01 0.000000e+00
    outer loop
      vertex -10.0000 -11.6000 0.0000
      vertex -10.0000 -11.6000 20.0000
      vertex -8.8686 -11.1314 20.0000
    endloop
  endfacet
  facet normal -3.826834e-01 9.238795e-01 0.000000e+00
    outer loop
      vertex -10.0000 -11.6000 0.0000
      vertex -8.8686 -11.1314 20.0000
      vertex -8.8686 -11.1314 0.0000
    endloop
  endfacet
  facet normal -9.238795e-01 3.826834e-01 0.000000e+00
    outer loop
      vertex -8.8686 -11.1314 0.0000
      vertex -8.8686 -11.1314 20.0000
      vertex -8.4000 -10.0000 20.0000
    endloop
  endfacet
  facet normal -9.238795e-01 3.826834e-01 0.000000e+00
    outer loop
      vertex -8.8686 -11.1314 0.0000
      vertex -8.4000 -10.0000 20.0000
      vertex -8.4000 -10.0000 0.0000
    endloop
  endfacet
  facet normal -9.238795e-01 -3.826834e-01 0.000000e+00
    outer loop
      vertex -8.4000 -5.0000 0.0000
      vertex -8.4000 -5.0000 20.0000
      vertex -8.8686 -3.8686 20.0000
    endloop
  endfacet
  facet normal -9.238795e-01 -3.826834e-01 0.000000e+00
    outer loop
      vertex -8.4000 -5.0000 0.0000
      vertex -8.8686 -3.8686 20.0000
      vertex -8.8686 -3.8686 0.0000
    endloop
  endfacet
  facet normal -3.826834e-01 -9.238795e-01 0.000000e+00
    outer loop
      vertex -8.8686 -3.8686 0.0000
      vertex -8.8686 -3.8686 20.0000
      vertex -10.0000 -3.4000 20.0000
    endloop
  endfacet
  facet normal -3.826834e-01 -9.238795e-01 0.000000e+00
    outer loop
      vertex -8.8686 -3.8686 0.0000
      vertex -10.0000 -3.4000 20.0000
      vertex -10.0000 -3.4000 0.0000
    endloop
  endfacet
  facet normal 3.826834e-01 -9.238795e-01 0.000000e+00
    outer loop
      vertex -10.0000 -3.4000 0.0000
      vertex -10.0000 -3.4000 20.0000
      vertex -11.1314 -3.8686 20.0000
    endloop
  endfacet
  facet normal 3.826834e-01 -9.238795e-01 0.000000e+00
    outer loop
      vertex -10.0000 -3.4000 0.0000
      vertex -11.1314 -3.8686 20.0000
      vertex -11.1314 -3.8686 0.0000
    endloop
  endfacet
  facet normal 9.238795e-01 -3.826834e-01 0.000000e+00
    outer loop
      vertex -11.1314 -3.8686 0.0000
      vertex -11.1314 -3.8686 20.0000
      vertex -11.6000 -5.0000 20.0000
    endloop
  endfacet
  facet normal 9.238795e-01 -3.826834e-01 0.000000e+00
    outer loop
      vertex -11.1314 -3.8686 0.0000
      vertex -11.6000 -5.0000 20.0000
      vertex -11.6000 -5.0000 0.0000
    endloop
  endfacet
  facet normal 9.238795e-01 3.826834e-01 -0.000000e+00
    outer loop
      vertex -11.6000 -5.0000 0.0000
      vertex -11.6000 -5.0000 20.0000
      vertex -11.1314 -6.1314 20.0000
    endloop
  endfacet
  facet normal 9.238795e-01 3.826834e-01 0.000000e+00
    outer loop
      vertex -11.6000 -5.0000 0.0000
      vertex -11.1314 -6.1314 20.0000
      vertex -11.1314 -6.1314 0.0000
    endloop
  endfacet
  facet normal 3.826834e-01 9.238795e-01 -0.000000e+00
    outer loop
      vertex -11.1314 -6.1314 0.0000
      vertex -11.1314 -6.1314 20.0000
      vertex -10.0000 -6.6000 20.0000
    endloop
  endfacet
  facet normal 3.826834e-01 9.238795e-01 0.000000e+00
    outer loop
      vertex -11.1314 -6.1314 0.0000
      vertex -10.0000 -6.6000 20.0000
      vertex -10.0000 -6.6000 0.0000
    endloop
  endfacet
  facet normal -3.826834e-01 9.238795e-01 0.000000e+00
    outer loop
      vertex -10.0000 -6.6000 0.0000
      vertex -10.0000 -6.6000 20.0000
      vertex -8.8686 -6.1314 20.0000
    endloop
  endfacet
  facet normal -3.826834e-01 9.238795e-01 0.000000e+00
    outer loop
      vertex -10.0000 -6.6000 0.0000
      vertex -8.8686 -6.1314 20.0000
      vertex -8.8686 -6.1314 0.0000
    endloop
  endfacet
  facet normal -9.238795e-01 3.826834e-01 0.000000e+00
    outer loop
      vertex -8.8686 -6.1314 0.0000
      vertex -8.8686 -6.1314 20.0000
      vertex -8.4000 -5.0000 20.0000
    endloop
  endfacet
  facet normal -9.238795e-01 3.826834e-01 0.000000e+00
    outer loop
      vertex -8.8686 -6.1314 0.0000
      vertex -8.4000 -5.0000 20.0000
      vertex -8.4000 -5.0000 0.0000
    endloop
  endfacet
  facet normal -9.238795e-01 -3.826834e-01 0.000000e+00
    outer loop
      vertex -8.4000 0.0000 0.0000
      vertex -8.4000 0.0000 20.0000
      vertex -8.8686 1.1314 20.0000
    endloop
  endfacet
  facet normal -9.238795e-01 -3.826834e-01 0.000000e+00
    outer loop
      vertex -8.4000 0.0000 0.0000
      vertex -8.8686 1.1314 20.0000
      vertex -8.8686 1.1314 0.0000
    endloop
  endfacet
  facet normal -3.826834e-01 -9.238795e-01 0.000000e+00
    outer loop
      vertex -8.8686 1.1314 0.0000
      vertex -8.8686 1.1314 20.0000
      vertex -10.0000 1.6000 20.0000
    endloop
  endfacet
  facet normal -3.826834e-01 -9.238795e-01 0.000000e+00
    outer loop
      vertex -8.8686 1.1314 0.0000
      vertex -10.0000 1.6000 20.0000
      vertex -10.0000 1.6000 0.0000
    endloop
  endfacet
  facet normal 3.826834e-01 -9.238795e-01 0.000000e+00
    outer loop
      vertex -10.0000 1.6000 0.0000
      vertex -10.0000 1.6000 20.0000
      vertex -11.1314 1.1314 20.0000
    endloop
  endfacet
  facet normal 3.826834e-01 -9.238795e-01 0.000000e+00
    outer loop
      vertex -10.0000 1.6000 0.0000
      vertex -11.1314 1.1314 20.0000
      vertex -11.1314 1.1314 0.0000
    endloop
  endfacet
  facet normal 9.238795e-01 -3.826834e-01 0.000000e+00
    outer loop
      vertex -11.1314 1.1314 0.0000
      vertex -11.1314 1.1314 20.0000
      vertex -11.6000 0.0000 20.0000
    endloop
  endfacet
  facet normal 9.238795e-01 -3.826834e-01 0.000000e+00
    outer loop
      vertex -11.1314 1.1314 0.0000
      vertex -11.6000 0.0000 20.0000
      vertex -11.6000 0.0000 0.0000
    endloop
  endfacet
  facet normal 9.238795e-01 3.826834e-01 -0.000000e+00
    outer loop
      vertex -11.6000 0.0000 0.0000
      vertex -11.6000 0.0000 20.0000
      vertex -11.1314 -1.1314 20.0000
    endloop
  endfacet
  facet normal 9.238795e-01 3.826834e-01 0.000000e+00
    outer loop
      vertex -11.6000 0.0000 0.0000
      vertex -11.1314 -1.1314 20.0000
      vertex -11.1314 -1.1314 0.0000
    endloop
  endfacet
  facet normal 3.826834e-01 9.238795e-01 -0.000000e+00
    outer loop
      vertex -11.1314 -1.1314 0.0000
      vertex -11.1314 -1.1314 20.0000
      vertex -10.0000 -1.6000 20.0000
    endloop
  endfacet
  facet normal 3.826834e-01 9.238795e-01 0.000000e+00
    outer loop
      vertex -11.1314 -1.1314 0.0000
      vertex -10.0000 -1.6000 20.0000
      vertex -10.0000 -1.6000 0.0000
    endloop
  endfacet
  facet normal -3.826834e-01 9.238795e-01 0.000000e+00
    outer loop
      vertex -10.0000 -1.6000 0.0000
      vertex -10.0000 -1.6000 20.0000
      vertex -8.8686 -1.1314 20.0000
    endloop
  endfacet
  facet normal -3.826834e-01 9.238795e-01 0.000000e+00
    outer loop
      vertex -10.0000 -1.6000 0.0000
      vertex -8.8686 -1.1314 20.0000
      vertex -8.8686 -1.1314 0.0000
    endloop
  endfacet
  facet normal -9.238795e-01 3.826834e-01 0.000000e+00
    outer loop
      vertex -8.8686 -1.1314 0.0000
      vertex -8.8686 -1.1314 20.0000
      vertex -8.4000 0.0000 20.0000
    endloop
  endfacet
  facet normal -9.238795e-01 3.826834e-01 0.000000e+00
    outer loop
      vertex -8.8686 -1.1314 0.0000
      vertex -8.4000 0.0000 20.0000
      vertex -8.4000 0.0000 0.0000
    endloop
  endfacet
  facet normal -9.238795e-01 -3.826834e-01 0.000000e+00
    outer loop
      vertex -8.4000 5.0000 0.0000
      vertex -8.4000 5.0000 20.0000
      vertex -8.8686 6.1314 20.0000
    endloop
  endfacet
  facet normal -9.238795e-01 -3.826834e-01 0.000000e+00
    outer loop
      vertex -8.4000 5.0000 0.0000
      vertex -8.8686 6.1314 20.0000
      vertex -8.8686 6.1314 0.0000
    endloop
  endfacet
  facet normal -3.826834e-01 -9.238795e-01 0.000000e+00
    outer loop
      vertex -8.8686 6.1314 0.0000
      vertex -8.8686 6.1314 20.0000
      vertex -10.0000 6.6000 20.0000
    endloop
  endfacet
  facet normal -3.826834e-01 -9.238795e-01 0.000000e+00
    outer loop
      vertex -8.8686 6.1314 0.0000
      vertex -10.0000 6.6000 20.0000
      vertex -10.0000 6.6000 0.0000
    endloop
  endfacet
  facet normal 3.826834e-01 -9.238795e-01 0.000000e+00
    outer loop
      vertex -10.0000 6.6000 0.0000
      vertex -10.0000 6.6000 20.0000
      vertex -11.1314 6.1314 20.0000
    endloop
  endfacet
  facet normal 3.826834e-01 -9.238795e-01 0.000000e+00
    outer loop
      vertex -10.0000 6.6000 0.0000
      vertex -11.1314 6.1314 20.0000
      vertex -11.1314 6.1314 0.0000
    endloop
  endfacet
  facet normal 9.238795e-01 -3.826834e-01 0.000000e+00
    outer loop
      vertex -11.1314 6.1314 0.0000
      vertex -11.1314 6.1314 20.0000
      vertex -11.6000 5.0000 20.0000
    endloop
  endfacet
  facet normal 9.238795e-01 -3.826834e-01 0.000000e+00
    outer loop
      vertex -11.1314 6.1314 0.0000
      vertex -11.6000 5.0000 20.0000
      vertex -11.6000 5.0000 0.0000
    endloop
  endfacet
  facet normal 9.238795e-01 3.826834e-01 -0.000000e+00
    outer loop
      vertex -11.6000 5.0000 0.0000
      vertex -11.6000 5.0000 20.0000
      vertex -11.1314 3.8686 20.0000
    endloop
  endfacet
  facet normal 9.238795e-01 3.826834e-01 0.000000e+00
    outer loop
      vertex -11.6000 5.0000 0.0000
      vertex -11.1314 3.8686 20.0000
      vertex -11.1314 3.8686 0.0000
    endloop
  endfacet
  facet normal 3.826834e-01 9.238795e-01 -0.000000e+00
    outer loop
      vertex -11.1314 3.8686 0.0000
      vertex -11.1314 3.8686 20.0000
      vertex -10.0000 3.4000 20.0000
    endloop
  endfacet
  facet normal 3.826834e-01 9.238795e-01 0.000000e+00
    outer loop
      vertex -11.1314 3.8686 0.0000
      vertex -10.0000 3.4000 20.0000
      vertex -10.0000 3.4000 0.0000
    endloop
  endfacet
  facet normal -3.826834e-01 9.238795e-01 0.000000e+00
    outer loop
      vertex -10.0000 3.4000 0.0000
      vertex -10.0000 3.4000 20.0000
      vertex -8.8686 3.8686 20.0000
    endloop
  endfacet
  facet normal -3.826834e-01 9.238795e-01 0.000000e+00
    outer loop
      vertex -10.0000 3.4000 0.0000
      vertex -8.8686 3.8686 20.0000
      vertex -8.8686 3.8686 0.0000
    endloop
  endfacet
  facet normal -9.238795e-01 3.826834e-01 0.000000e+00
    outer loop
      vertex -8.8686 3.8686 0.0000
      vertex -8.8686 3.8686 20.0000
      vertex -8.4000 5.0000 20.0000
    endloop
  endfacet
  facet normal -9.238795e-01 3.826834e-01 0.000000e+00
    outer loop
      vertex -8.8686 3.8686 0.0000
      vertex -8.4000 5.0000 20.0000
      vertex -8.4000 5.0000 0.0000
    endloop
  endfacet
  facet normal -9.238795e-01 -3.826834e-01 0.000000e+00
    outer loop
      vertex -8.4000 10.0000 0.0000
      vertex -8.4000 10.0000 20.0000
      vertex -8.8686 11.1314 20.0000
    endloop
  endfacet
  facet normal -9.238795e-01 -3.826834e-01 0.000000e+00
    outer loop
      vertex -8.4000 10.0000 0.0000
      vertex -8.8686 11.1314 20.0000
      vertex -8.8686 11.1314 0.0000
    endloop
  endfacet
  facet normal -3.826834e-01 -9.238795e-01 0.000000e+00
    outer loop
      vertex -8.8686 11.1314 0.0000
      vertex -8.8686 11.1314 20.0000
      vertex -10.0000 11.6000 20.0000
    endloop
  endfacet
  facet normal -3.826834e-01 -9.238795e-01 0.000000e+00
    outer loop
      vertex -8.8686 11.1314 0.0000
      vertex -10.0000 11.6000 20.0000
      vertex -10.0000 11.6000 0.0000
    endloop
  endfacet
  facet normal 3.826834e-01 -9.238795e-01 0.000000e+00
    outer loop
      vertex -10.0000 11.6000 0.0000
      vertex -10.0000 11.6000 20.0000
      vertex -11.1314 11.1314 20.0000
    endloop
  endfacet
  facet normal 3.826834e-01 -9.238795e-01 0.000000e+00
    outer loop
      vertex -10.0000 11.6000 0.0000
      vertex -11.1314 11.1314 20.0000
      vertex -11.1314 11.1314 0.0000
    endloop
  endfacet
  facet normal 9.238795e-01 -3.826834e-01 0.000000e+00
    outer loop
      vertex -11.1314 11.1314 0.0000
      vertex -11.1314 11.1314 20.0000
      vertex -11.6000 10.0000 20.0000
    endloop
  endfacet
  facet normal 9.238795e-01 -3.826834e-01 0.000000e+00
    outer loop
      vertex -11.1314 11.1314 0.0000
      vertex -11.6000 10.0000 20.0000
      vertex -11.6000 10.0000 0.0000
    endloop
  endfacet
  facet normal 9.238795e-01 3.826834e-01 -0.000000e+00
    outer loop
      vertex -11.6000 10.0000 0.0000
      vertex -11.6000 10.0000 20.0000
      vertex -11.1314 8.8686 20.0000
    endloop
  endfacet
  facet normal 9.238795e-01 3.826834e-01 0.000000e+00
    outer loop
      vertex -11.6000 10.0000 0.0000
      vertex -11.1314 8.8686 20.0000
      vertex -11.1314 8.8686 0.0000
    endloop
  endfacet
  facet normal 3.826834e-01 9.238795e-01 -0.000000e+00
    outer loop
      vertex -11.1314 8.8686 0.0000
      vertex -11.1314 8.8686 20.0000
      vertex -10.0000 8.4000 20.0000
    endloop
  endfacet
  facet normal 3.826834e-01 9.238795e-01 0.000000e+00
    outer loop
      vertex -11.1314 8.8686 0.0000
      vertex -10.0000 8.4000 20.0000
      vertex -10.0000 8.4000 0.0000
    endloop
  endfacet
  facet normal -3.826834e-01 9.238795e-01 0.000000e+00
    outer loop
      vertex -10.0000 8.4000 0.0000
      vertex -10.0000 8.4000 20.0000
      vertex -8.8686 8.8686 20.0000
    endloop
  endfacet
  facet normal -3.826834e-01 9.238795e-01 0.000000e+00
    outer loop
      vertex -10.0000 8.4000 0.0000
      vertex -8.8686 8.8686 20.0000
      vertex -8.8686 8.8686 0.0000
    endloop
  endfacet
  facet normal -9.238795e-01 3.826834e-01 0.000000e+00
    outer loop
      vertex -8.8686 8.8686 0.0000
      vertex -8.8686 8.8686 20.0000
      vertex -8.4000 10.0000 20.0000
    endloop
  endfacet
  facet normal -9.238795e-01 3.826834e-01 0.000000e+00
    outer loop
      vertex -8.8686 8.8686 0.0000
      vertex -8.4000 10.0000 20.0000
      vertex -8.4000 10.0000 0.0000
    endloop
  endfacet
  facet normal -9.238795e-01 -3.826834e-01 0.000000e+00
    outer loop
      vertex -8.4000 15.0000 0.0000
      vertex -8.4000 15.0000 20.0000
      vertex -8.8686 16.1314 20.0000
    endloop
  endfacet
  facet normal -9.238795e-01 -3.826834e-01 0.000000e+00
    outer loop
      vertex -8.4000 15.0000 0.0000
      vertex -8.8686 16.1314 20.0000
      vertex -8.8686 16.1314 0.0000
    endloop
  endfacet
  facet normal -3.826834e-01 -9.238795e-01 0.000000e+00
    outer loop
      vertex -8.8686 16.1314 0.0000
      vertex -8.8686 16.1314 20.0000
      vertex -10.0000 16.6000 20.0000
    endloop
  endfacet
  facet normal -3.826834e-01 -9.238795e-01 0.000000e+00
    outer loop
      vertex -8.8686 16.1314 0.0000
      vertex -10.0000 16.6000 20.0000
      vertex -10.0000 16.6000 0.0000
    endloop
  endfacet
  facet normal 3.826834e-01 -9.238795e-01 0.000000e+00
    outer loop
      vertex -10.0000 16.6000 0.0000
      vertex -10.0000 16.6000 20.0000
      vertex -11.1314 16.1314 20.0000
    endloop
  endfacet
  facet normal 3.826834e-01 -9.238795e-01 0.000000e+00
    outer loop
      vertex -10.0000 16.6000 0.0000
      vertex -11.1314 16.1314 20.0000
      vertex -11.1314 16.1314 0.0000
    endloop
  endfacet
  facet normal 9.238795e-01 -3.826834e-01 0.000000e+00
    outer loop
      vertex -11.1314 16.1314 0.0000
      vertex -11.1314 16.1314 20.0000
      vertex -11.6000 15.0000 20.0000
    endloop
  endfacet
  facet normal 9.238795e-01 -3.826834e-01 0.000000e+00
    outer loop
      vertex -11.1314 16.1314 0.0000
      vertex -11.6000 15.0000 20.0000
      vertex -11.6000 15.0000 0.0000
    endloop
  endfacet
  facet normal 9.238795e-01 3.826834e-01 -0.000000e+00
    outer loop
      vertex -11.6000 15.0000 0.0000
      vertex -11.6000 15.0000 20.0000
      vertex -11.1314 13.8686 20.0000
    endloop
  endfacet
  facet normal 9.238795e-01 3.826834e-01 0.000000e+00
    outer loop
      vertex -11.6000 15.0000 0.0000
      vertex -11.1314 13.8686 20.0000
      vertex -11.1314 13.8686 0.0000
    endloop
  endfacet
  facet normal 3.826834e-01 9.238795e-01 -0.000000e+00
    outer loop
      vertex -11.1314 13.8686 0.0000
      vertex -11.1314 13.8686 20.0000
      vertex -10.0000 13.4000 20.0000
    endloop
  endfacet
  facet normal 3.826834e-01 9.238795e-01 0.000000e+00
    outer loop
      vertex -11.1314 13.8686 0.0000
      vertex -10.0000 13.4000 20.0000
      vertex -10.0000 13.4000 0.0000
    endloop
  endfacet
  facet normal -3.826834e-01 9.238795e-01 0.000000e+00
    outer loop
      vertex -10.0000 13.4000 0.0000
      vertex -10.0000 13.4000 20.0000
      vertex -8.8686 13.8686 20.0000
    endloop
  endfacet
  facet normal -3.826834e-01 9.238795e-01 0.000000e+00
    outer loop
      vertex -10.0000 13.4000 0.0000
      vertex -8.8686 13.8686 20.0000
      vertex -8.8686 13.8686 0.0000
    endloop
  endfacet
  facet normal -9.238795e-01 3.826834e-01 0.000000e+00
    outer loop
      vertex -8.8686 13.8686 0.0000
      vertex -8.8686 13.8686 20.0000
      vertex -8.4000 15.0000 20.0000
    endloop
  endfacet
  facet normal -9.238795e-01 3.826834e-01 0.000000e+00
    outer loop
      vertex -8.8686 13.8686 0.0000
      vertex -8.4000 15.0000 20.0000
      vertex -8.4000 15.0000 0.0000
    endloop
  endfacet
  facet normal -9.238795e-01 -3.826834e-01 0.000000e+00
    outer loop
      vertex -8.4000 20.0000 0.0000
      vertex -8.4000 20.0000 20.0000
      vertex -8.8686 21.1314 20.0000
    endloop
  endfacet
  facet normal -9.238795e-01 -3.826834e-01 0.000000e+00
    outer loop
      vertex -8.4000 20.0000 0.0000
      vertex -8.8686 21.1314 20.0000
      vertex -8.8686 21.1314 0.0000
    endloop
  endfacet
  facet normal -3.826834e-01 -9.238795e-01 0.000000e+00
    outer loop
      vertex -8.8686 21.1314 0.0000
      vertex -8.8686 21.1314 20.0000
      vertex -10.0000 21.6000 20.0000
    endloop
  endfacet
  facet normal -3.826834e-01 -9.238795e-01 0.000000e+00
    outer loop
      vertex -8.8686 21.1314 0.0000
      vertex -10.0000 21.6000 20.0000
      vertex -10.0000 21.6000 0.0000
    endloop
  endfacet
  facet normal 3.826834e-01 -9.238795e-01 0.000000e+00
    outer loop
      vertex -10.0000 21.6000 0.0000
      vertex -10.0000 21.6000 20.0000
      vertex -11.1314 21.1314 20.0000
    endloop
  endfacet
  facet normal 3.826834e-01 -9.238795e-01 0.000000e+00
    outer loop
      vertex -10.0000 21.6000 0.0000
      vertex -11.1314 21.1314 20.0000
      vertex -11.1314 21.1314 0.0000
    endloop
  endfacet
  facet normal 9.238795e-01 -3.826834e-01 0.000000e+00
    outer loop
      vertex -11.1314 21.1314 0.0000
      vertex -11.1314 21.1314 20.0000
      vertex -11.6000 20.0000 20.0000
    endloop
  endfacet
  facet normal 9.238795e-01 -3.826834e-01 0.000000e+00
    outer loop
      vertex -11.1314 21.1314 0.0000
      vertex -11.6000 20.0000 20.0000
      vertex -11.6000 20.0000 0.0000
    endloop
  endfacet
  facet normal 9.238795e-01 3.826834e-01 -0.000000e+00
    outer loop
      vertex -11.6000 20.0000 0.0000
      vertex -11.6000 20.0000 20.0000
      vertex -11.1314 18.8686 20.0000
    endloop
  endfacet
  facet normal 9.238795e-01 3.826834e-01 0.000000e+00
    outer loop
      vertex -11.6000 20.0000 0.0000
      vertex -11.1314 18.8686 20.0000
      vertex -11.1314 18.8686 0.0000
    endloop
  endfacet
  facet normal 3.826834e-01 9.238795e-01 -0.000000e+00
    outer loop
      vertex -11.1314 18.8686 0.0000
      vertex -11.1314 18.8686 20.0000
      vertex -10.0000 18.4000 20.0000
    endloop
  endfacet
  facet normal 3.826834e-01 9.238795e-01 0.000000e+00
    outer loop
      vertex -11.1314 18.8686 0.0000
      vertex -10.0000 18.4000 20.0000
      vertex -10.0000 18.4000 0.0000
    endloop
  endfacet
  facet normal -3.826834e-01 9.238795e-01 0.000000e+00
    outer loop
      vertex -10.0000 18.4000 0.0000
      vertex -10.0000 18.4000 20.0000
      vertex -8.8686 18.8686 20.0000
    endloop
  endfacet
  facet normal -3.826834e-01 9.238795e-01 0.000000e+00
    outer loop
      vertex -10.0000 18.4000 0.0000
      vertex -8.8686 18.8686 20.0000
      vertex -8.8686 18.8686 0.0000
    endloop
  endfacet
  facet normal -9.238795e-01 3.826834e-01 0.000000e+00
    outer loop
      vertex -8.8686 18.8686 0.0000
      vertex -8.8686 18.8686 20.0000
      vertex -8.4000 20.0000 20.0000
    endloop
  endfacet
  facet normal -9.238795e-01 3.826834e-01 0.000000e+00
    outer loop
      vertex -8.8686 18.8686 0.0000
      vertex -8.4000 20.0000 20.0000
      vertex -8.4000 20.0000 0.0000
    endloop
  endfacet
  facet normal -9.238795e-01 -3.826834e-01 0.000000e+00
    outer loop
      vertex -8.4000 25.0000 0.0000
      vertex -8.4000 25.0000 20.0000
      vertex -8.8686 26.1314 20.0000
    endloop
  endfacet
  facet normal -9.238795e-01 -3.826834e-01 0.000000e+00
    outer loop
      vertex -8.4000 25.0000 0.0000
      vertex -8.8686 26.1314 20.0000
      vertex -8.8686 26.1314 0.0000
    endloop
  endfacet
  facet normal -3.826834e-01 -9.238795e-01 0.000000e+00
    outer loop
      vertex -8.8686 26.1314 0.0000
      vertex -8.8686 26.1314 20.0000
      vertex -10.0000 26.6000 20.0000
    endloop
  endfacet
  facet normal -3.826834e-01 -9.238795e-01 0.000000e+00
    outer loop
      vertex -8.8686 26.1314 0.0000
      vertex -10.0000 26.6000 20.0000
      vertex -10.0000 26.6000 0.0000
    endloop
  endfacet
  facet normal 3.826834e-01 -9.238795e-01 0.000000e+00
    outer loop
      vertex -10.0000 26.6000 0.0000
      vertex -10.0000 26.6000 20.0000
      vertex -11.1314 26.1314 20.0000
    endloop
  endfacet
  facet normal 3.826834e-01 -9.238795e-01 0.000000e+00
    outer loop
      vertex -10.0000 26.6000 0.0000
      vertex -11.1314 26.1314 20.0000
      vertex -11.1314 26.1314 0.0000
    endloop
  endfacet
  facet normal 9.238795e-01 -3.826834e-01 0.000000e+00
    outer loop
      vertex -11.1314 26.1314 0.0000
      vertex -11.1314 26.1314 20.0000
      vertex -11.6000 25.0000 20.0000
    endloop
  endfacet
  facet normal 9.238795e-01 -3.826834e-01 0.000000e+00
    outer loop
      vertex -11.1314 26.1314 0.0000
      vertex -11.6000 25.0000 20.0000
      vertex -11.6000 25.0000 0.0000
    endloop
  endfacet
  facet normal 9.238795e-01 3.826834e-01 -0.000000e+00
    outer loop
      vertex -11.6000 25.0000 0.0000
      vertex -11.6000 25.0000 20.0000
      vertex -11.1314 23.8686 20.0000
    endloop
  endfacet
  facet normal 9.238795e-01 3.826834e-01 0.000000e+00
    outer loop
      vertex -11.6000 25.0000 0.0000
      vertex -11.1314 23.8686 20.0000
      vertex -11.1314 23.8686 0.0000
    endloop
  endfacet
  facet normal 3.826834e-01 9.238795e-01 -0.000000e+00
    outer loop
      vertex -11.1314 23.8686 0.0000
      vertex -11.1314 23.8686 20.0000
      vertex -10.0000 23.4000 20.0000
    endloop
  endfacet
  facet normal 3.826834e-01 9.238795e-01 0.000000e+00
    outer loop
      vertex -11.1314 23.8686 0.0000
      vertex -10.0000 23.4000 20.0000
      vertex -10.0000 23.4000 0.0000
    endloop
  endfacet
  facet normal -3.826834e-01 9.238795e-01 0.000000e+00
    outer loop
      vertex -10.0000 23.4000 0.0000
      vertex -10.0000 23.4000 20.0000
      vertex -8.8686 23.8686 20.0000
    endloop
  endfacet
  facet normal -3.826834e-01 9.238795e-01 0.000000e+00
    outer loop
      vertex -10.0000 23.4000 0.0000
      vertex -8.8686 23.8686 20.0000
      vertex -8.8686 23.8686 0.0000
    endloop
  endfacet
  facet normal -9.238795e-01 3.826834e-01 0.000000e+00
    outer loop
      vertex -8.8686 23.8686 0.0000
      vertex -8.8686 23.8686 20.0000
      vertex -8.4000 25.0000 20.0000
    endloop
  endfacet
  facet normal -9.238795e-01 3.826834e-01 0.000000e+00
    outer loop
      vertex -8.8686 23.8686 0.0000
      vertex -8.4000 25.0000 20.0000
      vertex -8.4000 25.0000 0.0000
    endloop
  endfacet
  facet normal -9.238795e-01 -3.826834e-01 0.000000e+00
    outer loop
      vertex -8.4000 30.0000 0.0000
      vertex -8.4000 30.0000 20.0000
      vertex -8.8686 31.1314 20.0000
    endloop
  endfacet
  facet normal -9.238795e-01 -3.826834e-01 0.000000e+00
    outer loop
      vertex -8.4000 30.0000 0.0000
      vertex -8.8686 31.1314 20.0000
      vertex -8.8686 31.1314 0.0000
    endloop
  endfacet
  facet normal -3.826834e-01 -9.238795e-01 0.000000e+00
    outer loop
      vertex -8.8686 31.1314 0.0000
      vertex -8.8686 31.1314 20.0000
      vertex -10.0000 31.6000 20.0000
    endloop
  endfacet
  facet normal -3.826834e-01 -9.238795e-01 0.000000e+00
    outer loop
      vertex -8.8686 31.1314 0.0000
      vertex -10.0000 31.6000 20.0000
      vertex -10.0000 31.6000 0.0000
    endloop
  endfacet
  facet normal 3.826834e-01 -9.238795e-01 0.000000e+00
    outer loop
      vertex -10.0000 31.6000 0.0000
      vertex -10.0000 31.6000 20.0000
      vertex -11.1314 31.1314 20.0000
    endloop
  endfacet
  facet normal 3.826834e-01 -9.238795e-01 0.000000e+00
    outer loop
      vertex -10.0000 31.6000 0.0000
      vertex -11.1314 31.1314 20.0000
      vertex -11.1314 31.1314 0.0000
    endloop
  endfacet
  facet normal 9.238795e-01 -3.826834e-01 0.000000e+00
    outer loop
      vertex -11.1314 31.1314 0.0000
      vertex -11.1314 31.1314 20.0000
      vertex -11.6000 30.0000 20.0000
    endloop
  endfacet
  facet normal 9.238795e-01 -3.826834e-01 0.000000e+00
    outer loop
      vertex -11.1314 31.1314 0.0000
      vertex -11.6000 30.0000 20.0000
      vertex -11.6000 30.0000 0.0000
    endloop
  endfacet
  facet normal 9.238795e-01 3.826834e-01 -0.000000e+00
    outer loop
      vertex -11.6000 30.0000 0.0000
      vertex -11.6000 30.0000 20.0000
      vertex -11.1314 28.8686 20.0000
    endloop
  endfacet
  facet normal 9.238795e-01 3.826834e-01 0.000000e+00
    outer loop
      vertex -11.6000 30.0000 0.0000
      vertex -11.1314 28.8686 20.0000
      vertex -11.1314 28.8686 0.0000
    endloop
  endfacet
  facet normal 3.826834e-01 9.238795e-01 -0.000000e+00
    outer loop
      vertex -11.1314 28.8686 0.0000
      vertex -11.1314 28.8686 20.0000
      vertex -10.0000 28.4000 20.0000
    endloop
  endfacet
  facet normal 3.826834e-01 9.238795e-01 0.000000e+00
    outer loop
      vertex -11.1314 28.8686 0.0000
      vertex -10.0000 28.4000 20.0000
      vertex -10.0000 28.4000 0.0000
    endloop
  endfacet
  facet normal -3.826834e-01 9.238795e-01 0.000000e+00
    outer loop
      vertex -10.0000 28.4000 0.0000
      vertex -10.0000 28.4000 20.0000
      vertex -8.8686 28.8686 20.0000
    endloop
  endfacet
  facet normal -3.826834e-01 9.238795e-01 0.000000e+00
    outer loop
      vertex -10.0000 28.4000 0.0000
      vertex -8.8686 28.8686 20.0000
      vertex -8.8686 28.8686 0.0000
    endloop
  endfacet
  facet normal -9.238795e-01 3.826834e-01 0.000000e+00
    outer loop
      vertex -8.8686 28.8686 0.0000
      vertex -8.8686 28.8686 20.0000
      vertex -8.4000 30.0000 20.0000
    endloop
  endfacet
  facet normal -9.238795e-01 3.826834e-01 0.000000e+00
    outer loop
      vertex -8.8686 28.8686 0.0000
      vertex -8.4000 30.0000 20.0000
      vertex -8.4000 30.0000 0.0000
    endloop
  endfacet
  facet normal -9.238795e-01 -3.826834e-01 0.000000e+00
    outer loop
      vertex -3.4000 -30.0000 0.0000
      vertex -3.4000 -30.0000 20.0000
      vertex -3.8686 -28.8686 20.0000
    endloop
  endfacet
  facet normal -9.238795e-01 -3.826834e-01 0.000000e+00
    outer loop
      vertex -3.4000 -30.0000 0.0000
      vertex -3.8686 -28.8686 20.0000
      vertex -3.8686 -28.8686 0.0000
    endloop
  endfacet
  facet normal -3.826834e-01 -9.238795e-01 0.000000e+00
    outer loop
      vertex -3.8686 -28.8686 0.0000
      vertex -3.8686 -28.8686 20.0000
      vertex -5.0000 -28.4000 20.0000
    endloop
  endfacet
  facet normal -3.826834e-01 -9.238795e-01 0.000000e+00
    outer loop
      vertex -3.8686 -28.8686 0.0000
      vertex -5.0000 -28.4000 20.0000
      vertex -5.0000 -28.4000 0.0000
    endloop
  endfacet
  facet normal 3.826834e-01 -9.238795e-01 0.000000e+00
    outer loop
      vertex -5.0000 -28.4000 0.0000
      vertex -5.0000 -28.4000 20.0000
      vertex -6.1314 -28.8686 20.0000
    endloop
  endfacet
  facet normal 3.826834e-01 -9.238795e-01 0.000000e+00
    outer loop
      vertex -5.0000 -28.4000 0.0000
      vertex -6.1314 -28.8686 20.0000
      vertex -6.1314 -28.8686 0.0000
    endloop
  endfacet
  facet normal 9.238795e-01 -3.826834e-01 0.000000e+00
    outer loop
      vertex -6.1314 -28.8686 0.0000
      vertex -6.1314 -28.8686 20.0000
      vertex -6.6000 -30.0000 20.0000
    endloop
  endfacet
  facet normal 9.238795e-01 -3.826834e-01 0.000000e+00
    outer loop
      vertex -6.1314 -28.8686 0.0000
      vertex -6.6000 -30.0000 20.0000
      vertex -6.6000 -30.0000 0.0000
    endloop
  endfacet
  facet normal 9.238795e-01 3.826834e-01 -0.000000e+00
    outer loop
      vertex -6.6000 -30.0000 0.0000
      vertex -6.6000 -30.0000 20.0000
      vertex -6.1314 -31.1314 20.0000
    endloop
  endfacet
  facet normal 9.238795e-01 3.826834e-01 0.000000e+00
    outer loop
      vertex -6.6000 -30.0000 0.0000
      vertex -6.1314 -31.1314 20.0000
      vertex -6.1314 -31.1314 0.0000
    endloop
  endfacet
  facet normal 3.826834e-01 9.238795e-01 -0.000000e+00
    outer loop
      vertex -6.1314 -31.1314 0.0000
      vertex -6.1314 -31.1314 20.0000
      vertex -5.0000 -31.6000 20.0000
    endloop
  endfacet
  facet normal 3.826834e-01 9.238795e-01 0.000000e+00
    outer loop
      vertex -6.1314 -31.1314 0.0000
      vertex -5.0000 -31.6000 20.0000
      vertex -5.0000 -31.6000 0.0000
    endloop
  endfacet
  facet normal -3.826834e-01 9.238795e-01 0.000000e+00
    outer loop
      vertex -5.0000 -31.6000 0.0000
      vertex -5.0000 -31.6000 20.0000
      vertex -3.8686 -31.1314 20.0000
    endloop
  endfacet
  facet normal -3.826834e-01 9.238795e-01 0.000000e+00
    outer loop
      vertex -5.0000 -31.6000 0.0000
      vertex -3.8686 -31.1314 20.0000
      vertex -3.8686 -31.1314 0.0000
    endloop
  endfacet
  facet normal -9.238795e-01 3.826834e-01 0.000000e+00
    outer loop
      vertex -3.8686 -31.1314 0.0000
      vertex -3.8686 -31.1314 20.0000
      vertex -3.4000 -30.0000 20.0000
    endloop
  endfacet
  facet normal -9.238795e-01 3.826834e-01 0.000000e+00
    outer loop
      vertex -3.8686 -31.1314 0.0000
      vertex -3.4000 -30.0000 20.0000
      vertex -3.4000 -30.0000 0.0000
    endloop
  endfacet
  facet normal -9.238795e-01 -3.826834e-01 0.000000e+00
    outer loop
      vertex -3.4000 -25.0000 0.0000
      vertex -3.4000 -25.0000 20.0000
      vertex -3.8686 -23.8686 20.0000
    endloop
  endfacet
  facet normal -9.238795e-01 -3.826834e-01 0.000000e+00
    outer loop
      vertex -3.4000 -25.0000 0.0000
      vertex -3.8686 -23.8686 20.0000
      vertex -3.8686 -23.8686 0.0000
    endloop
  endfacet
  facet normal -3.826834e-01 -9.238795e-01 0.000000e+00
    outer loop
      vertex -3.8686 -23.8686 0.0000
      vertex -3.8686 -23.8686 20.0000
      vertex -5.0000 -23.4000 20.0000
    endloop
  endfacet
  facet normal -3.826834e-01 -9.238795e-01 0.000000e+00
    outer loop
      vertex -3.8686 -23.8686 0.0000
      vertex -5.0000 -23.4000 20.0000
      vertex -5.0000 -23.4000 0.0000
    endloop
  endfacet
  facet normal 3.826834e-01 -9.238795e-01 0.000000e+00
    outer loop
      vertex -5.0000 -23.4000 0.0000
      vertex -5.0000 -23.4000 20.0000
      vertex -6.1314 -23.8686 20.0000
    endloop
  endfacet
  facet normal 3.826834e-01 -9.238795e-01 0.000000e+00
    outer loop
      vertex -5.0000 -23.4000 0.0000
      vertex -6.1314 -23.8686 20.0000
      vertex -6.1314 -23.8686 0.0000
    endloop
  endfacet
  facet normal 9.238795e-01 -3.826834e-01 0.000000e+00
    outer loop
      vertex -6.1314 -23.8686 0.0000
      vertex -6.1314 -23.8686 20.0000
      vertex -6.6000 -25.0000 20.0000
    endloop
  endfacet
  facet normal 9.238795e-01 -3.826834e-01 0.000000e+00
    outer loop
      vertex -6.1314 -23.8686 0.0000
      vertex -6.6000 -25.0000 20.0000
      vertex -6.6000 -25.0000 0.0000
    endloop
  endfacet
  facet normal 9.238795e-01 3.826834e-01 -0.000000e+00
    outer loop
      vertex -6.6000 -25.0000 0.0000
      vertex -6.6000 -25.0000 20.0000
      vertex -6.1314 -26.1314 20.0000
    endloop
  endfacet
  facet normal 9.238795e-01 3.826834e-01 0.000000e+00
    outer loop
      vertex -6.6000 -25.0000 0.0000
      vertex -6.1314 -26.1314 20.0000
      vertex -6.1314 -26.1314 0.0000
    endloop
  endfacet
  facet normal 3.826834e-01 9.238795e-01 -0.000000e+00
    outer loop
      vertex -6.1314 -26.1314 0.0000
      vertex -6.1314 -26.1314 20.0000
      vertex -5.0000 -26.6000 20.0000
    endloop
  endfacet
  facet normal 3.826834e-01 9.238795e-01 0.000000e+00
    outer loop
      vertex -6.1314 -26.1314 0.0000
      vertex -5.0000 -26.6000 20.0000
      vertex -5.0000 -26.6000 0.0000
    endloop
  endfacet
  facet normal -3.826834e-01 9.238795e-01 0.000000e+00
    outer loop
      vertex -5.0000 -26.6000 0.0000
      vertex -5.0000 -26.6000 20.0000
      vertex -3.8686 -26.1314 20.0000
    endloop
  endfacet
  facet normal -3.826834e-01 9.238795e-01 0.000000e+00
    outer loop
      vertex -5.0000 -26.6000 0.0000
      vertex -3.8686 -26.1314 20.0000
      vertex -3.8686 -26.1314 0.0000
    endloop
  endfacet
  facet normal -9.238795e-01 3.826834e-01 0.000000e+00
    outer loop
      vertex -3.8686 -26.1314 0.0000
      vertex -3.8686 -26.1314 20.0000
      vertex -3.4000 -25.0000 20.0000
    endloop
  endfacet
  facet normal -9.238795e-01 3.826834e-01 0.000000e+00
    outer loop
      vertex -3.8686 -26.1314 0.0000
      vertex -3.4000 -25.0000 20.0000
      vertex -3.4000 -25.0000 0.0000
    endloop
  endfacet
  facet normal -9.238795e-01 -3.826834e-01 0.000000e+00
    outer loop
      vertex -3.4000 -20.0000 0.0000
      vertex -3.4000 -20.0000 20.0000
      vertex -3.8686 -18.8686 20.0000
    endloop
  endfacet
  facet normal -9.238795e-01 -3.826834e-01 0.000000e+00
    outer loop
      vertex -3.4000 -20.0000 0.0000
      vertex -3.8686 -18.8686 20.0000
      vertex -3.8686 -18.8686 0.0000
    endloop
  endfacet
  facet normal -3.826834e-01 -9.238795e-01 0.000000e+00
    outer loop
      vertex -3.8686 -18.8686 0.0000
      vertex -3.8686 -18.8686 20.0000
      vertex -5.0000 -18.4000 20.0000
    endloop
  endfacet
  facet normal -3.826834e-01 -9.238795e-01 0.000000e+00
    outer loop
      vertex -3.8686 -18.8686 0.0000
      vertex -5.0000 -18.4000 20.0000
      vertex -5.0000 -18.4000 0.0000
    endloop
  endfacet
  facet normal 3.826834e-01 -9.238795e-01 0.000000e+00
    outer loop
      vertex -5.0000 -18.4000 0.0000
      vertex -5.0000 -18.4000 20.0000
      vertex -6.1314 -18.8686 20.0000
    endloop
  endfacet
  facet normal 3.826834e-01 -9.238795e-01 0.000000e+00
    outer loop
      vertex -5.0000 -18.4000 0.0000
      vertex -6.1314 -18.8686 20.0000
      vertex -6.1314 -18.8686 0.0000
    endloop
  endfacet
  facet normal 9.238795e-01 -3.826834e-01 0.000000e+00
    outer loop
      vertex -6.1314 -18.8686 0.0000
      vertex -6.1314 -18.8686 20.0000
      vertex -6.6000 -20.0000 20.0000
    endloop
  endfacet
  facet normal 9.238795e-01 -3.826834e-01 0.000000e+00
    outer loop
      vertex -6.1314 -18.8686 0.0000
      vertex -6.6000 -20.0000 20.0000
      vertex -6.6000 -20.0000 0.0000
    endloop
  endfacet
  facet normal 9.238795e-01 3.826834e-01 -0.000000e+00
    outer loop
      vertex -6.6000 -20.0000 0.0000
      vertex -6.6000 -20.0000 20.0000
      vertex -6.1314 -21.1314 20.0000
    endloop
  endfacet
  facet normal 9.238795e-01 3.826834e-01 0.000000e+00
    outer loop
      vertex -6.6000 -20.0000 0.0000
      vertex -6.1314 -21.1314 20.0000
      vertex -6.1314 -21.1314 0.0000
    endloop
  endfacet
  facet normal 3.826834e-01 9.238795e-01 -0.000000e+00
    outer loop
      vertex -6.1314 -21.1314 0.0000
      vertex -6.1314 -21.1314 20.0000
      vertex -5.0000 -21.6000 20.0000
    endloop
  endfacet
  facet normal 3.826834e-01 9.238795e-01 0.000000e+00
    outer loop
      vertex -6.1314 -21.1314 0.0000
      vertex -5.0000 -21.6000 20.0000
      vertex -5.0000 -21.6000 0.0000
    endloop
  endfacet
  facet normal -3.826834e-01 9.238795e-01 0.000000e+00
    outer loop
      vertex -5.0000 -21.6000 0.0000
      vertex -5.0000 -21.6000 20.0000
      vertex -3.8686 -21.1314 20.0000
    endloop
  endfacet
  facet normal -3.826834e-01 9.238795e-01 0.000000e+00
    outer loop
      vertex -5.0000 -21.6000 0.0000
      vertex -3.8686 -21.1314 20.0000
      vertex -3.8686 -21.1314 0.0000
    endloop
  endfacet
  facet normal -9.238795e-01 3.826834e-01 0.000000e+00
    outer loop
      vertex -3.8686 -21.1314 0.0000
      vertex -3.8686 -21.1314 20.0000
      vertex -3.4000 -20.0000 20.0000
    endloop
  endfacet
  facet normal -9.238795e-01 3.826834e-01 0.000000e+00
    outer loop
      vertex -3.8686 -21.1314 0.0000
      vertex -3.4000 -20.0000 20.0000
      vertex -3.4000 -20.0000 0.0000
    endloop
  endfacet
  facet normal -9.238795e-01 -3.826834e-01 0.000000e+00
    outer loop
      vertex -3.4000 -15.0000 0.0000
      vertex -3.4000 -15.0000 20.0000
      vertex -3.8686 -13.8686 20.0000
    endloop
  endfacet
  facet normal -9.238795e-01 -3.826834e-01 0.000000e+00
    outer loop
      vertex -3.4000 -15.0000 0.0000
      vertex -3.8686 -13.8686 20.0000
      vertex -3.8686 -13.8686 0.0000
    endloop
  endfacet
  facet normal -3.826834e-01 -9.238795e-01 0.000000e+00
    outer loop
      vertex -3.8686 -13.8686 0.0000
      vertex -3.8686 -13.8686 20.0000
      vertex -5.0000 -13.4000 20.0000
    endloop
  endfacet
  facet normal -3.826834e-01 -9.238795e-01 0.000000e+00
    outer loop
      vertex -3.8686 -13.8686 0.0000
      vertex -5.0000 -13.4000 20.0000
      vertex -5.0000 -13.4000 0.0000
    endloop
  endfacet
  facet normal 3.826834e-01 -9.238795e-01 0.000000e+00
    outer loop
      vertex -5.0000 -13.4000 0.0000
      vertex -5.0000 -13.4000 20.0000
      vertex -6.1314 -13.8686 20.0000
    endloop
  endfacet
  facet normal 3.826834e-01 -9.238795e-01 0.000000e+00
    outer loop
      vertex -5.0000 -13.4000 0.0000
      vertex -6.1314 -13.8686 20.0000
      vertex -6.1314 -13.8686 0.0000
    endloop
  endfacet
  facet normal 9.238795e-01 -3.826834e-01 0.000000e+00
    outer loop
      vertex -6.1314 -13.8686 0.0000
      vertex -6.1314 -13.8686 20.0000
      vertex -6.6000 -15.0000 20.0000
    endloop
  endfacet
  facet normal 9.238795e-01 -3.826834e-01 0.000000e+00
    outer loop
      vertex -6.1314 -13.8686 0.0000
      vertex -6.6000 -15.0000 20.0000
      vertex -6.6000 -15.0000 0.0000
    endloop
  endfacet
  facet normal 9.238795e-01 3.826834e-01 -0.000000e+00
    outer loop
      vertex -6.6000 -15.0000 0.0000
      vertex -6.6000 -15.0000 20.0000
      vertex -6.1314 -16.1314 20.0000
    endloop
  endfacet
  facet normal 9.238795e-01 3.826834e-01 0.000000e+00
    outer loop
      vertex -6.6000 -15.0000 0.0000
      vertex -6.1314 -16.1314 20.0000
      vertex -6.1314 -16.1314 0.0000
    endloop
  endfacet
  facet normal 3.826834e-01 9.238795e-01 -0.000000e+00
    outer loop
      vertex -6.1314 -16.1314 0.0000
      vertex -6.1314 -16.1314 20.0000
      vertex -5.0000 -16.6000 20.0000
    endloop
  endfacet
  facet normal 3.826834e-01 9.238795e-01 0.000000e+00
    outer loop
      vertex -6.1314 -16.1314 0.0000
      vertex -5.0000 -16.6000 20.0000
      vertex -5.0000 -16.6000 0.0000
    endloop
  endfacet
  facet normal -3.826834e-01 9.238795e-01 0.000000e+00
    outer loop
      vertex -5.0000 -16.6000 0.0000
      vertex -5.0000 -16.6000 20.0000
      vertex -3.8686 -16.1314 20.0000
    endloop
  endfacet
  facet normal -3.826834e-01 9.238795e-01 0.000000e+00
    outer loop
      vertex -5.0000 -16.6000 0.0000
      vertex -3.8686 -16.1314 20.0000
      vertex -3.8686 -16.1314 0.0000
    endloop
  endfacet
  facet normal -9.238795e-01 3.826834e-01 0.000000e+00
    outer loop
      vertex -3.8686 -16.1314 0.0000
      vertex -3.8686 -16.1314 20.0000
      vertex -3.4000 -15.0000 20.0000
    endloop
  endfacet
  facet normal -9.238795e-01 3.826834e-01 0.000000e+00
    outer loop
      vertex -3.8686 -16.1314 0.0000
      vertex -3.4000 -15.0000 20.0000
      vertex -3.4000 -15.0000 0.0000
    endloop
  endfacet
  facet normal -9.238795e-01 -3.826834e-01 0.000000e+00
    outer loop
      vertex -3.4000 -10.0000 0.0000
      vertex -3.4000 -10.0000 20.0000
      vertex -3.8686 -8.8686 20.0000
    endloop
  endfacet
  facet normal -9.238795e-01 -3.826834e-01 0.000000e+00
    outer loop
      vertex -3.4000 -10.0000 0.0000
      vertex -3.8686 -8.8686 20.0000
      vertex -3.8686 -8.8686 0.0000
    endloop
  endfacet
  facet normal -3.826834e-01 -9.238795e-01 0.000000e+00
    outer loop
      vertex -3.8686 -8.8686 0.0000
      vertex -3.8686 -8.8686 20.0000
      vertex -5.0000 -8.4000 20.0000
    endloop
  endfacet
  facet normal -3.826834e-01 -9.238795e-01 0.000000e+00
    outer loop
      vertex -3.8686 -8.8686 0.0000
      vertex -5.0000 -8.4000 20.0000
      vertex -5.0000 -8.4000 0.0000
    endloop
  endfacet
  facet normal 3.826834e-01 -9.238795e-01 0.000000e+00
    outer loop
      vertex -5.0000 -8.4000 0.0000
      vertex -5.0000 -8.4000 20.0000
      vertex -6.1314 -8.8686 20.0000
    endloop
  endfacet
  facet normal 3.826834e-01 -9.238795e-01 0.000000e+00
    outer loop
      vertex -5.0000 -8.4000 0.0000
      vertex -6.1314 -8.8686 20.0000
      vertex -6.1314 -8.8686 0.0000
    endloop
  endfacet
  facet normal 9.238795e-01 -3.826834e-01 0.000000e+00
    outer loop
      vertex -6.1314 -8.8686 0.0000
      vertex -6.1314 -8.8686 20.0000
      vertex -6.6000 -10.0000 20.0000
    endloop
  endfacet
  facet normal 9.238795e-01 -3.826834e-01 0.000000e+00
    outer loop
      vertex -6.1314 -8.8686 0.0000
      vertex -6.6000 -10.0000 20.0000
      vertex -6.6000 -10.0000 0.0000
    endloop
  endfacet
  facet normal 9.238795e-01 3.826834e-01 -0.000000e+00
    outer loop
      vertex -6.6000 -10.0000 0.0000
      vertex -6.6000 -10.0000 20.0000
      vertex -6.1314 -11.1314 20.0000
    endloop
  endfacet
  facet normal 9.238795e-01 3.826834e-01 0.000000e+00
    outer loop
      vertex -6.6000 -10.0000 0.0000
      vertex -6.1314 -11.1314 20.0000
      vertex -6.1314 -11.1314 0.0000
    endloop
  endfacet
  facet normal 3.826834e-01 9.238795e-01 -0.000000e+00
    outer loop
      vertex -6.1314 -11.1314 0.0000
      vertex -6.1314 -11.1314 20.0000
      vertex -5.0000 -11.6000 20.0000
    endloop
  endfacet
  facet normal 3.826834e-01 9.238795e-01 0.000000e+00
    outer loop
      vertex -6.1314 -11.1314 0.0000
      vertex -5.0000 -11.6000 20.0000
      vertex -5.0000 -11.6000 0.0000
    endloop
  endfacet
  facet normal -3.826834e-01 9.238795e-01 0.000000e+00
    outer loop
      vertex -5.0000 -11.6000 0.0000
      vertex -5.0000 -11.6000 20.0000
      vertex -3.8686 -11.1314 20.0000
    endloop
  endfacet
  facet normal -3.826834e-01 9.238795e-01 0.000000e+00
    outer loop
      vertex -5.0000 -11.6000 0.0000
      vertex -3.8686 -11.1314 20.0000
      vertex -3.8686 -11.1314 0.0000
    endloop
  endfacet
  facet normal -9.238795e-01 3.826834e-01 0.000000e+00
    outer loop
      vertex -3.8686 -11.1314 0.0000
      vertex -3.8686 -11.1314 20.0000
      vertex -3.4000 -10.0000 20.0000
    endloop
  endfacet
  facet normal -9.238795e-01 3.826834e-01 0.000000e+00
    outer loop
      vertex -3.8686 -11.1314 0.0000
      vertex -3.4000 -10.0000 20.0000
      vertex -3.4000 -10.0000 0.0000
    endloop
  endfacet
  facet normal -9.238795e-01 -3.826834e-01 0.000000e+00
    outer loop
      vertex -3.4000 -5.0000 0.0000
      vertex -3.4000 -5.0000 20.0000
      vertex -3.8686 -3.8686 20.0000
    endloop
  endfacet
  facet normal -9.238795e-01 -3.826834e-01 0.000000e+00
    outer loop
      vertex -3.4000 -5.0000 0.0000
      vertex -3.8686 -3.8686 20.0000
      vertex -3.8686 -3.8686 0.0000
    endloop
  endfacet
  facet normal -3.826834e-01 -9.238795e-01 0.000000e+00
    outer loop
      vertex -3.8686 -3.8686 0.0000
      vertex -3.8686 -3.8686 20.0000
      vertex -5.0000 -3.4000 20.0000
    endloop
  endfacet
  facet normal -3.826834e-01 -9.238795e-01 0.000000e+00
    outer loop
      vertex -3.8686 -3.8686 0.0000
      vertex -5.0000 -3.4000 20.0000
      vertex -5.0000 -3.4000 0.0000
    endloop
  endfacet
  facet normal 3.826834e-01 -9.238795e-01 0.000000e+00
    outer loop
      vertex -5.0000 -3.4000 0.0000
      vertex -5.0000 -3.4000 20.0000
      vertex -6.1314 -3.8686 20.0000
    endloop
  endfacet
  facet normal 3.826834e-01 -9.238795e-01 0.000000e+00
    outer loop
      vertex -5.0000 -3.4000 0.0000
      vertex -6.1314 -3.8686 20.0000
      vertex -6.1314 -3.8686 0.0000
    endloop
  endfacet
  facet normal 9.238795e-01 -3.826834e-01 0.000000e+00
    outer loop
      vertex -6.1314 -3.8686 0.0000
      vertex -6.1314 -3.8686 20.0000
      vertex -6.6000 -5.0000 20.0000
    endloop
  endfacet
  facet normal 9.238795e-01 -3.826834e-01 0.000000e+00
    outer loop
      vertex -6.1314 -3.8686 0.0000
      vertex -6.6000 -5.0000 20.0000
      vertex -6.6000 -5.0000 0.0000
    endloop
  endfacet
  facet normal 9.238795e-01 3.826834e-01 -0.000000e+00
    outer loop
      vertex -6.6000 -5.0000 0.0000
      vertex -6.6000 -5.0000 20.0000
      vertex -6.1314 -6.1314 20.0000
    endloop
  endfacet
  facet normal 9.238795e-01 3.826834e-01 0.000000e+00
    outer loop
      vertex -6.6000 -5.0000 0.0000
      vertex -6.1314 -6.1314 20.0000
      vertex -6.1314 -6.1314 0.0000
    endloop
  endfacet
  facet normal 3.826834e-01 9.238795e-01 -0.000000e+00
    outer loop
      vertex -6.1314 -6.1314 0.0000
      vertex -6.1314 -6.1314 20.0000
      vertex -5.0000 -6.6000 20.0000
    endloop
  endfacet
  facet normal 3.826834e-01 9.238795e-01 0.000000e+00
    outer loop
      vertex -6.1314 -6.1314 0.0000
      vertex -5.0000 -6.6000 20.0000
      vertex -5.0000 -6.6000 0.0000
    endloop
  endfacet
  facet normal -3.826834e-01 9.238795e-01 0.000000e+00
    outer loop
      vertex -5.0000 -6.6000 0.0000
      vertex -5.0000 -6.6000 20.0000
      vertex -3.8686 -6.1314 20.0000
    endloop
  endfacet
  facet normal -3.826834e-01 9.238795e-01 0.000000e+00
    outer loop
      vertex -5.0000 -6.6000 0.0000
      vertex -3.8686 -6.1314 20.0000
      vertex -3.8686 -6.1314 0.0000
    endloop
  endfacet
  facet normal -9.238795e-01 3.826834e-01 0.000000e+00
    outer loop
      vertex -3.8686 -6.1314 0.0000
      vertex -3.8686 -6.1314 20.0000
      vertex -3.4000 -5.0000 20.0000
    endloop
  endfacet
  facet normal -9.238795e-01 3.826834e-01 0.000000e+00
    outer loop
      vertex -3.8686 -6.1314 0.0000
      vertex -3.4000 -5.0000 20.0000
      vertex -3.4000 -5.0000 0.0000
    endloop
  endfacet
  facet normal -9.238795e-01 -3.826834e-01 0.000000e+00
    outer loop
      vertex -3.4000 0.0000 0.0000
      vertex -3.4000 0.0000 20.0000
      vertex -3.8686 1.1314 20.0000
    endloop
  endfacet
  facet normal -9.238795e-01 -3.826834e-01 0.000000e+00
    outer loop
      vertex -3.4000 0.0000 0.0000
      vertex -3.8686 1.1314 20.0000
      vertex -3.8686 1.1314 0.0000
    endloop
  endfacet
  facet normal -3.826834e-01 -9.238795e-01 0.000000e+00
    outer loop
      vertex -3.8686 1.1314 0.0000
      vertex -3.8686 1.1314 20.0000
      vertex -5.0000 1.6000 20.0000
    endloop
  endfacet
  facet normal -3.826834e-01 -9.238795e-01 0.000000e+00
    outer loop
      vertex -3.8686 1.1314 0.0000
      vertex -5.0000 1.6000 20.0000
      vertex -5.0000 1.6000 0.0000
    endloop
  endfacet
  facet normal 3.826834e-01 -9.238795e-01 0.000000e+00
    outer loop
      vertex -5.0000 1.6000 0.0000
      vertex -5.0000 1.6000 20.0000
      vertex -6.1314 1.1314 20.0000
    endloop
  endfacet
  facet normal 3.826834e-01 -9.238795e-01 0.000000e+00
    outer loop
      vertex -5.0000 1.6000 0.0000
      vertex -6.1314 1.1314 20.0000
      vertex -6.1314 1.1314 0.0000
    endloop
  endfacet
  facet normal 9.238795e-01 -3.826834e-01 0.000000e+00
    outer loop
      vertex -6.1314 1.1314 0.0000
      vertex -6.1314 1.1314 20.0000
      vertex -6.6000 0.0000 20.0000
    endloop
  endfacet
  facet normal 9.238795e-01 -3.826834e-01 0.000000e+00
    outer loop
      vertex -6.1314 1.1314 0.0000
      vertex -6.6000 0.0000 20.0000
      vertex -6.6000 0.0000 0.0000
    endloop
  endfacet
  facet normal 9.238795e-01 3.826834e-01 -0.000000e+00
    outer loop
      vertex -6.6000 0.0000 0.0000
      vertex -6.6000 0.0000 20.0000
      vertex -6.1314 -1.1314 20.0000
    endloop
  endfacet
  facet normal 9.238795e-01 3.826834e-01 0.000000e+00
    outer loop
      vertex -6.6000 0.0000 0.0000
      vertex -6.1314 -1.1314 20.0000
      vertex -6.1314 -1.1314 0.0000
    endloop
  endfacet
  facet normal 3.826834e-01 9.238795e-01 -0.000000e+00
    outer loop
      vertex -6.1314 -1.1314 0.0000
      vertex -6.1314 -1.1314 20.0000
      vertex -5.0000 -1.6000 20.0000
    endloop
  endfacet
  facet normal 3.826834e-01 9.238795e-01 0.000000e+00
    outer loop
      vertex -6.1314 -1.1314 0.0000
      vertex -5.0000 -1.6000 20.0000
      vertex -5.0000 -1.6000 0.0000
    endloop
  endfacet
  facet normal -3.826834e-01 9.238795e-01 0.000000e+00
    outer loop
      vertex -5.0000 -1.6000 0.0000
      vertex -5.0000 -1.6000 20.0000
      vertex -3.8686 -1.1314 20.0000
    endloop
  endfacet
  facet normal -3.826834e-01 9.238795e-01 0.000000e+00
    outer loop
      vertex -5.0000 -1.6000 0.0000
      vertex -3.8686 -1.1314 20.0000
      vertex -3.8686 -1.1314 0.0000
    endloop
  endfacet
  facet normal -9.238795e-01 3.826834e-01 0.000000e+00
    outer loop
      vertex -3.8686 -1.1314 0.0000
      vertex -3.8686 -1.1314 20.0000
      vertex -3.4000 0.0000 20.0000
    endloop
  endfacet
  facet normal -9.238795e-01 3.826834e-01 0.000000e+00
    outer loop
      vertex -3.8686 -1.1314 0.0000
      vertex -3.4000 0.0000 20.0000
      vertex -3.4000 0.0000 0.0000
    endloop
  endfacet
  facet normal -9.238795e-01 -3.826834e-01 0.000000e+00
    outer loop
      vertex -3.4000 5.0000 0.0000
      vertex -3.4000 5.0000 20.0000
      vertex -3.8686 6.1314 20.0000
    endloop
  endfacet
  facet normal -9.238795e-01 -3.826834e-01 0.000000e+00
    outer loop
      vertex -3.4000 5.0000 0.0000
      vertex -3.8686 6.1314 20.0000
      vertex -3.8686 6.1314 0.0000
    endloop
  endfacet
  facet normal -3.826834e-01 -9.238795e-01 0.000000e+00
    outer loop
      vertex -3.8686 6.1314 0.0000
      vertex -3.8686 6.1314 20.0000
      vertex -5.0000 6.6000 20.0000
    endloop
  endfacet
  facet normal -3.826834e-01 -9.238795e-01 0.000000e+00
    outer loop
      vertex -3.8686 6.1314 0.0000
      vertex -5.0000 6.6000 20.0000
      vertex -5.0000 6.6000 0.0000
    endloop
  endfacet
  facet normal 3.826834e-01 -9.238795e-01 0.000000e+00
    outer loop
      vertex -5.0000 6.6000 0.0000
      vertex -5.0000 6.6000 20.0000
      vertex -6.1314 6.1314 20.0000
    endloop
  endfacet
  facet normal 3.826834e-01 -9.238795e-01 0.000000e+00
    outer loop
      vertex -5.0000 6.6000 0.0000
      vertex -6.1314 6.1314 20.0000
      vertex -6.1314 6.1314 0.0000
    endloop
  endfacet
  facet normal 9.238795e-01 -3.826834e-01 0.000000e+00
    outer loop
      vertex -6.1314 6.1314 0.0000
      vertex -6.1314 6.1314 20.0000
      vertex -6.6000 5.0000 20.0000
    endloop
  endfacet
  facet normal 9.238795e-01 -3.826834e-01 0.000000e+00
    outer loop
      vertex -6.1314 6.1314 0.0000
      vertex -6.6000 5.0000 20.0000
      vertex -6.6000 5.0000 0.0000
    endloop
  endfacet
  facet normal 9.238795e-01 3.826834e-01 -0.000000e+00
    outer loop
      vertex -6.6000 5.0000 0.0000
      vertex -6.6000 5.0000 20.0000
      vertex -6.1314 3.8686 20.0000
    endloop
  endfacet
  facet normal 9.238795e-01 3.826834e-01 0.000000e+00
    outer loop
      vertex -6.6000 5.0000 0.0000
      vertex -6.1314 3.8686 20.0000
      vertex -6.1314 3.8686 0.0000
    endloop
  endfacet
  facet normal 3.826834e-01 9.238795e-01 -0.000000e+00
    outer loop
      vertex -6.1314 3.8686 0.0000
      vertex -6.1314 3.8686 20.0000
      vertex -5.0000 3.4000 20.0000
    endloop
  endfacet
  facet normal 3.826834e-01 9.238795e-01 0.000000e+00
    outer loop
      vertex -6.1314 3.8686 0.0000
      vertex -5.0000 3.4000 20.0000
      vertex -5.0000 3.4000 0.0000
    endloop
  endfacet
  facet normal -3.826834e-01 9.238795e-01 0.000000e+00
    outer loop
      vertex -5.0000 3.4000 0.0000
      vertex -5.0000 3.4000 20.0000
      vertex -3.8686 3.8686 20.0000
    endloop
  endfacet
  facet normal -3.826834e-01 9.238795e-01 0.000000e+00
    outer loop
      vertex -5.0000 3.4000 0.0000
      vertex -3.8686 3.8686 20.0000
      vertex -3.8686 3.8686 0.0000
    endloop
  endfacet
  facet normal -9.238795e-01 3.826834e-01 0.000000e+00
    outer loop
      vertex -3.8686 3.8686 0.0000
      vertex -3.8686 3.8686 20.0000
      vertex -3.4000 5.0000 20.0000
    endloop
  endfacet
  facet normal -9.238795e-01 3.826834e-01 0.000000e+00
    outer loop
      vertex -3.8686 3.8686 0.0000
      vertex -3.4000 5.0000 20.0000
      vertex -3.4000 5.0000 0.0000
    endloop
  endfacet
  facet normal -9.238795e-01 -3.826834e-01 0.000000e+00
    outer loop
      vertex -3.4000 10.0000 0.0000
      vertex -3.4000 10.0000 20.0000
      vertex -3.8686 11.1314 20.0000
    endloop
  endfacet
  facet normal -9.238795e-01 -3.826834e-01 0.000000e+00
    outer loop
      vertex -3.4000 10.0000 0.0000
      vertex -3.8686 11.1314 20.0000
      vertex -3.8686 11.1314 0.0000
    endloop
  endfacet
  facet normal -3.826834e-01 -9.238795e-01 0.000000e+00
    outer loop
      vertex -3.8686 11.1314 0.0000
      vertex -3.8686 11.1314 20.0000
      vertex -5.0000 11.6000 20.0000
    endloop
  endfacet
  facet normal -3.826834e-01 -9.238795e-01 0.000000e+00
    outer loop
      vertex -3.8686 11.1314 0.0000
      vertex -5.0000 11.6000 20.0000
      vertex -5.0000 11.6000 0.0000
    endloop
  endfacet
  facet normal 3.826834e-01 -9.238795e-01 0.000000e+00
    outer loop
      vertex -5.0000 11.6000 0.0000
      vertex -5.0000 11.6000 20.0000
      vertex -6.1314 11.1314 20.0000
    endloop
  endfacet
  facet normal 3.826834e-01 -9.238795e-01 0.000000e+00
    outer loop
      vertex -5.0000 11.6000 0.0000
      vertex -6.1314 11.1314 20.0000
      vertex -6.1314 11.1314 0.0000
    endloop
  endfacet
  facet normal 9.238795e-01 -3.826834e-01 0.000000e+00
    outer loop
      vertex -6.1314 11.1314 0.0000
      vertex -6.1314 11.1314 20.0000
      vertex -6.6000 10.0000 20.0000
    endloop
  endfacet
  facet normal 9.238795e-01 -3.826834e-01 0.000000e+00
    outer loop
      vertex -6.1314 11.1314 0.0000
      vertex -6.6000 10.0000 20.0000
      vertex -6.6000 10.0000 0.0000
    endloop
  endfacet
  facet normal 9.238795e-01 3.826834e-01 -0.000000e+00
    outer loop
      vertex -6.6000 10.0000 0.0000
      vertex -6.6000 10.0000 20.0000
      vertex -6.1314 8.8686 20.0000
    endloop
  endfacet
  facet normal 9.238795e-01 3.826834e-01 0.000000e+00
    outer loop
      vertex -6.6000 10.0000 0.0000
      vertex -6.1314 8.8686 20.0000
      vertex -6.1314 8.8686 0.0000
    endloop
  endfacet
  facet normal 3.826834e-01 9.238795e-01 -0.000000e+00
    outer loop
      vertex -6.1314 8.8686 0.0000
      vertex -6.1314 8.8686 20.0000
      vertex -5.0000 8.4000 20.0000
    endloop
  endfacet
  facet normal 3.826834e-01 9.238795e-01 0.000000e+00
    outer loop
      vertex -6.1314 8.8686 0.0000
      vertex -5.0000 8.4000 20.0000
      vertex -5.0000 8.4000 0.0000
    endloop
  endfacet
  facet normal -3.826834e-01 9.238795e-01 0.000000e+00
    outer loop
      vertex -5.0000 8.4000 0.0000
      vertex -5.0000 8.4000 20.0000
      vertex -3.8686 8.8686 20.0000
    endloop
  endfacet
  facet normal -3.826834e-01 9.238795e-01 0.000000e+00
    outer loop
      vertex -5.0000 8.4000 0.0000
      vertex -3.8686 8.8686 20.0000
      vertex -3.8686 8.8686 0.0000
    endloop
  endfacet
  facet normal -9.238795e-01 3.826834e-01 0.000000e+00
    outer loop
      vertex -3.8686 8.8686 0.0000
      vertex -3.8686 8.8686 20.0000
      vertex -3.4000 10.0000 20.0000
    endloop
  endfacet
  facet normal -9.238795e-01 3.826834e-01 0.000000e+00
    outer loop
      vertex -3.8686 8.8686 0.0000
      vertex -3.4000 10.0000 20.0000
      vertex -3.4000 10.0000 0.0000
    endloop
  endfacet
  facet normal -9.238795e-01 -3.826834e-01 0.000000e+00
    outer loop
      vertex -3.4000 15.0000 0.0000
      vertex -3.4000 15.0000 20.0000
      vertex -3.8686 16.1314 20.0000
    endloop
  endfacet
  facet normal -9.238795e-01 -3.826834e-01 0.000000e+00
    outer loop
      vertex -3.4000 15.0000 0.0000
      vertex -3.8686 16.1314 20.0000
      vertex -3.8686 16.1314 0.0000
    endloop
  endfacet
  facet normal -3.826834e-01 -9.238795e-01 0.000000e+00
    outer loop
      vertex -3.8686 16.1314 0.0000
      vertex -3.8686 16.1314 20.0000
      vertex -5.0000 16.6000 20.0000
    endloop
  endfacet
  facet normal -3.826834e-01 -9.238795e-01 0.000000e+00
    outer loop
      vertex -3.8686 16.1314 0.0000
      vertex -5.0000 16.6000 20.0000
      vertex -5.0000 16.6000 0.0000
    endloop
  endfacet
  facet normal 3.826834e-01 -9.238795e-01 0.000000e+00
    outer loop
      vertex -5.0000 16.6000 0.0000
      vertex -5.0000 16.6000 20.0000
      vertex -6.1314 16.1314 20.0000
    endloop
  endfacet
  facet normal 3.826834e-01 -9.238795e-01 0.000000e+00
    outer loop
      vertex -5.0000 16.6000 0.0000
      vertex -6.1314 16.1314 20.0000
      vertex -6.1314 16.1314 0.0000
    endloop
  endfacet
  facet normal 9.238795e-01 -3.826834e-01 0.000000e+00
    outer loop
      vertex -6.1314 16.1314 0.0000
      vertex -6.1314 16.1314 20.0000
      vertex -6.6000 15.0000 20.0000
    endloop
  endfacet
  facet normal 9.238795e-01 -3.826834e-01 0.000000e+00
    outer loop
      vertex -6.1314 16.1314 0.0000
      vertex -6.6000 15.0000 20.0000
      vertex -6.6000 15.0000 0.0000
    endloop
  endfacet
  facet normal 9.238795e-01 3.826834e-01 -0.000000e+00
    outer loop
      vertex -6.6000 15.0000 0.0000
      vertex -6.6000 15.0000 20.0000
      vertex -6.1314 13.8686 20.0000
    endloop
  endfacet
  facet normal 9.238795e-01 3.826834e-01 0.000000e+00
    outer loop
      vertex -6.6000 15.0000 0.0000
      vertex -6.1314 13.8686 20.0000
      vertex -6.1314 13.8686 0.0000
    endloop
  endfacet
  facet normal 3.826834e-01 9.238795e-01 -0.000000e+00
    outer loop
      vertex -6.1314 13.8686 0.0000
      vertex -6.1314 13.8686 20.0000
      vertex -5.0000 13.4000 20.0000
    endloop
  endfacet
  facet normal 3.826834e-01 9.238795e-01 0.000000e+00
    outer loop
      vertex -6.1314 13.8686 0.0000
      vertex -5.0000 13.4000 20.0000
      vertex -5.0000 13.4000 0.0000
    endloop
  endfacet
  facet normal -3.826834e-01 9.238795e-01 0.000000e+00
    outer loop
      vertex -5.0000 13.4000 0.0000
      vertex -5.0000 13.4000 20.0000
      vertex -3.8686 13.8686 20.0000
    endloop
  endfacet
  facet normal -3.826834e-01 9.238795e-01 0.000000e+00
    outer loop
      vertex -5.0000 13.4000 0.0000
      vertex -3.8686 13.8686 20.0000
      vertex -3.8686 13.8686 0.0000
    endloop
  endfacet
  facet normal -9.238795e-01 3.826834e-01 0.000000e+00
    outer loop
      vertex -3.8686 13.8686 0.0000
      vertex -3.8686 13.8686 20.0000
      vertex -3.4000 15.0000 20.0000
    endloop
  endfacet
  facet normal -9.238795e-01 3.826834e-01 0.000000e+00
    outer loop
      vertex -3.8686 13.8686 0.0000
      vertex -3.4000 15.0000 20.0000
      vertex -3.4000 15.0000 0.0000
    endloop
  endfacet
  facet normal -9.238795e-01 -3.826834e-01 0.000000e+00
    outer loop
      vertex -3.4000 20.0000 0.0000
      vertex -3.4000 20.0000 20.0000
      vertex -3.8686 21.1314 20.0000
    endloop
  endfacet
  facet normal -9.238795e-01 -3.826834e-01 0.000000e+00
    outer loop
      vertex -3.4000 20.0000 0.0000
      vertex -3.8686 21.1314 20.0000
      vertex -3.8686 21.1314 0.0000
    endloop
  endfacet
  facet normal -3.826834e-01 -9.238795e-01 0.000000e+00
    outer loop
      vertex -3.8686 21.1314 0.0000
      vertex -3.8686 21.1314 20.0000
      vertex -5.0000 21.6000 20.0000
    endloop
  endfacet
  facet normal -3.826834e-01 -9.238795e-01 0.000000e+00
    outer loop
      vertex -3.8686 21.1314 0.0000
      vertex -5.0000 21.6000 20.0000
      vertex -5.0000 21.6000 0.0000
    endloop
  endfacet
  facet normal 3.826834e-01 -9.238795e-01 0.000000e+00
    outer loop
      vertex -5.0000 21.6000 0.0000
      vertex -5.0000 21.6000 20.0000
      vertex -6.1314 21.1314 20.0000
    endloop
  endfacet
  facet normal 3.826834e-01 -9.238795e-01 0.000000e+00
    outer loop
      vertex -5.0000 21.6000 0.0000
      vertex -6.1314 21.1314 20.0000
      vertex -6.1314 21.1314 0.0000
    endloop
  endfacet
  facet normal 9.238795e-01 -3.826834e-01 0.000000e+00
    outer loop
      vertex -6.1314 21.1314 0.0000
      vertex -6.1314 21.1314 20.0000
      vertex -6.6000 20.0000 20.0000
    endloop
  endfacet
  facet normal 9.238795e-01 -3.826834e-01 0.000000e+00
    outer loop
      vertex -6.1314 21.1314 0.0000
      vertex -6.6000 20.0000 20.0000
      vertex -6.6000 20.0000 0.0000
    endloop
  endfacet
  facet normal 9.238795e-01 3.826834e-01 -0.000000e+00
    outer loop
      vertex -6.6000 20.0000 0.0000
      vertex -6.6000 20.0000 20.0000
      vertex -6.1314 18.8686 20.0000
    endloop
  endfacet
  facet normal 9.238795e-01 3.826834e-01 0.000000e+00
    outer loop
      vertex -6.6000 20.0000 0.0000
      vertex -6.1314 18.8686 20.0000
      vertex -6.1314 18.8686 0.0000
    endloop
  endfacet
  facet normal 3.826834e-01 9.238795e-01 -0.000000e+00
    outer loop
      vertex -6.1314 18.8686 0.0000
      vertex -6.1314 18.8686 20.0000
      vertex -5.0000 18.4000 20.0000
    endloop
  endfacet
  facet normal 3.826834e-01 9.238795e-01 0.000000e+00
    outer loop
      vertex -6.1314 18.8686 0.0000
      vertex -5.0000 18.4000 20.0000
      vertex -5.0000 18.4000 0.0000
    endloop
  endfacet
  facet normal -3.826834e-01 9.238795e-01 0.000000e+00
    outer loop
      vertex -5.0000 18.4000 0.0000
      vertex -5.0000 18.4000 20.0000
      vertex -3.8686 18.8686 20.0000
    endloop
  endfacet
  facet normal -3.826834e-01 9.238795e-01 0.000000e+00
    outer loop
      vertex -5.0000 18.4000 0.0000
      vertex -3.8686 18.8686 20.0000
      vertex -3.8686 18.8686 0.0000
    endloop
  endfacet
  facet normal -9.238795e-01 3.826834e-01 0.000000e+00
    outer loop
      vertex -3.8686 18.8686 0.0000
      vertex -3.8686 18.8686 20.0000
      vertex -3.4000 20.0000 20.0000
    endloop
  endfacet
  facet normal -9.238795e-01 3.826834e-01 0.000000e+00
    outer loop
      vertex -3.8686 18.8686 0.0000
      vertex -3.4000 20.0000 20.0000
      vertex -3.4000 20.0000 0.0000
    endloop
  endfacet
  facet normal -9.238795e-01 -3.826834e-01 0.000000e+00
    outer loop
      vertex -3.4000 25.0000 0.0000
      vertex -3.4000 25.0000 20.0000
      vertex -3.8686 26.1314 20.0000
    endloop
  endfacet
  facet normal -9.238795e-01 -3.826834e-01 0.000000e+00
    outer loop
      vertex -3.4000 25.0000 0.0000
      vertex -3.8686 26.1314 20.0000
      vertex -3.8686 26.1314 0.0000
    endloop
  endfacet
  facet normal -3.826834e-01 -9.238795e-01 0.000000e+00
    outer loop
      vertex -3.8686 26.1314 0.0000
      vertex -3.8686 26.1314 20.0000
      vertex -5.0000 26.6000 20.0000
    endloop
  endfacet
  facet normal -3.826834e-01 -9.238795e-01 0.000000e+00
    outer loop
      vertex -3.8686 26.1314 0.0000
      vertex -5.0000 26.6000 20.0000
      vertex -5.0000 26.6000 0.0000
    endloop
  endfacet
  facet normal 3.826834e-01 -9.238795e-01 0.000000e+00
    outer loop
      vertex -5.0000 26.6000 0.0000
      vertex -5.0000 26.6000 20.0000
      vertex -6.1314 26.1314 20.0000
    endloop
  endfacet
  facet normal 3.826834e-01 -9.238795e-01 0.000000e+00
    outer loop
      vertex -5.0000 26.6000 0.0000
      vertex -6.1314 26.1314 20.0000
      vertex -6.1314 26.1314 0.0000
    endloop
  endfacet
  facet normal 9.238795e-01 -3.826834e-01 0.000000e+00
    outer loop
      vertex -6.1314 26.1314 0.0000
      vertex -6.1314 26.1314 20.0000
      vertex -6.6000 25.0000 20.0000
    endloop
  endfacet
  facet normal 9.238795e-01 -3.826834e-01 0.000000e+00
    outer loop
      vertex -6.1314 26.1314 0.0000
      vertex -6.6000 25.0000 20.0000
      vertex -6.6000 25.0000 0.0000
    endloop
  endfacet
  facet normal 9.238795e-01 3.826834e-01 -0.000000e+00
    outer loop
      vertex -6.6000 25.0000 0.0000
      vertex -6.6000 25.0000 20.0000
      vertex -6.1314 23.8686 20.0000
    endloop
  endfacet
  facet normal 9.238795e-01 3.826834e-01 0.000000e+00
    outer loop
      vertex -6.6000 25.0000 0.0000
      vertex -6.1314 23.8686 20.0000
      vertex -6.1314 23.8686 0.0000
    endloop
  endfacet
  facet normal 3.826834e-01 9.238795e-01 -0.000000e+00
    outer loop
      vertex -6.1314 23.8686 0.0000
      vertex -6.1314 23.8686 20.0000
      vertex -5.0000 23.4000 20.0000
    endloop
  endfacet
  facet normal 3.826834e-01 9.238795e-01 0.000000e+00
    outer loop
      vertex -6.1314 23.8686 0.0000
      vertex -5.0000 23.4000 20.0000
      vertex -5.0000 23.4000 0.0000
    endloop
  endfacet
  facet normal -3.826834e-01 9.238795e-01 0.000000e+00
    outer loop
      vertex -5.0000 23.4000 0.0000
      vertex -5.0000 23.4000 20.0000
      vertex -3.8686 23.8686 20.0000
    endloop
  endfacet
  facet normal -3.826834e-01 9.238795e-01 0.000000e+00
    outer loop
      vertex -5.0000 23.4000 0.0000
      vertex -3.8686 23.8686 20.0000
      vertex -3.8686 23.8686 0.0000
    endloop
  endfacet
  facet normal -9.238795e-01 3.826834e-01 0.000000e+00
    outer loop
      vertex -3.8686 23.8686 0.0000
      vertex -3.8686 23.8686 20.0000
      vertex -3.4000 25.0000 20.0000
    endloop
  endfacet
  facet normal -9.238795e-01 3.826834e-01 0.000000e+00
    outer loop
      vertex -3.8686 23.8686 0.0000
      vertex -3.4000 25.0000 20.0000
      vertex -3.4000 25.0000 0.0000
    endloop
  endfacet
  facet normal -9.238795e-01 -3.826834e-01 0.000000e+00
    outer loop
      vertex -3.4000 30.0000 0.0000
      vertex -3.4000 30.0000 20.0000
      vertex -3.8686 31.1314 20.0000
    endloop
  endfacet
  facet normal -9.238795e-01 -3.826834e-01 0.000000e+00
    outer loop
      vertex -3.4000 30.0000 0.0000
      vertex -3.8686 31.1314 20.0000
      vertex -3.8686 31.1314 0.0000
    endloop
  endfacet
  facet normal -3.826834e-01 -9.238795e-01 0.000000e+00
    outer loop
      vertex -3.8686 31.1314 0.0000
      vertex -3.8686 31.1314 20.0000
      vertex -5.0000 31.6000 20.0000
    endloop
  endfacet
  facet normal -3.826834e-01 -9.238795e-01 0.000000e+00
    outer loop
      vertex -3.8686 31.1314 0.0000
      vertex -5.0000 31.6000 20.0000
      vertex -5.0000 31.6000 0.0000
    endloop
  endfacet
  facet normal 3.826834e-01 -9.238795e-01 0.000000e+00
    outer loop
      vertex -5.0000 31.6000 0.0000
      vertex -5.0000 31.6000 20.0000
      vertex -6.1314 31.1314 20.0000
    endloop
  endfacet
  facet normal 3.826834e-01 -9.238795e-01 0.000000e+00
    outer loop
      vertex -5.0000 31.6000 0.0000
      vertex -6.1314 31.1314 20.0000
      vertex -6.1314 31.1314 0.0000
    endloop
  endfacet
  facet normal 9.238795e-01 -3.826834e-01 0.000000e+00
    outer loop
      vertex -6.1314 31.1314 0.0000
      vertex -6.1314 31.1314 20.0000
      vertex -6.6000 30.0000 20.0000
    endloop
  endfacet
  facet normal 9.238795e-01 -3.826834e-01 0.000000e+00
    outer loop
      vertex -6.1314 31.1314 0.0000
      vertex -6.6000 30.0000 20.0000
      vertex -6.6000 30.0000 0.0000
    endloop
  endfacet
  facet normal 9.238795e-01 3.826834e-01 -0.000000e+00
    outer loop
      vertex -6.6000 30.0000 0.0000
      vertex -6.6000 30.0000 20.0000
      vertex -6.1314 28.8686 20.0000
    endloop
  endfacet
  facet normal 9.238795e-01 3.826834e-01 0.000000e+00
    outer loop
      vertex -6.6000 30.0000 0.0000
      vertex -6.1314 28.8686 20.0000
      vertex -6.1314 28.8686 0.0000
    endloop
  endfacet
  facet normal 3.826834e-01 9.238795e-01 -0.000000e+00
    outer loop
      vertex -6.1314 28.8686 0.0000
      vertex -6.1314 28.8686 20.0000
      vertex -5.0000 28.4000 20.0000
    endloop
  endfacet
  facet normal 3.826834e-01 9.238795e-01 0.000000e+00
    outer loop
      vertex -6.1314 28.8686 0.0000
      vertex -5.0000 28.4000 20.0000
      vertex -5.0000 28.4000 0.0000
    endloop
  endfacet
  facet normal -3.826834e-01 9.238795e-01 0.000000e+00
    outer loop
      vertex -5.0000 28.4000 0.0000
      vertex -5.0000 28.4000 20.0000
      vertex -3.8686 28.8686 20.0000
    endloop
  endfacet
  facet normal -3.826834e-01 9.238795e-01 0.000000e+00
    outer loop
      vertex -5.0000 28.4000 0.0000
      vertex -3.8686 28.8686 20.0000
      vertex -3.8686 28.8686 0.0000
    endloop
  endfacet
  facet normal -9.238795e-01 3.826834e-01 0.000000e+00
    outer loop
      vertex -3.8686 28.8686 0.0000
      vertex -3.8686 28.8686 20.0000
      vertex -3.4000 30.0000 20.0000
    endloop
  endfacet
  facet normal -9.238795e-01 3.826834e-01 0.000000e+00
    outer loop
      vertex -3.8686 28.8686 0.0000
      vertex -3.4000 30.0000 20.0000
      vertex -3.4000 30.0000 0.0000
    endloop
  endfacet
  facet normal -9.238795e-01 -3.826834e-01 0.000000e+00
    outer loop
      vertex 1.6000 -30.0000 0.0000
      vertex 1.6000 -30.0000 20.0000
      vertex 1.1314 -28.8686 20.0000
    endloop
  endfacet
  facet normal -9.238795e-01 -3.826834e-01 0.000000e+00
    outer loop
      vertex 1.6000 -30.0000 0.0000
      vertex 1.1314 -28.8686 20.0000
      vertex 1.1314 -28.8686 0.0000
    endloop
  endfacet
  facet normal -3.826834e-01 -9.238795e-01 0.000000e+00
    outer loop
      vertex 1.1314 -28.8686 0.0000
      vertex 1.1314 -28.8686 20.0000
      vertex 0.0000 -28.4000 20.0000
    endloop
  endfacet
  facet normal -3.826834e-01 -9.238795e-01 0.000000e+00
    outer loop
      vertex 1.1314 -28.8686 0.0000
      vertex 0.0000 -28.4000 20.0000
      vertex 0.0000 -28.4000 0.0000
    endloop
  endfacet
  facet normal 3.826834e-01 -9.238795e-01 0.000000e+00
    outer loop
      vertex 0.0000 -28.4000 0.0000
      vertex 0.0000 -28.4000 20.0000
      vertex -1.1314 -28.8686 20.0000
    endloop
  endfacet
  facet normal 3.826834e-01 -9.238795e-01 0.000000e+00
    outer loop
      vertex 0.0000 -28.4000 0.0000
      vertex -1.1314 -28.8686 20.0000
      vertex -1.1314 -28.8686 0.0000
    endloop
  endfacet
  facet normal 9.238795e-01 -3.826834e-01 0.000000e+00
    outer loop
      vertex -1.1314 -28.8686 0.0000
      vertex -1.1314 -28.8686 20.0000
      vertex -1.6000 -30.0000 20.0000
    endloop
  endfacet
  facet normal 9.238795e-01 -3.826834e-01 0.000000e+00
    outer loop
      vertex -1.1314 -28.8686 0.0000
      vertex -1.6000 -30.0000 20.0000
      vertex -1.6000 -30.0000 0.0000
    endloop
  endfacet
  facet normal 9.238795e-01 3.826834e-01 -0.000000e+00
    outer loop
      vertex -1.6000 -30.0000 0.0000
      vertex -1.6000 -30.0000 20.0000
      vertex -1.1314 -31.1314 20.0000
    endloop
  endfacet
  facet normal 9.238795e-01 3.826834e-01 0.000000e+00
    outer loop
      vertex -1.6000 -30.0000 0.0000
      vertex -1.1314 -31.1314 20.0000
      vertex -1.1314 -31.1314 0.0000
    endloop
  endfacet
  facet normal 3.826834e-01 9.238795e-01 -0.000000e+00
    outer loop
      vertex -1.1314 -31.1314 0.0000
      vertex -1.1314 -31.1314 20.0000
      vertex -0.0000 -31.6000 20.0000
    endloop
  endfacet
  facet normal 3.826834e-01 9.238795e-01 0.000000e+00
    outer loop
      vertex -1.1314 -31.1314 0.0000
      vertex -0.0000 -31.6000 20.0000
      vertex -0.0000 -31.6000 0.0000
    endloop
  endfacet
  facet normal -3.826834e-01 9.238795e-01 0.000000e+00
    outer loop
      vertex -0.0000 -31.6000 0.0000
      vertex -0.0000 -31.6000 20.0000
      vertex 1.1314 -31.1314 20.0000
    endloop
  endfacet
  facet normal -3.826834e-01 9.238795e-01 0.000000e+00
    outer loop
      vertex -0.0000 -31.6000 0.0000
      vertex 1.1314 -31.1314 20.0000
      vertex 1.1314 -31.1314 0.0000
    endloop
  endfacet
  facet normal -9.238795e-01 3.826834e-01 0.000000e+00
    outer loop
      vertex 1.1314 -31.1314 0.0000
      vertex 1.1314 -31.1314 20.0000
      vertex 1.6000 -30.0000 20.0000
    endloop
  endfacet
  facet normal -9.238795e-01 3.826834e-01 0.000000e+00
    outer loop
      vertex 1.1314 -31.1314 0.0000
      vertex 1.6000 -30.0000 20.0000
      vertex 1.6000 -30.0000 0.0000
    endloop
  endfacet
  facet normal -9.238795e-01 -3.826834e-01 0.000000e+00
    outer loop
      vertex 1.6000 -25.0000 0.0000
      vertex 1.6000 -25.0000 20.0000
      vertex 1.1314 -23.8686 20.0000
    endloop
  endfacet
  facet normal -9.238795e-01 -3.826834e-01 0.000000e+00
    outer loop
      vertex 1.6000 -25.0000 0.0000
      vertex 1.1314 -23.8686 20.0000
      vertex 1.1314 -23.8686 0.0000
    endloop
  endfacet
  facet normal -3.826834e-01 -9.238795e-01 0.000000e+00
    outer loop
      vertex 1.1314 -23.8686 0.0000
      vertex 1.1314 -23.8686 20.0000
      vertex 0.0000 -23.4000 20.0000
    endloop
  endfacet
  facet normal -3.826834e-01 -9.238795e-01 0.000000e+00
    outer loop
      vertex 1.1314 -23.8686 0.0000
      vertex 0.0000 -23.4000 20.0000
      vertex 0.0000 -23.4000 0.0000
    endloop
  endfacet
  facet normal 3.826834e-01 -9.238795e-01 0.000000e+00
    outer loop
      vertex 0.0000 -23.4000 0.0000
      vertex 0.0000 -23.4000 20.0000
      vertex -1.1314 -23.8686 20.0000
    endloop
  endfacet
  facet normal 3.826834e-01 -9.238795e-01 0.000000e+00
    outer loop
      vertex 0.0000 -23.4000 0.0000
      vertex -1.1314 -23.8686 20.0000
      vertex -1.1314 -23.8686 0.0000
    endloop
  endfacet
  facet normal 9.238795e-01 -3.826834e-01 0.000000e+00
    outer loop
      vertex -1.1314 -23.8686 0.0000
      vertex -1.1314 -23.8686 20.0000
      vertex -1.6000 -25.0000 20.0000
    endloop
  endfacet
  facet normal 9.238795e-01 -3.826834e-01 0.000000e+00
    outer loop
      vertex -1.1314 -23.8686 0.0000
      vertex -1.6000 -25.0000 20.0000
      vertex -1.6000 -25.0000 0.0000
    endloop
  endfacet
  facet normal 9.238795e-01 3.826834e-01 -0.000000e+00
    outer loop
      vertex -1.6000 -25.0000 0.0000
      vertex -1.6000 -25.0000 20.0000
      vertex -1.1314 -26.1314 20.0000
    endloop
  endfacet
  facet normal 9.238795e-01 3.826834e-01 0.000000e+00
    outer loop
      vertex -1.6000 -25.0000 0.0000
      vertex -1.1314 -26.1314 20.0000
      vertex -1.1314 -26.1314 0.0000
    endloop
  endfacet
  facet normal 3.826834e-01 9.238795e-01 -0.000000e+00
    outer loop
      vertex -1.1314 -26.1314 0.0000
      vertex -1.1314 -26.1314 20.0000
      vertex -0.0000 -26.6000 20.0000
    endloop
  endfacet
  facet normal 3.826834e-01 9.238795e-01 0.000000e+00
    outer loop
      vertex -1.1314 -26.1314 0.0000
      vertex -0.0000 -26.6000 20.0000
      vertex -0.0000 -26.6000 0.0000
    endloop
  endfacet
  facet normal -3.826834e-01 9.238795e-01 0.000000e+00
    outer loop
      vertex -0.0000 -26.6000 0.0000
      vertex -0.0000 -26.6000 20.0000
      vertex 1.1314 -26.1314 20.0000
    endloop
  endfacet
  facet normal -3.826834e-01 9.238795e-01 0.000000e+00
    outer loop
      vertex -0.0000 -26.6000 0.0000
      vertex 1.1314 -26.1314 20.0000
      vertex 1.1314 -26.1314 0.0000
    endloop
  endfacet
  facet normal -9.238795e-01 3.826834e-01 0.000000e+00
    outer loop
      vertex 1.1314 -26.1314 0.0000
      vertex 1.1314 -26.1314 20.0000
      vertex 1.6000 -25.0000 20.0000
    endloop
  endfacet
  facet normal -9.238795e-01 3.826834e-01 0.000000e+00
    outer loop
      vertex 1.1314 -26.1314 0.0000
      vertex 1.6000 -25.0000 20.0000
      vertex 1.6000 -25.0000 0.0000
    endloop
  endfacet
  facet normal -9.238795e-01 -3.826834e-01 0.000000e+00
    outer loop
      vertex 1.6000 -20.0000 0.0000
      vertex 1.6000 -20.0000 20.0000
      vertex 1.1314 -18.8686 20.0000
    endloop
  endfacet
  facet normal -9.238795e-01 -3.826834e-01 0.000000e+00
    outer loop
      vertex 1.6000 -20.0000 0.0000
      vertex 1.1314 -18.8686 20.0000
      vertex 1.1314 -18.8686 0.0000
    endloop
  endfacet
  facet normal -3.826834e-01 -9.238795e-01 0.000000e+00
    outer loop
      vertex 1.1314 -18.8686 0.0000
      vertex 1.1314 -18.8686 20.0000
      vertex 0.0000 -18.4000 20.0000
    endloop
  endfacet
  facet normal -3.826834e-01 -9.238795e-01 0.000000e+00
    outer loop
      vertex 1.1314 -18.8686 0.0000
      vertex 0.0000 -18.4000 20.0000
      vertex 0.0000 -18.4000 0.0000
    endloop
  endfacet
  facet normal 3.826834e-01 -9.238795e-01 0.000000e+00
    outer loop
      vertex 0.0000 -18.4000 0.0000
      vertex 0.0000 -18.4000 20.0000
      vertex -1.1314 -18.8686 20.0000
    endloop
  endfacet
  facet normal 3.826834e-01 -9.238795e-01 0.000000e+00
    outer loop
      vertex 0.0000 -18.4000 0.0000
      vertex -1.1314 -18.8686 20.0000
      vertex -1.1314 -18.8686 0.0000
    endloop
  endfacet
  facet normal 9.238795e-01 -3.826834e-01 0.000000e+00
    outer loop
      vertex -1.1314 -18.8686 0.0000
      vertex -1.1314 -18.8686 20.0000
      vertex -1.6000 -20.0000 20.0000
    endloop
  endfacet
  facet normal 9.238795e-01 -3.826834e-01 0.000000e+00
    outer loop
      vertex -1.1314 -18.8686 0.0000
      vertex -1.6000 -20.0000 20.0000
      vertex -1.6000 -20.0000 0.0000
    endloop
  endfacet
  facet normal 9.238795e-01 3.826834e-01 -0.000000e+00
    outer loop
      vertex -1.6000 -20.0000 0.0000
      vertex -1.6000 -20.0000 20.0000
      vertex -1.1314 -21.1314 20.0000
    endloop
  endfacet
  facet normal 9.238795e-01 3.826834e-01 0.000000e+00
    outer loop
      vertex -1.6000 -20.0000 0.0000
      vertex -1.1314 -21.1314 20.0000
      vertex -1.1314 -21.1314 0.0000
    endloop
  endfacet
  facet normal 3.826834e-01 9.238795e-01 -0.000000e+00
    outer loop
      vertex -1.1314 -21.1314 0.0000
      vertex -1.1314 -21.1314 20.0000
      vertex -0.0000 -21.6000 20.0000
    endloop
  endfacet
  facet normal 3.826834e-01 9.238795e-01 0.000000e+00
    outer loop
      vertex -1.1314 -21.1314 0.0000
      vertex -0.0000 -21.6000 20.0000
      vertex -0.0000 -21.6000 0.0000
    endloop
  endfacet
  facet normal -3.826834e-01 9.238795e-01 0.000000e+00
    outer loop
      vertex -0.0000 -21.6000 0.0000
      vertex -0.0000 -21.6000 20.0000
      vertex 1.1314 -21.1314 20.0000
    endloop
  endfacet
  facet normal -3.826834e-01 9.238795e-01 0.000000e+00
    outer loop
      vertex -0.0000 -21.6000 0.0000
      vertex 1.1314 -21.1314 20.0000
      vertex 1.1314 -21.1314 0.0000
    endloop
  endfacet
  facet normal -9.238795e-01 3.826834e-01 0.000000e+00
    outer loop
      vertex 1.1314 -21.1314 0.0000
      vertex 1.1314 -21.1314 20.0000
      vertex 1.6000 -20.0000 20.0000
    endloop
  endfacet
  facet normal -9.238795e-01 3.826834e-01 0.000000e+00
    outer loop
      vertex 1.1314 -21.1314 0.0000
      vertex 1.6000 -20.0000 20.0000
      vertex 1.6000 -20.0000 0.0000
    endloop
  endfacet
  facet normal -9.238795e-01 -3.826834e-01 0.000000e+00
    outer loop
      vertex 1.6000 -15.0000 0.0000
      vertex 1.6000 -15.0000 20.0000
      vertex 1.1314 -13.8686 20.0000
    endloop
  endfacet
  facet normal -9.238795e-01 -3.826834e-01 0.000000e+00
    outer loop
      vertex 1.6000 -15.0000 0.0000
      vertex 1.1314 -13.8686 20.0000
      vertex 1.1314 -13.8686 0.0000
    endloop
  endfacet
  facet normal -3.826834e-01 -9.238795e-01 0.000000e+00
    outer loop
      vertex 1.1314 -13.8686 0.0000
      vertex 1.1314 -13.8686 20.0000
      vertex 0.0000 -13.4000 20.0000
    endloop
  endfacet
  facet normal -3.826834e-01 -9.238795e-01 0.000000e+00
    outer loop
      vertex 1.1314 -13.8686 0.0000
      vertex 0.0000 -13.4000 20.0000
      vertex 0.0000 -13.4000 0.0000
    endloop
  endfacet
  facet normal 3.826834e-01 -9.238795e-01 0.000000e+00
    outer loop
      vertex 0.0000 -13.4000 0.0000
      vertex 0.0000 -13.4000 20.0000
      vertex -1.1314 -13.8686 20.0000
    endloop
  endfacet
  facet normal 3.826834e-01 -9.238795e-01 0.000000e+00
    outer loop
      vertex 0.0000 -13.4000 0.0000
      vertex -1.1314 -13.8686 20.0000
      vertex -1.1314 -13.8686 0.0000
    endloop
  endfacet
  facet normal 9.238795e-01 -3.826834e-01 0.000000e+00
    outer loop
      vertex -1.1314 -13.8686 0.0000
      vertex -1.1314 -13.8686 20.0000
      vertex -1.6000 -15.0000 20.0000
    endloop
  endfacet
  facet normal 9.238795e-01 -3.826834e-01 0.000000e+00
    outer loop
      vertex -1.1314 -13.8686 0.0000
      vertex -1.6000 -15.0000 20.0000
      vertex -1.6000 -15.0000 0.0000
    endloop
  endfacet
  facet normal 9.238795e-01 3.826834e-01 -0.000000e+00
    outer loop
      vertex -1.6000 -15.0000 0.0000
      vertex -1.6000 -15.0000 20.0000
      vertex -1.1314 -16.1314 20.0000
    endloop
  endfacet
  facet normal 9.238795e-01 3.826834e-01 0.000000e+00
    outer loop
      vertex -1.6000 -15.0000 0.0000
      vertex -1.1314 -16.1314 20.0000
      vertex -1.1314 -16.1314 0.0000
    endloop
  endfacet
  facet normal 3.826834e-01 9.238795e-01 -0.000000e+00
    outer loop
      vertex -1.1314 -16.1314 0.0000
      vertex -1.1314 -16.1314 20.0000
      vertex -0.0000 -16.6000 20.0000
    endloop
  endfacet
  facet normal 3.826834e-01 9.238795e-01 0.000000e+00
    outer loop
      vertex -1.1314 -16.1314 0.0000
      vertex -0.0000 -16.6000 20.0000
      vertex -0.0000 -16.6000 0.0000
    endloop
  endfacet
  facet normal -3.826834e-01 9.238795e-01 0.000000e+00
    outer loop
      vertex -0.0000 -16.6000 0.0000
      vertex -0.0000 -16.6000 20.0000
      vertex 1.1314 -16.1314 20.0000
    endloop
  endfacet
  facet normal -3.826834e-01 9.238795e-01 0.000000e+00
    outer loop
      vertex -0.0000 -16.6000 0.0000
      vertex 1.1314 -16.1314 20.0000
      vertex 1.1314 -16.1314 0.0000
    endloop
  endfacet
  facet normal -9.238795e-01 3.826834e-01 0.000000e+00
    outer loop
      vertex 1.1314 -16.1314 0.0000
      vertex 1.1314 -16.1314 20.0000
      vertex 1.6000 -15.0000 20.0000
    endloop
  endfacet
  facet normal -9.238795e-01 3.826834e-01 0.000000e+00
    outer loop
      vertex 1.1314 -16.1314 0.0000
      vertex 1.6000 -15.0000 20.0000
      vertex 1.6000 -15.0000 0.0000
    endloop
  endfacet
  facet normal -9.238795e-01 -3.826834e-01 0.000000e+00
    outer loop
      vertex 1.6000 -10.0000 0.0000
      vertex 1.6000 -10.0000 20.0000
      vertex 1.1314 -8.8686 20.0000
    endloop
  endfacet
  facet normal -9.238795e-01 -3.826834e-01 0.000000e+00
    outer loop
      vertex 1.6000 -10.0000 0.0000
      vertex 1.1314 -8.8686 20.0000
      vertex 1.1314 -8.8686 0.0000
    endloop
  endfacet
  facet normal -3.826834e-01 -9.238795e-01 0.000000e+00
    outer loop
      vertex 1.1314 -8.8686 0.0000
      vertex 1.1314 -8.8686 20.0000
      vertex 0.0000 -8.4000 20.0000
    endloop
  endfacet
  facet normal -3.826834e-01 -9.238795e-01 0.000000e+00
    outer loop
      vertex 1.1314 -8.8686 0.0000
      vertex 0.0000 -8.4000 20.0000
      vertex 0.0000 -8.4000 0.0000
    endloop
  endfacet
  facet normal 3.826834e-01 -9.238795e-01 0.000000e+00
    outer loop
      vertex 0.0000 -8.4000 0.0000
      vertex 0.0000 -8.4000 20.0000
      vertex -1.1314 -8.8686 20.0000
    endloop
  endfacet
  facet normal 3.826834e-01 -9.238795e-01 0.000000e+00
    outer loop
      vertex 0.0000 -8.4000 0.0000
      vertex -1.1314 -8.8686 20.0000
      vertex -1.1314 -8.8686 0.0000
    endloop
  endfacet
  facet normal 9.238795e-01 -3.826834e-01 0.000000e+00
    outer loop
      vertex -1.1314 -8.8686 0.0000
      vertex -1.1314 -8.8686 20.0000
      vertex -1.6000 -10.0000 20.0000
    endloop
  endfacet
  facet normal 9.238795e-01 -3.826834e-01 0.000000e+00
    outer loop
      vertex -1.1314 -8.8686 0.0000
      vertex -1.6000 -10.0000 20.0000
      vertex -1.6000 -10.0000 0.0000
    endloop
  endfacet
  facet normal 9.238795e-01 3.826834e-01 -0.000000e+00
    outer loop
      vertex -1.6000 -10.0000 0.0000
      vertex -1.6000 -10.0000 20.0000
      vertex -1.1314 -11.1314 20.0000
    endloop
  endfacet
  facet normal 9.238795e-01 3.826834e-01 0.000000e+00
    outer loop
      vertex -1.6000 -10.0000 0.0000
      vertex -1.1314 -11.1314 20.0000
      vertex -1.1314 -11.1314 0.0000
    endloop
  endfacet
  facet normal 3.826834e-01 9.238795e-01 -0.000000e+00
    outer loop
      vertex -1.1314 -11.1314 0.0000
      vertex -1.1314 -11.1314 20.0000
      vertex -0.0000 -11.6000 20.0000
    endloop
  endfacet
  facet normal 3.826834e-01 9.238795e-01 0.000000e+00
    outer loop
      vertex -1.1314 -11.1314 0.0000
      vertex -0.0000 -11.6000 20.0000
      vertex -0.0000 -11.6000 0.0000
    endloop
  endfacet
  facet normal -3.826834e-01 9.238795e-01 0.000000e+00
    outer loop
      vertex -0.0000 -11.6000 0.0000
      vertex -0.0000 -11.6000 20.0000
      vertex 1.1314 -11.1314 20.0000
    endloop
  endfacet
  facet normal -3.826834e-01 9.238795e-01 0.000000e+00
    outer loop
      vertex -0.0000 -11.6000 0.0000
      vertex 1.1314 -11.1314 20.0000
      vertex 1.1314 -11.1314 0.0000
    endloop
  endfacet
  facet normal -9.238795e-01 3.826834e-01 0.000000e+00
    outer loop
      vertex 1.1314 -11.1314 0.0000
      vertex 1.1314 -11.1314 20.0000
      vertex 1.6000 -10.0000 20.0000
    endloop
  endfacet
  facet normal -9.238795e-01 3.826834e-01 0.000000e+00
    outer loop
      vertex 1.1314 -11.1314 0.0000
      vertex 1.6000 -10.0000 20.0000
      vertex 1.6000 -10.0000 0.0000
    endloop
  endfacet
  facet normal -9.238795e-01 -3.826834e-01 0.000000e+00
    outer loop
      vertex 1.6000 -5.0000 0.0000
      vertex 1.6000 -5.0000 20.0000
      vertex 1.1314 -3.8686 20.0000
    endloop
  endfacet
  facet normal -9.238795e-01 -3.826834e-01 0.000000e+00
    outer loop
      vertex 1.6000 -5.0000 0.0000
      vertex 1.1314 -3.8686 20.0000
      vertex 1.1314 -3.8686 0.0000
    endloop
  endfacet
  facet normal -3.826834e-01 -9.238795e-01 0.000000e+00
    outer loop
      vertex 1.1314 -3.8686 0.0000
      vertex 1.1314 -3.8686 20.0000
      vertex 0.0000 -3.4000 20.0000
    endloop
  endfacet
  facet normal -3.826834e-01 -9.238795e-01 0.000000e+00
    outer loop
      vertex 1.1314 -3.8686 0.0000
      vertex 0.0000 -3.4000 20.0000
      vertex 0.0000 -3.4000 0.0000
    endloop
  endfacet
  facet normal 3.826834e-01 -9.238795e-01 0.000000e+00
    outer loop
      vertex 0.0000 -3.4000 0.0000
      vertex 0.0000 -3.4000 20.0000
      vertex -1.1314 -3.8686 20.0000
    endloop
  endfacet
  facet normal 3.826834e-01 -9.238795e-01 0.000000e+00
    outer loop
      vertex 0.0000 -3.4000 0.0000
      vertex -1.1314 -3.8686 20.0000
      vertex -1.1314 -3.8686 0.0000
    endloop
  endfacet
  facet normal 9.238795e-01 -3.826834e-01 0.000000e+00
    outer loop
      vertex -1.1314 -3.8686 0.0000
      vertex -1.1314 -3.8686 20.0000
      vertex -1.6000 -5.0000 20.0000
    endloop
  endfacet
  facet normal 9.238795e-01 -3.826834e-01 0.000000e+00
    outer loop
      vertex -1.1314 -3.8686 0.0000
      vertex -1.6000 -5.0000 20.0000
      vertex -1.6000 -5.0000 0.0000
    endloop
  endfacet
  facet normal 9.238795e-01 3.826834e-01 -0.000000e+00
    outer loop
      vertex -1.6000 -5.0000 0.0000
      vertex -1.6000 -5.0000 20.0000
      vertex -1.1314 -6.1314 20.0000
    endloop
  endfacet
  facet normal 9.238795e-01 3.826834e-01 0.000000e+00
    outer loop
      vertex -1.6000 -5.0000 0.0000
      vertex -1.1314 -6.1314 20.0000
      vertex -1.1314 -6.1314 0.0000
    endloop
  endfacet
  facet normal 3.826834e-01 9.238795e-01 -0.000000e+00
    outer loop
      vertex -1.1314 -6.1314 0.0000
      vertex -1.1314 -6.1314 20.0000
      vertex -0.0000 -6.6000 20.0000
    endloop
  endfacet
  facet normal 3.826834e-01 9.238795e-01 0.000000e+00
    outer loop
      vertex -1.1314 -6.1314 0.0000
      vertex -0.0000 -6.6000 20.0000
      vertex -0.0000 -6.6000 0.0000
    endloop
  endfacet
  facet normal -3.826834e-01 9.238795e-01 0.000000e+00
    outer loop
      vertex -0.0000 -6.6000 0.0000
      vertex -0.0000 -6.6000 20.0000
      vertex 1.1314 -6.1314 20.0000
    endloop
  endfacet
  facet normal -3.826834e-01 9.238795e-01 0.000000e+00
    outer loop
      vertex -0.0000 -6.6000 0.0000
      vertex 1.1314 -6.1314 20.0000
      vertex 1.1314 -6.1314 0.0000
    endloop
  endfacet
  facet normal -9.238795e-01 3.826834e-01 0.000000e+00
    outer loop
      vertex 1.1314 -6.1314 0.0000
      vertex 1.1314 -6.1314 20.0000
      vertex 1.6000 -5.0000 20.0000
    endloop
  endfacet
  facet normal -9.238795e-01 3.826834e-01 0.000000e+00
    outer loop
      vertex 1.1314 -6.1314 0.0000
      vertex 1.6000 -5.0000 20.0000
      vertex 1.6000 -5.0000 0.0000
    endloop
  endfacet
  facet normal -9.238795e-01 -3.826834e-01 0.000000e+00
    outer loop
      vertex 1.6000 0.0000 0.0000
      vertex 1.6000 0.0000 20.0000
      vertex 1.1314 1.1314 20.0000
    endloop
  endfacet
  facet normal -9.238795e-01 -3.826834e-01 0.000000e+00
    outer loop
      vertex 1.6000 0.0000 0.0000
      vertex 1.1314 1.1314 20.0000
      vertex 1.1314 1.1314 0.0000
    endloop
  endfacet
  facet normal -3.826834e-01 -9.238795e-01 0.000000e+00
    outer loop
      vertex 1.1314 1.1314 0.0000
      vertex 1.1314 1.1314 20.0000
      vertex 0.0000 1.6000 20.0000
    endloop
  endfacet
  facet normal -3.826834e-01 -9.238795e-01 0.000000e+00
    outer loop
      vertex 1.1314 1.1314 0.0000
      vertex 0.0000 1.6000 20.0000
      vertex 0.0000 1.6000 0.0000
    endloop
  endfacet
  facet normal 3.826834e-01 -9.238795e-01 0.000000e+00
    outer loop
      vertex 0.0000 1.6000 0.0000
      vertex 0.0000 1.6000 20.0000
      vertex -1.1314 1.1314 20.0000
    endloop
  endfacet
  facet normal 3.826834e-01 -9.238795e-01 0.000000e+00
    outer loop
      vertex 0.0000 1.6000 0.0000
      vertex -1.1314 1.1314 20.0000
      vertex -1.1314 1.1314 0.0000
    endloop
  endfacet
  facet normal 9.238795e-01 -3.826834e-01 0.000000e+00
    outer loop
      vertex -1.1314 1.1314 0.0000
      vertex -1.1314 1.1314 20.0000
      vertex -1.6000 0.0000 20.0000
    endloop
  endfacet
  facet normal 9.238795e-01 -3.826834e-01 0.000000e+00
    outer loop
      vertex -1.1314 1.1314 0.0000
      vertex -1.6000 0.0000 20.0000
      vertex -1.6000 0.0000 0.0000
    endloop
  endfacet
  facet normal 9.238795e-01 3.826834e-01 -0.000000e+00
    outer loop
      vertex -1.6000 0.0000 0.0000
      vertex -1.6000 0.0000 20.0000
      vertex -1.1314 -1.1314 20.0000
    endloop
  endfacet
  facet normal 9.238795e-01 3.826834e-01 0.000000e+00
    outer loop
      vertex -1.6000 0.0000 0.0000
      vertex -1.1314 -1.1314 20.0000
      vertex -1.1314 -1.1314 0.0000
    endloop
  endfacet
  facet normal 3.826834e-01 9.238795e-01 -0.000000e+00
    outer loop
      vertex -1.1314 -1.1314 0.0000
      vertex -1.1314 -1.1314 20.0000
      vertex -0.0000 -1.6000 20.0000
    endloop
  endfacet
  facet normal 3.826834e-01 9.238795e-01 0.000000e+00
    outer loop
      vertex -1.1314 -1.1314 0.0000
      vertex -0.0000 -1.6000 20.0000
      vertex -0.0000 -1.6000 0.0000
    endloop
  endfacet
  facet normal -3.826834e-01 9.238795e-01 0.000000e+00
    outer loop
      vertex -0.0000 -1.6000 0.0000
      vertex -0.0000 -1.6000 20.0000
      vertex 1.1314 -1.1314 20.0000
    endloop
  endfacet
  facet normal -3.826834e-01 9.238795e-01 0.000000e+00
    outer loop
      vertex -0.0000 -1.6000 0.0000
      vertex 1.1314 -1.1314 20.0000
      vertex 1.1314 -1.1314 0.0000
    endloop
  endfacet
  facet normal -9.238795e-01 3.826834e-01 0.000000e+00
    outer loop
      vertex 1.1314 -1.1314 0.0000
      vertex 1.1314 -1.1314 20.0000
      vertex 1.6000 0.0000 20.0000
    endloop
  endfacet
  facet normal -9.238795e-01 3.826834e-01 0.000000e+00
    outer loop
      vertex 1.1314 -1.1314 0.0000
      vertex 1.6000 0.0000 20.0000
      vertex 1.6000 0.0000 0.0000
    endloop
  endfacet
  facet normal -9.238795e-01 -3.826834e-01 0.000000e+00
    outer loop
      vertex 1.6000 5.0000 0.0000
      vertex 1.6000 5.0000 20.0000
      vertex 1.1314 6.1314 20.0000
    endloop
  endfacet
  facet normal -9.238795e-01 -3.826834e-01 0.000000e+00
    outer loop
      vertex 1.6000 5.0000 0.0000
      vertex 1.1314 6.1314 20.0000
      vertex 1.1314 6.1314 0.0000
    endloop
  endfacet
  facet normal -3.826834e-01 -9.238795e-01 0.000000e+00
    outer loop
      vertex 1.1314 6.1314 0.0000
      vertex 1.1314 6.1314 20.0000
      vertex 0.0000 6.6000 20.0000
    endloop
  endfacet
  facet normal -3.826834e-01 -9.238795e-01 0.000000e+00
    outer loop
      vertex 1.1314 6.1314 0.0000
      vertex 0.0000 6.6000 20.0000
      vertex 0.0000 6.6000 0.0000
    endloop
  endfacet
  facet normal 3.826834e-01 -9.238795e-01 0.000000e+00
    outer loop
      vertex 0.0000 6.6000 0.0000
      vertex 0.0000 6.6000 20.0000
      vertex -1.1314 6.1314 20.0000
    endloop
  endfacet
  facet normal 3.826834e-01 -9.238795e-01 0.000000e+00
    outer loop
      vertex 0.0000 6.6000 0.0000
      vertex -1.1314 6.1314 20.0000
      vertex -1.1314 6.1314 0.0000
    endloop
  endfacet
  facet normal 9.238795e-01 -3.826834e-01 0.000000e+00
    outer loop
      vertex -1.1314 6.1314 0.0000
      vertex -1.1314 6.1314 20.0000
      vertex -1.6000 5.0000 20.0000
    endloop
  endfacet
  facet normal 9.238795e-01 -3.826834e-01 0.000000e+00
    outer loop
      vertex -1.1314 6.1314 0.0000
      vertex -1.6000 5.0000 20.0000
      vertex -1.6000 5.0000 0.0000
    endloop
  endfacet
  facet normal 9.238795e-01 3.826834e-01 -0.000000e+00
    outer loop
      vertex -1.6000 5.0000 0.0000
      vertex -1.6000 5.0000 20.0000
      vertex -1.1314 3.8686 20.0000
    endloop
  endfacet
  facet normal 9.238795e-01 3.826834e-01 0.000000e+00
    outer loop
      vertex -1.6000 5.0000 0.0000
      vertex -1.1314 3.8686 20.0000
      vertex -1.1314 3.8686 0.0000
    endloop
  endfacet
  facet normal 3.826834e-01 9.238795e-01 -0.000000e+00
    outer loop
      vertex -1.1314 3.8686 0.0000
      vertex -1.1314 3.8686 20.0000
      vertex -0.0000 3.4000 20.0000
    endloop
  endfacet
  facet normal 3.826834e-01 9.238795e-01 0.000000e+00
    outer loop
      vertex -1.1314 3.8686 0.0000
      vertex -0.0000 3.4000 20.0000
      vertex -0.0000 3.4000 0.0000
    endloop
  endfacet
  facet normal -3.826834e-01 9.238795e-01 0.000000e+00
    outer loop
      vertex -0.0000 3.4000 0.0000
      vertex -0.0000 3.4000 20.0000
      vertex 1.1314 3.8686 20.0000
    endloop
  endfacet
  facet normal -3.826834e-01 9.238795e-01 0.000000e+00
    outer loop
      vertex -0.0000 3.4000 0.0000
      vertex 1.1314 3.8686 20.0000
      vertex 1.1314 3.8686 0.0000
    endloop
  endfacet
  facet normal -9.238795e-01 3.826834e-01 0.000000e+00
    outer loop
      vertex 1.1314 3.8686 0.0000
      vertex 1.1314 3.8686 20.0000
      vertex 1.6000 5.0000 20.0000
    endloop
  endfacet
  facet normal -9.238795e-01 3.826834e-01 0.000000e+00
    outer loop
      vertex 1.1314 3.8686 0.0000
      vertex 1.6000 5.0000 20.0000
      vertex 1.6000 5.0000 0.0000
    endloop
  endfacet
  facet normal -9.238795e-01 -3.826834e-01 0.000000e+00
    outer loop
      vertex 1.6000 10.0000 0.0000
      vertex 1.6000 10.0000 20.0000
      vertex 1.1314 11.1314 20.0000
    endloop
  endfacet
  facet normal -9.238795e-01 -3.826834e-01 0.000000e+00
    outer loop
      vertex 1.6000 10.0000 0.0000
      vertex 1.1314 11.1314 20.0000
      vertex 1.1314 11.1314 0.0000
    endloop
  endfacet
  facet normal -3.826834e-01 -9.238795e-01 0.000000e+00
    outer loop
      vertex 1.1314 11.1314 0.0000
      vertex 1.1314 11.1314 20.0000
      vertex 0.0000 11.6000 20.0000
    endloop
  endfacet
  facet normal -3.826834e-01 -9.238795e-01 0.000000e+00
    outer loop
      vertex 1.1314 11.1314 0.0000
      vertex 0.0000 11.6000 20.0000
      vertex 0.0000 11.6000 0.0000
    endloop
  endfacet
  facet normal 3.826834e-01 -9.238795e-01 0.000000e+00
    outer loop
      vertex 0.0000 11.6000 0.0000
      vertex 0.0000 11.6000 20.0000
      vertex -1.1314 11.1314 20.0000
    endloop
  endfacet
  facet normal 3.826834e-01 -9.238795e-01 0.000000e+00
    outer loop
      vertex 0.0000 11.6000 0.0000
      vertex -1.1314 11.1314 20.0000
      vertex -1.1314 11.1314 0.0000
    endloop
  endfacet
  facet normal 9.238795e-01 -3.826834e-01 0.000000e+00
    outer loop
      vertex -1.1314 11.1314 0.0000
      vertex -1.1314 11.1314 20.0000
      vertex -1.6000 10.0000 20.0000
    endloop
  endfacet
  facet normal 9.238795e-01 -3.826834e-01 0.000000e+00
    outer loop
      vertex -1.1314 11.1314 0.0000
      vertex -1.6000 10.0000 20.0000
      vertex -1.6000 10.0000 0.0000
    endloop
  endfacet
  facet normal 9.238795e-01 3.826834e-01 -0.000000e+00
    outer loop
      vertex -1.6000 10.0000 0.0000
      vertex -1.6000 10.0000 20.0000
      vertex -1.1314 8.8686 20.0000
    endloop
  endfacet
  facet normal 9.238795e-01 3.826834e-01 0.000000e+00
    outer loop
      vertex -1.6000 10.0000 0.0000
      vertex -1.1314 8.8686 20.0000
      vertex -1.1314 8.8686 0.0000
    endloop
  endfacet
  facet normal 3.826834e-01 9.238795e-01 -0.000000e+00
    outer loop
      vertex -1.1314 8.8686 0.0000
      vertex -1.1314 8.8686 20.0000
      vertex -0.0000 8.4000 20.0000
    endloop
  endfacet
  facet normal 3.826834e-01 9.238795e-01 0.000000e+00
    outer loop
      vertex -1.1314 8.8686 0.0000
      vertex -0.0000 8.4000 20.0000
      vertex -0.0000 8.4000 0.0000
    endloop
  endfacet
  facet normal -3.826834e-01 9.238795e-01 0.000000e+00
    outer loop
      vertex -0.0000 8.4000 0.0000
      vertex -0.0000 8.4000 20.0000
      vertex 1.1314 8.8686 20.0000
    endloop
  endfacet
  facet normal -3.826834e-01 9.238795e-01 0.000000e+00
    outer loop
      vertex -0.0000 8.4000 0.0000
      vertex 1.1314 8.8686 20.0000
      vertex 1.1314 8.8686 0.0000
    endloop
  endfacet
  facet normal -9.238795e-01 3.826834e-01 0.000000e+00
    outer loop
      vertex 1.1314 8.8686 0.0000
      vertex 1.1314 8.8686 20.0000
      vertex 1.6000 10.0000 20.0000
    endloop
  endfacet
  facet normal -9.238795e-01 3.826834e-01 0.000000e+00
    outer loop
      vertex 1.1314 8.8686 0.0000
      vertex 1.6000 10.0000 20.0000
      vertex 1.6000 10.0000 0.0000
    endloop
  endfacet
  facet normal -9.238795e-01 -3.826834e-01 0.000000e+00
    outer loop
      vertex 1.6000 15.0000 0.0000
      vertex 1.6000 15.0000 20.0000
      vertex 1.1314 16.1314 20.0000
    endloop
  endfacet
  facet normal -9.238795e-01 -3.826834e-01 0.000000e+00
    outer loop
      vertex 1.6000 15.0000 0.0000
      vertex 1.1314 16.1314 20.0000
      vertex 1.1314 16.1314 0.0000
    endloop
  endfacet
  facet normal -3.826834e-01 -9.238795e-01 0.000000e+00
    outer loop
      vertex 1.1314 16.1314 0.0000
      vertex 1.1314 16.1314 20.0000
      vertex 0.0000 16.6000 20.0000
    endloop
  endfacet
  facet normal -3.826834e-01 -9.238795e-01 0.000000e+00
    outer loop
      vertex 1.1314 16.1314 0.0000
      vertex 0.0000 16.6000 20.0000
      vertex 0.0000 16.6000 0.0000
    endloop
  endfacet
  facet normal 3.826834e-01 -9.238795e-01 0.000000e+00
    outer loop
      vertex 0.0000 16.6000 0.0000
      vertex 0.0000 16.6000 20.0000
      vertex -1.1314 16.1314 20.0000
    endloop
  endfacet
  facet normal 3.826834e-01 -9.238795e-01 0.000000e+00
    outer loop
      vertex 0.0000 16.6000 0.0000
      vertex -1.1314 16.1314 20.0000
      vertex -1.1314 16.1314 0.0000
    endloop
  endfacet
  facet normal 9.238795e-01 -3.826834e-01 0.000000e+00
    outer loop
      vertex -1.1314 16.1314 0.0000
      vertex -1.1314 16.1314 20.0000
      vertex -1.6000 15.0000 20.0000
    endloop
  endfacet
  facet normal 9.238795e-01 -3.826834e-01 0.000000e+00
    outer loop
      vertex -1.1314 16.1314 0.0000
      vertex -1.6000 15.0000 20.0000
      vertex -1.6000 15.0000 0.0000
    endloop
  endfacet
  facet normal 9.238795e-01 3.826834e-01 -0.000000e+00
    outer loop
      vertex -1.6000 15.0000 0.0000
      vertex -1.6000 15.0000 20.0000
      vertex -1.1314 13.8686 20.0000
    endloop
  endfacet
  facet normal 9.238795e-01 3.826834e-01 0.000000e+00
    outer loop
      vertex -1.6000 15.0000 0.0000
      vertex -1.1314 13.8686 20.0000
      vertex -1.1314 13.8686 0.0000
    endloop
  endfacet
  facet normal 3.826834e-01 9.238795e-01 -0.000000e+00
    outer loop
      vertex -1.1314 13.8686 0.0000
      vertex -1.1314 13.8686 20.0000
      vertex -0.0000 13.4000 20.0000
    endloop
  endfacet
  facet normal 3.826834e-01 9.238795e-01 0.000000e+00
    outer loop
      vertex -1.1314 13.8686 0.0000
      vertex -0.0000 13.4000 20.0000
      vertex -0.0000 13.4000 0.0000
    endloop
  endfacet
  facet normal -3.826834e-01 9.238795e-01 0.000000e+00
    outer loop
      vertex -0.0000 13.4000 0.0000
      vertex -0.0000 13.4000 20.0000
      vertex 1.1314 13.8686 20.0000
    endloop
  endfacet
  facet normal -3.826834e-01 9.238795e-01 0.000000e+00
    outer loop
      vertex -0.0000 13.4000 0.0000
      vertex 1.1314 13.8686 20.0000
      vertex 1.1314 13.8686 0.0000
    endloop
  endfacet
  facet normal -9.238795e-01 3.826834e-01 0.000000e+00
    outer loop
      vertex 1.1314 13.8686 0.0000
      vertex 1.1314 13.8686 20.0000
      vertex 1.6000 15.0000 20.0000
    endloop
  endfacet
  facet normal -9.238795e-01 3.826834e-01 0.000000e+00
    outer loop
      vertex 1.1314 13.8686 0.0000
      vertex 1.6000 15.0000 20.0000
      vertex 1.6000 15.0000 0.0000
    endloop
  endfacet
  facet normal -9.238795e-01 -3.826834e-01 0.000000e+00
    outer loop
      vertex 1.6000 20.0000 0.0000
      vertex 1.6000 20.0000 20.0000
      vertex 1.1314 21.1314 20.0000
    endloop
  endfacet
  facet normal -9.238795e-01 -3.826834e-01 0.000000e+00
    outer loop
      vertex 1.6000 20.0000 0.0000
      vertex 1.1314 21.1314 20.0000
      vertex 1.1314 21.1314 0.0000
    endloop
  endfacet
  facet normal -3.826834e-01 -9.238795e-01 0.000000e+00
    outer loop
      vertex 1.1314 21.1314 0.0000
      vertex 1.1314 21.1314 20.0000
      vertex 0.0000 21.6000 20.0000
    endloop
  endfacet
  facet normal -3.826834e-01 -9.238795e-01 0.000000e+00
    outer loop
      vertex 1.1314 21.1314 0.0000
      vertex 0.0000 21.6000 20.0000
      vertex 0.0000 21.6000 0.0000
    endloop
  endfacet
  facet normal 3.826834e-01 -9.238795e-01 0.000000e+00
    outer loop
      vertex 0.0000 21.6000 0.0000
      vertex 0.0000 21.6000 20.0000
      vertex -1.1314 21.1314 20.0000
    endloop
  endfacet
  facet normal 3.826834e-01 -9.238795e-01 0.000000e+00
    outer loop
      vertex 0.0000 21.6000 0.0000
      vertex -1.1314 21.1314 20.0000
      vertex -1.1314 21.1314 0.0000
    endloop
  endfacet
  facet normal 9.238795e-01 -3.826834e-01 0.000000e+00
    outer loop
      vertex -1.1314 21.1314 0.0000
      vertex -1.1314 21.1314 20.0000
      vertex -1.6000 20.0000 20.0000
    endloop
  endfacet
  facet normal 9.238795e-01 -3.826834e-01 0.000000e+00
    outer loop
      vertex -1.1314 21.1314 0.0000
      vertex -1.6000 20.0000 20.0000
      vertex -1.6000 20.0000 0.0000
    endloop
  endfacet
  facet normal 9.238795e-01 3.826834e-01 -0.000000e+00
    outer loop
      vertex -1.6000 20.0000 0.0000
      vertex -1.6000 20.0000 20.0000
      vertex -1.1314 18.8686 20.0000
    endloop
  endfacet
  facet normal 9.238795e-01 3.826834e-01 0.000000e+00
    outer loop
      vertex -1.6000 20.0000 0.0000
      vertex -1.1314 18.8686 20.0000
      vertex -1.1314 18.8686 0.0000
    endloop
  endfacet
  facet normal 3.826834e-01 9.238795e-01 -0.000000e+00
    outer loop
      vertex -1.1314 18.8686 0.0000
      vertex -1.1314 18.8686 20.0000
      vertex -0.0000 18.4000 20.0000
    endloop
  endfacet
  facet normal 3.826834e-01 9.238795e-01 0.000000e+00
    outer loop
      vertex -1.1314 18.8686 0.0000
      vertex -0.0000 18.4000 20.0000
      vertex -0.0000 18.4000 0.0000
    endloop
  endfacet
  facet normal -3.826834e-01 9.238795e-01 0.000000e+00
    outer loop
      vertex -0.0000 18.4000 0.0000
      vertex -0.0000 18.4000 20.0000
      vertex 1.1314 18.8686 20.0000
    endloop
  endfacet
  facet normal -3.826834e-01 9.238795e-01 0.000000e+00
    outer loop
      vertex -0.0000 18.4000 0.0000
      vertex 1.1314 18.8686 20.0000
      vertex 1.1314 18.8686 0.0000
    endloop
  endfacet
  facet normal -9.238795e-01 3.826834e-01 0.000000e+00
    outer loop
      vertex 1.1314 18.8686 0.0000
      vertex 1.1314 18.8686 20.0000
      vertex 1.6000 20.0000 20.0000
    endloop
  endfacet
  facet normal -9.238795e-01 3.826834e-01 0.000000e+00
    outer loop
      vertex 1.1314 18.8686 0.0000
      vertex 1.6000 20.0000 20.0000
      vertex 1.6000 20.0000 0.0000
    endloop
  endfacet
  facet normal -9.238795e-01 -3.826834e-01 0.000000e+00
    outer loop
      vertex 1.6000 25.0000 0.0000
      vertex 1.6000 25.0000 20.0000
      vertex 1.1314 26.1314 20.0000
    endloop
  endfacet
  facet normal -9.238795e-01 -3.826834e-01 0.000000e+00
    outer loop
      vertex 1.6000 25.0000 0.0000
      vertex 1.1314 26.1314 20.0000
      vertex 1.1314 26.1314 0.0000
    endloop
  endfacet
  facet normal -3.826834e-01 -9.238795e-01 0.000000e+00
    outer loop
      vertex 1.1314 26.1314 0.0000
      vertex 1.1314 26.1314 20.0000
      vertex 0.0000 26.6000 20.0000
    endloop
  endfacet
  facet normal -3.826834e-01 -9.238795e-01 0.000000e+00
    outer loop
      vertex 1.1314 26.1314 0.0000
      vertex 0.0000 26.6000 20.0000
      vertex 0.0000 26.6000 0.0000
    endloop
  endfacet
  facet normal 3.826834e-01 -9.238795e-01 0.000000e+00
    outer loop
      vertex 0.0000 26.6000 0.0000
      vertex 0.0000 26.6000 20.0000
      vertex -1.1314 26.1314 20.0000
    endloop
  endfacet
  facet normal 3.826834e-01 -9.238795e-01 0.000000e+00
    outer loop
      vertex 0.0000 26.6000 0.0000
      vertex -1.1314 26.1314 20.0000
      vertex -1.1314 26.1314 0.0000
    endloop
  endfacet
  facet normal 9.238795e-01 -3.826834e-01 0.000000e+00
    outer loop
      vertex -1.1314 26.1314 0.0000
      vertex -1.1314 26.1314 20.0000
      vertex -1.6000 25.0000 20.0000
    endloop
  endfacet
  facet normal 9.238795e-01 -3.826834e-01 0.000000e+00
    outer loop
      vertex -1.1314 26.1314 0.0000
      vertex -1.6000 25.0000 20.0000
      vertex -1.6000 25.0000 0.0000
    endloop
  endfacet
  facet normal 9.238795e-01 3.826834e-01 -0.000000e+00
    outer loop
      vertex -1.6000 25.0000 0.0000
      vertex -1.6000 25.0000 20.0000
      vertex -1.1314 23.8686 20.0000
    endloop
  endfacet
  facet normal 9.238795e-01 3.826834e-01 0.000000e+00
    outer loop
      vertex -1.6000 25.0000 0.0000
      vertex -1.1314 23.8686 20.0000
      vertex -1.1314 23.8686 0.0000
    endloop
  endfacet
  facet normal 3.826834e-01 9.238795e-01 -0.000000e+00
    outer loop
      vertex -1.1314 23.8686 0.0000
      vertex -1.1314 23.8686 20.0000
      vertex -0.0000 23.4000 20.0000
    endloop
  endfacet
  facet normal 3.826834e-01 9.238795e-01 0.000000e+00
    outer loop
      vertex -1.1314 23.8686 0.0000
      vertex -0.0000 23.4000 20.0000
      vertex -0.0000 23.4000 0.0000
    endloop
  endfacet
  facet normal -3.826834e-01 9.238795e-01 0.000000e+00
    outer loop
      vertex -0.0000 23.4000 0.0000
      vertex -0.0000 23.4000 20.0000
      vertex 1.1314 23.8686 20.0000
    endloop
  endfacet
  facet normal -3.826834e-01 9.238795e-01 0.000000e+00
    outer loop
      vertex -0.0000 23.4000 0.0000
      vertex 1.1314 23.8686 20.0000
      vertex 1.1314 23.8686 0.0000
    endloop
  endfacet
  facet normal -9.238795e-01 3.826834e-01 0.000000e+00
    outer loop
      vertex 1.1314 23.8686 0.0000
      vertex 1.1314 23.8686 20.0000
      vertex 1.6000 25.0000 20.0000
    endloop
  endfacet
  facet normal -9.238795e-01 3.826834e-01 0.000000e+00
    outer loop
      vertex 1.1314 23.8686 0.0000
      vertex 1.6000 25.0000 20.0000
      vertex 1.6000 25.0000 0.0000
    endloop
  endfacet
  facet normal -9.238795e-01 -3.826834e-01 0.000000e+00
    outer loop
      vertex 1.6000 30.0000 0.0000
      vertex 1.6000 30.0000 20.0000
      vertex 1.1314 31.1314 20.0000
    endloop
  endfacet
  facet normal -9.238795e-01 -3.826834e-01 0.000000e+00
    outer loop
      vertex 1.6000 30.0000 0.0000
      vertex 1.1314 31.1314 20.0000
      vertex 1.1314 31.1314 0.0000
    endloop
  endfacet
  facet normal -3.826834e-01 -9.238795e-01 0.000000e+00
    outer loop
      vertex 1.1314 31.1314 0.0000
      vertex 1.1314 31.1314 20.0000
      vertex 0.0000 31.6000 20.0000
    endloop
  endfacet
  facet normal -3.826834e-01 -9.238795e-01 0.000000e+00
    outer loop
      vertex 1.1314 31.1314 0.0000
      vertex 0.0000 31.6000 20.0000
      vertex 0.0000 31.6000 0.0000
    endloop
  endfacet
  facet normal 3.826834e-01 -9.238795e-01 0.000000e+00
    outer loop
      vertex 0.0000 31.6000 0.0000
      vertex 0.0000 31.6000 20.0000
      vertex -1.1314 31.1314 20.0000
    endloop
  endfacet
  facet normal 3.826834e-01 -9.238795e-01 0.000000e+00
    outer loop
      vertex 0.0000 31.6000 0.0000
      vertex -1.1314 31.1314 20.0000
      vertex -1.1314 31.1314 0.0000
    endloop
  endfacet
  facet normal 9.238795e-01 -3.826834e-01 0.000000e+00
    outer loop
      vertex -1.1314 31.1314 0.0000
      vertex -1.1314 31.1314 20.0000
      vertex -1.6000 30.0000 20.0000
    endloop
  endfacet
  facet normal 9.238795e-01 -3.826834e-01 0.000000e+00
    outer loop
      vertex -1.1314 31.1314 0.0000
      vertex -1.6000 30.0000 20.0000
      vertex -1.6000 30.0000 0.0000
    endloop
  endfacet
  facet normal 9.238795e-01 3.826834e-01 -0.000000e+00
    outer loop
      vertex -1.6000 30.0000 0.0000
      vertex -1.6000 30.0000 20.0000
      vertex -1.1314 28.8686 20.0000
    endloop
  endfacet
  facet normal 9.238795e-01 3.826834e-01 0.000000e+00
    outer loop
      vertex -1.6000 30.0000 0.0000
      vertex -1.1314 28.8686 20.0000
      vertex -1.1314 28.8686 0.0000
    endloop
  endfacet
  facet normal 3.826834e-01 9.238795e-01 -0.000000e+00
    outer loop
      vertex -1.1314 28.8686 0.0000
      vertex -1.1314 28.8686 20.0000
      vertex -0.0000 28.4000 20.0000
    endloop
  endfacet
  facet normal 3.826834e-01 9.238795e-01 0.000000e+00
    outer loop
      vertex -1.1314 28.8686 0.0000
      vertex -0.0000 28.4000 20.0000
      vertex -0.0000 28.4000 0.0000
    endloop
  endfacet
  facet normal -3.826834e-01 9.238795e-01 0.000000e+00
    outer loop
      vertex -0.0000 28.4000 0.0000
      vertex -0.0000 28.4000 20.0000
      vertex 1.1314 28.8686 20.0000
    endloop
  endfacet
  facet normal -3.826834e-01 9.238795e-01 0.000000e+00
    outer loop
      vertex -0.0000 28.4000 0.0000
      vertex 1.1314 28.8686 20.0000
      vertex 1.1314 28.8686 0.0000
    endloop
  endfacet
  facet normal -9.238795e-01 3.826834e-01 0.000000e+00
    outer loop
      vertex 1.1314 28.8686 0.0000
      vertex 1.1314 28.8686 20.0000
      vertex 1.6000 30.0000 20.0000
    endloop
  endfacet
  facet normal -9.238795e-01 3.826834e-01 0.000000e+00
    outer loop
      vertex 1.1314 28.8686 0.0000
      vertex 1.6000 30.0000 20.0000
      vertex 1.6000 30.0000 0.0000
    endloop
  endfacet
  facet normal -9.238795e-01 -3.826834e-01 0.000000e+00
    outer loop
      vertex 6.6000 -30.0000 0.0000
      vertex 6.6000 -30.0000 20.0000
      vertex 6.1314 -28.8686 20.0000
    endloop
  endfacet
  facet normal -9.238795e-01 -3.826834e-01 0.000000e+00
    outer loop
      vertex 6.6000 -30.0000 0.0000
      vertex 6.1314 -28.8686 20.0000
      vertex 6.1314 -28.8686 0.0000
    endloop
  endfacet
  facet normal -3.826834e-01 -9.238795e-01 0.000000e+00
    outer loop
      vertex 6.1314 -28.8686 0.0000
      vertex 6.1314 -28.8686 20.0000
      vertex 5.0000 -28.4000 20.0000
    endloop
  endfacet
  facet normal -3.826834e-01 -9.238795e-01 0.000000e+00
    outer loop
      vertex 6.1314 -28.8686 0.0000
      vertex 5.0000 -28.4000 20.0000
      vertex 5.0000 -28.4000 0.0000
    endloop
  endfacet
  facet normal 3.826834e-01 -9.238795e-01 0.000000e+00
    outer loop
      vertex 5.0000 -28.4000 0.0000
      vertex 5.0000 -28.4000 20.0000
      vertex 3.8686 -28.8686 20.0000
    endloop
  endfacet
  facet normal 3.826834e-01 -9.238795e-01 0.000000e+00
    outer loop
      vertex 5.0000 -28.4000 0.0000
      vertex 3.8686 -28.8686 20.0000
      vertex 3.8686 -28.8686 0.0000
    endloop
  endfacet
  facet normal 9.238795e-01 -3.826834e-01 0.000000e+00
    outer loop
      vertex 3.8686 -28.8686 0.0000
      vertex 3.8686 -28.8686 20.0000
      vertex 3.4000 -30.0000 20.0000
    endloop
  endfacet
  facet normal 9.238795e-01 -3.826834e-01 0.000000e+00
    outer loop
      vertex 3.8686 -28.8686 0.0000
      vertex 3.4000 -30.0000 20.0000
      vertex 3.4000 -30.0000 0.0000
    endloop
  endfacet
  facet normal 9.238795e-01 3.826834e-01 -0.000000e+00
    outer loop
      vertex 3.4000 -30.0000 0.0000
      vertex 3.4000 -30.0000 20.0000
      vertex 3.8686 -31.1314 20.0000
    endloop
  endfacet
  facet normal 9.238795e-01 3.826834e-01 0.000000e+00
    outer loop
      vertex 3.4000 -30.0000 0.0000
      vertex 3.8686 -31.1314 20.0000
      vertex 3.8686 -31.1314 0.0000
    endloop
  endfacet
  facet normal 3.826834e-01 9.238795e-01 -0.000000e+00
    outer loop
      vertex 3.8686 -31.1314 0.0000
      vertex 3.8686 -31.1314 20.0000
      vertex 5.0000 -31.6000 20.0000
    endloop
  endfacet
  facet normal 3.826834e-01 9.238795e-01 0.000000e+00
    outer loop
      vertex 3.8686 -31.1314 0.0000
      vertex 5.0000 -31.6000 20.0000
      vertex 5.0000 -31.6000 0.0000
    endloop
  endfacet
  facet normal -3.826834e-01 9.238795e-01 0.000000e+00
    outer loop
      vertex 5.0000 -31.6000 0.0000
      vertex 5.0000 -31.6000 20.0000
      vertex 6.1314 -31.1314 20.0000
    endloop
  endfacet
  facet normal -3.826834e-01 9.238795e-01 0.000000e+00
    outer loop
      vertex 5.0000 -31.6000 0.0000
      vertex 6.1314 -31.1314 20.0000
      vertex 6.1314 -31.1314 0.0000
    endloop
  endfacet
  facet normal -9.238795e-01 3.826834e-01 0.000000e+00
    outer loop
      vertex 6.1314 -31.1314 0.0000
      vertex 6.1314 -31.1314 20.0000
      vertex 6.6000 -30.0000 20.0000
    endloop
  endfacet
  facet normal -9.238795e-01 3.826834e-01 0.000000e+00
    outer loop
      vertex 6.1314 -31.1314 0.0000
      vertex 6.6000 -30.0000 20.0000
      vertex 6.6000 -30.0000 0.0000
    endloop
  endfacet
  facet normal -9.238795e-01 -3.826834e-01 0.000000e+00
    outer loop
      vertex 6.6000 -25.0000 0.0000
      vertex 6.6000 -25.0000 20.0000
      vertex 6.1314 -23.8686 20.0000
    endloop
  endfacet
  facet normal -9.238795e-01 -3.826834e-01 0.000000e+00
    outer loop
      vertex 6.6000 -25.0000 0.0000
      vertex 6.1314 -23.8686 20.0000
      vertex 6.1314 -23.8686 0.0000
    endloop
  endfacet
  facet normal -3.826834e-01 -9.238795e-01 0.000000e+00
    outer loop
      vertex 6.1314 -23.8686 0.0000
      vertex 6.1314 -23.8686 20.0000
      vertex 5.0000 -23.4000 20.0000
    endloop
  endfacet
  facet normal -3.826834e-01 -9.238795e-01 0.000000e+00
    outer loop
      vertex 6.1314 -23.8686 0.0000
      vertex 5.0000 -23.4000 20.0000
      vertex 5.0000 -23.4000 0.0000
    endloop
  endfacet
  facet normal 3.826834e-01 -9.238795e-01 0.000000e+00
    outer loop
      vertex 5.0000 -23.4000 0.0000
      vertex 5.0000 -23.4000 20.0000
      vertex 3.8686 -23.8686 20.0000
    endloop
  endfacet
  facet normal 3.826834e-01 -9.238795e-01 0.000000e+00
    outer loop
      vertex 5.0000 -23.4000 0.0000
      vertex 3.8686 -23.8686 20.0000
      vertex 3.8686 -23.8686 0.0000
    endloop
  endfacet
  facet normal 9.238795e-01 -3.826834e-01 0.000000e+00
    outer loop
      vertex 3.8686 -23.8686 0.0000
      vertex 3.8686 -23.8686 20.0000
      vertex 3.4000 -25.0000 20.0000
    endloop
  endfacet
  facet normal 9.238795e-01 -3.826834e-01 0.000000e+00
    outer loop
      vertex 3.8686 -23.8686 0.0000
      vertex 3.4000 -25.0000 20.0000
      vertex 3.4000 -25.0000 0.0000
    endloop
  endfacet
  facet normal 9.238795e-01 3.826834e-01 -0.000000e+00
    outer loop
      vertex 3.4000 -25.0000 0.0000
      vertex 3.4000 -25.0000 20.0000
      vertex 3.8686 -26.1314 20.0000
    endloop
  endfacet
  facet normal 9.238795e-01 3.826834e-01 0.000000e+00
    outer loop
      vertex 3.4000 -25.0000 0.0000
      vertex 3.8686 -26.1314 20.0000
      vertex 3.8686 -26.1314 0.0000
    endloop
  endfacet
  facet normal 3.826834e-01 9.238795e-01 -0.000000e+00
    outer loop
      vertex 3.8686 -26.1314 0.0000
      vertex 3.8686 -26.1314 20.0000
      vertex 5.0000 -26.6000 20.0000
    endloop
  endfacet
  facet normal 3.826834e-01 9.238795e-01 0.000000e+00
    outer loop
      vertex 3.8686 -26.1314 0.0000
      vertex 5.0000 -26.6000 20.0000
      vertex 5.0000 -26.6000 0.0000
    endloop
  endfacet
  facet normal -3.826834e-01 9.238795e-01 0.000000e+00
    outer loop
      vertex 5.0000 -26.6000 0.0000
      vertex 5.0000 -26.6000 20.0000
      vertex 6.1314 -26.1314 20.0000
    endloop
  endfacet
  facet normal -3.826834e-01 9.238795e-01 0.000000e+00
    outer loop
      vertex 5.0000 -26.6000 0.0000
      vertex 6.1314 -26.1314 20.0000
      vertex 6.1314 -26.1314 0.0000
    endloop
  endfacet
  facet normal -9.238795e-01 3.826834e-01 0.000000e+00
    outer loop
      vertex 6.1314 -26.1314 0.0000
      vertex 6.1314 -26.1314 20.0000
      vertex 6.6000 -25.0000 20.0000
    endloop
  endfacet
  facet normal -9.238795e-01 3.826834e-01 0.000000e+00
    outer loop
      vertex 6.1314 -26.1314 0.0000
      vertex 6.6000 -25.0000 20.0000
      vertex 6.6000 -25.0000 0.0000
    endloop
  endfacet
  facet normal -9.238795e-01 -3.826834e-01 0.000000e+00
    outer loop
      vertex 6.6000 -20.0000 0.0000
      vertex 6.6000 -20.0000 20.0000
      vertex 6.1314 -18.8686 20.0000
    endloop
  endfacet
  facet normal -9.238795e-01 -3.826834e-01 0.000000e+00
    outer loop
      vertex 6.6000 -20.0000 0.0000
      vertex 6.1314 -18.8686 20.0000
      vertex 6.1314 -18.8686 0.0000
    endloop
  endfacet
  facet normal -3.826834e-01 -9.238795e-01 0.000000e+00
    outer loop
      vertex 6.1314 -18.8686 0.0000
      vertex 6.1314 -18.8686 20.0000
      vertex 5.0000 -18.4000 20.0000
    endloop
  endfacet
  facet normal -3.826834e-01 -9.238795e-01 0.000000e+00
    outer loop
      vertex 6.1314 -18.8686 0.0000
      vertex 5.0000 -18.4000 20.0000
      vertex 5.0000 -18.4000 0.0000
    endloop
  endfacet
  facet normal 3.826834e-01 -9.238795e-01 0.000000e+00
    outer loop
      vertex 5.0000 -18.4000 0.0000
      vertex 5.0000 -18.4000 20.0000
      vertex 3.8686 -18.8686 20.0000
    endloop
  endfacet
  facet normal 3.826834e-01 -9.238795e-01 0.000000e+00
    outer loop
      vertex 5.0000 -18.4000 0.0000
      vertex 3.8686 -18.8686 20.0000
      vertex 3.8686 -18.8686 0.0000
    endloop
  endfacet
  facet normal 9.238795e-01 -3.826834e-01 0.000000e+00
    outer loop
      vertex 3.8686 -18.8686 0.0000
      vertex 3.8686 -18.8686 20.0000
      vertex 3.4000 -20.0000 20.0000
    endloop
  endfacet
  facet normal 9.238795e-01 -3.826834e-01 0.000000e+00
    outer loop
      vertex 3.8686 -18.8686 0.0000
      vertex 3.4000 -20.0000 20.0000
      vertex 3.4000 -20.0000 0.0000
    endloop
  endfacet
  facet normal 9.238795e-01 3.826834e-01 -0.000000e+00
    outer loop
      vertex 3.4000 -20.0000 0.0000
      vertex 3.4000 -20.0000 20.0000
      vertex 3.8686 -21.1314 20.0000
    endloop
  endfacet
  facet normal 9.238795e-01 3.826834e-01 0.000000e+00
    outer loop
      vertex 3.4000 -20.0000 0.0000
      vertex 3.8686 -21.1314 20.0000
      vertex 3.8686 -21.1314 0.0000
    endloop
  endfacet
  facet normal 3.826834e-01 9.238795e-01 -0.000000e+00
    outer loop
      vertex 3.8686 -21.1314 0.0000
      vertex 3.8686 -21.1314 20.0000
      vertex 5.0000 -21.6000 20.0000
    endloop
  endfacet
  facet normal 3.826834e-01 9.238795e-01 0.000000e+00
    outer loop
      vertex 3.8686 -21.1314 0.0000
      vertex 5.0000 -21.6000 20.0000
      vertex 5.0000 -21.6000 0.0000
    endloop
  endfacet
  facet normal -3.826834e-01 9.238795e-01 0.000000e+00
    outer loop
      vertex 5.0000 -21.6000 0.0000
      vertex 5.0000 -21.6000 20.0000
      vertex 6.1314 -21.1314 20.0000
    endloop
  endfacet
  facet normal -3.826834e-01 9.238795e-01 0.000000e+00
    outer loop
      vertex 5.0000 -21.6000 0.0000
      vertex 6.1314 -21.1314 20.0000
      vertex 6.1314 -21.1314 0.0000
    endloop
  endfacet
  facet normal -9.238795e-01 3.826834e-01 0.000000e+00
    outer loop
      vertex 6.1314 -21.1314 0.0000
      vertex 6.1314 -21.1314 20.0000
      vertex 6.6000 -20.0000 20.0000
    endloop
  endfacet
  facet normal -9.238795e-01 3.826834e-01 0.000000e+00
    outer loop
      vertex 6.1314 -21.1314 0.0000
      vertex 6.6000 -20.0000 20.0000
      vertex 6.6000 -20.0000 0.0000
    endloop
  endfacet
  facet normal -9.238795e-01 -3.826834e-01 0.000000e+00
    outer loop
      vertex 6.6000 -15.0000 0.0000
      vertex 6.6000 -15.0000 20.0000
      vertex 6.1314 -13.8686 20.0000
    endloop
  endfacet
  facet normal -9.238795e-01 -3.826834e-01 0.000000e+00
    outer loop
      vertex 6.6000 -15.0000 0.0000
      vertex 6.1314 -13.8686 20.0000
      vertex 6.1314 -13.8686 0.0000
    endloop
  endfacet
  facet normal -3.826834e-01 -9.238795e-01 0.000000e+00
    outer loop
      vertex 6.1314 -13.8686 0.0000
      vertex 6.1314 -13.8686 20.0000
      vertex 5.0000 -13.4000 20.0000
    endloop
  endfacet
  facet normal -3.826834e-01 -9.238795e-01 0.000000e+00
    outer loop
      vertex 6.1314 -13.8686 0.0000
      vertex 5.0000 -13.4000 20.0000
      vertex 5.0000 -13.4000 0.0000
    endloop
  endfacet
  facet normal 3.826834e-01 -9.238795e-01 0.000000e+00
    outer loop
      vertex 5.0000 -13.4000 0.0000
      vertex 5.0000 -13.4000 20.0000
      vertex 3.8686 -13.8686 20.0000
    endloop
  endfacet
  facet normal 3.826834e-01 -9.238795e-01 0.000000e+00
    outer loop
      vertex 5.0000 -13.4000 0.0000
      vertex 3.8686 -13.8686 20.0000
      vertex 3.8686 -13.8686 0.0000
    endloop
  endfacet
  facet normal 9.238795e-01 -3.826834e-01 0.000000e+00
    outer loop
      vertex 3.8686 -13.8686 0.0000
      vertex 3.8686 -13.8686 20.0000
      vertex 3.4000 -15.0000 20.0000
    endloop
  endfacet
  facet normal 9.238795e-01 -3.826834e-01 0.000000e+00
    outer loop
      vertex 3.8686 -13.8686 0.0000
      vertex 3.4000 -15.0000 20.0000
      vertex 3.4000 -15.0000 0.0000
    endloop
  endfacet
  facet normal 9.238795e-01 3.826834e-01 -0.000000e+00
    outer loop
      vertex 3.4000 -15.0000 0.0000
      vertex 3.4000 -15.0000 20.0000
      vertex 3.8686 -16.1314 20.0000
    endloop
  endfacet
  facet normal 9.238795e-01 3.826834e-01 0.000000e+00
    outer loop
      vertex 3.4000 -15.0000 0.0000
      vertex 3.8686 -16.1314 20.0000
      vertex 3.8686 -16.1314 0.0000
    endloop
  endfacet
  facet normal 3.826834e-01 9.238795e-01 -0.000000e+00
    outer loop
      vertex 3.8686 -16.1314 0.0000
      vertex 3.8686 -16.1314 20.0000
      vertex 5.0000 -16.6000 20.0000
    endloop
  endfacet
  facet normal 3.826834e-01 9.238795e-01 0.000000e+00
    outer loop
      vertex 3.8686 -16.1314 0.0000
      vertex 5.0000 -16.6000 20.0000
      vertex 5.0000 -16.6000 0.0000
    endloop
  endfacet
  facet normal -3.826834e-01 9.238795e-01 0.000000e+00
    outer loop
      vertex 5.0000 -16.6000 0.0000
      vertex 5.0000 -16.6000 20.0000
      vertex 6.1314 -16.1314 20.0000
    endloop
  endfacet
  facet normal -3.826834e-01 9.238795e-01 0.000000e+00
    outer loop
      vertex 5.0000 -16.6000 0.0000
      vertex 6.1314 -16.1314 20.0000
      vertex 6.1314 -16.1314 0.0000
    endloop
  endfacet
  facet normal -9.238795e-01 3.826834e-01 0.000000e+00
    outer loop
      vertex 6.1314 -16.1314 0.0000
      vertex 6.1314 -16.1314 20.0000
      vertex 6.6000 -15.0000 20.0000
    endloop
  endfacet
  facet normal -9.238795e-01 3.826834e-01 0.000000e+00
    outer loop
      vertex 6.1314 -16.1314 0.0000
      vertex 6.6000 -15.0000 20.0000
      vertex 6.6000 -15.0000 0.0000
    endloop
  endfacet
  facet normal -9.238795e-01 -3.826834e-01 0.000000e+00
    outer loop
      vertex 6.6000 -10.0000 0.0000
      vertex 6.6000 -10.0000 20.0000
      vertex 6.1314 -8.8686 20.0000
    endloop
  endfacet
  facet normal -9.238795e-01 -3.826834e-01 0.000000e+00
    outer loop
      vertex 6.6000 -10.0000 0.0000
      vertex 6.1314 -8.8686 20.0000
      vertex 6.1314 -8.8686 0.0000
    endloop
  endfacet
  facet normal -3.826834e-01 -9.238795e-01 0.000000e+00
    outer loop
      vertex 6.1314 -8.8686 0.0000
      vertex 6.1314 -8.8686 20.0000
      vertex 5.0000 -8.4000 20.0000
    endloop
  endfacet
  facet normal -3.826834e-01 -9.238795e-01 0.000000e+00
    outer loop
      vertex 6.1314 -8.8686 0.0000
      vertex 5.0000 -8.4000 20.0000
      vertex 5.0000 -8.4000 0.0000
    endloop
  endfacet
  facet normal 3.826834e-01 -9.238795e-01 0.000000e+00
    outer loop
      vertex 5.0000 -8.4000 0.0000
      vertex 5.0000 -8.4000 20.0000
      vertex 3.8686 -8.8686 20.0000
    endloop
  endfacet
  facet normal 3.826834e-01 -9.238795e-01 0.000000e+00
    outer loop
      vertex 5.0000 -8.4000 0.0000
      vertex 3.8686 -8.8686 20.0000
      vertex 3.8686 -8.8686 0.0000
    endloop
  endfacet
  facet normal 9.238795e-01 -3.826834e-01 0.000000e+00
    outer loop
      vertex 3.8686 -8.8686 0.0000
      vertex 3.8686 -8.8686 20.0000
      vertex 3.4000 -10.0000 20.0000
    endloop
  endfacet
  facet normal 9.238795e-01 -3.826834e-01 0.000000e+00
    outer loop
      vertex 3.8686 -8.8686 0.0000
      vertex 3.4000 -10.0000 20.0000
      vertex 3.4000 -10.0000 0.0000
    endloop
  endfacet
  facet normal 9.238795e-01 3.826834e-01 -0.000000e+00
    outer loop
      vertex 3.4000 -10.0000 0.0000
      vertex 3.4000 -10.0000 20.0000
      vertex 3.8686 -11.1314 20.0000
    endloop
  endfacet
  facet normal 9.238795e-01 3.826834e-01 0.000000e+00
    outer loop
      vertex 3.4000 -10.0000 0.0000
      vertex 3.8686 -11.1314 20.0000
      vertex 3.8686 -11.1314 0.0000
    endloop
  endfacet
  facet normal 3.826834e-01 9.238795e-01 -0.000000e+00
    outer loop
      vertex 3.8686 -11.1314 0.0000
      vertex 3.8686 -11.1314 20.0000
      vertex 5.0000 -11.6000 20.0000
    endloop
  endfacet
  facet normal 3.826834e-01 9.238795e-01 0.000000e+00
    outer loop
      vertex 3.8686 -11.1314 0.0000
      vertex 5.0000 -11.6000 20.0000
      vertex 5.0000 -11.6000 0.0000
    endloop
  endfacet
  facet normal -3.826834e-01 9.238795e-01 0.000000e+00
    outer loop
      vertex 5.0000 -11.6000 0.0000
      vertex 5.0000 -11.6000 20.0000
      vertex 6.1314 -11.1314 20.0000
    endloop
  endfacet
  facet normal -3.826834e-01 9.238795e-01 0.000000e+00
    outer loop
      vertex 5.0000 -11.6000 0.0000
      vertex 6.1314 -11.1314 20.0000
      vertex 6.1314 -11.1314 0.0000
    endloop
  endfacet
  facet normal -9.238795e-01 3.826834e-01 0.000000e+00
    outer loop
      vertex 6.1314 -11.1314 0.0000
      vertex 6.1314 -11.1314 20.0000
      vertex 6.6000 -10.0000 20.0000
    endloop
  endfacet
  facet normal -9.238795e-01 3.826834e-01 0.000000e+00
    outer loop
      vertex 6.1314 -11.1314 0.0000
      vertex 6.6000 -10.0000 20.0000
      vertex 6.6000 -10.0000 0.0000
    endloop
  endfacet
  facet normal -9.238795e-01 -3.826834e-01 0.000000e+00
    outer loop
      vertex 6.6000 -5.0000 0.0000
      vertex 6.6000 -5.0000 20.0000
      vertex 6.1314 -3.8686 20.0000
    endloop
  endfacet
  facet normal -9.238795e-01 -3.826834e-01 0.000000e+00
    outer loop
      vertex 6.6000 -5.0000 0.0000
      vertex 6.1314 -3.8686 20.0000
      vertex 6.1314 -3.8686 0.0000
    endloop
  endfacet
  facet normal -3.826834e-01 -9.238795e-01 0.000000e+00
    outer loop
      vertex 6.1314 -3.8686 0.0000
      vertex 6.1314 -3.8686 20.0000
      vertex 5.0000 -3.4000 20.0000
    endloop
  endfacet
  facet normal -3.826834e-01 -9.238795e-01 0.000000e+00
    outer loop
      vertex 6.1314 -3.8686 0.0000
      vertex 5.0000 -3.4000 20.0000
      vertex 5.0000 -3.4000 0.0000
    endloop
  endfacet
  facet normal 3.826834e-01 -9.238795e-01 0.000000e+00
    outer loop
      vertex 5.0000 -3.4000 0.0000
      vertex 5.0000 -3.4000 20.0000
      vertex 3.8686 -3.8686 20.0000
    endloop
  endfacet
  facet normal 3.826834e-01 -9.238795e-01 0.000000e+00
    outer loop
      vertex 5.0000 -3.4000 0.0000
      vertex 3.8686 -3.8686 20.0000
      vertex 3.8686 -3.8686 0.0000
    endloop
  endfacet
  facet normal 9.238795e-01 -3.826834e-01 0.000000e+00
    outer loop
      vertex 3.8686 -3.8686 0.0000
      vertex 3.8686 -3.8686 20.0000
      vertex 3.4000 -5.0000 20.0000
    endloop
  endfacet
  facet normal 9.238795e-01 -3.826834e-01 0.000000e+00
    outer loop
      vertex 3.8686 -3.8686 0.0000
      vertex 3.4000 -5.0000 20.0000
      vertex 3.4000 -5.0000 0.0000
    endloop
  endfacet
  facet normal 9.238795e-01 3.826834e-01 -0.000000e+00
    outer loop
      vertex 3.4000 -5.0000 0.0000
      vertex 3.4000 -5.0000 20.0000
      vertex 3.8686 -6.1314 20.0000
    endloop
  endfacet
  facet normal 9.238795e-01 3.826834e-01 0.000000e+00
    outer loop
      vertex 3.4000 -5.0000 0.0000
      vertex 3.8686 -6.1314 20.0000
      vertex 3.8686 -6.1314 0.0000
    endloop
  endfacet
  facet normal 3.826834e-01 9.238795e-01 -0.000000e+00
    outer loop
      vertex 3.8686 -6.1314 0.0000
      vertex 3.8686 -6.1314 20.0000
      vertex 5.0000 -6.6000 20.0000
    endloop
  endfacet
  facet normal 3.826834e-01 9.238795e-01 0.000000e+00
    outer loop
      vertex 3.8686 -6.1314 0.0000
      vertex 5.0000 -6.6000 20.0000
      vertex 5.0000 -6.6000 0.0000
    endloop
  endfacet
  facet normal -3.826834e-01 9.238795e-01 0.000000e+00
    outer loop
      vertex 5.0000 -6.6000 0.0000
      vertex 5.0000 -6.6000 20.0000
      vertex 6.1314 -6.1314 20.0000
    endloop
  endfacet
  facet normal -3.826834e-01 9.238795e-01 0.000000e+00
    outer loop
      vertex 5.0000 -6.6000 0.0000
      vertex 6.1314 -6.1314 20.0000
      vertex 6.1314 -6.1314 0.0000
    endloop
  endfacet
  facet normal -9.238795e-01 3.826834e-01 0.000000e+00
    outer loop
      vertex 6.1314 -6.1314 0.0000
      vertex 6.1314 -6.1314 20.0000
      vertex 6.6000 -5.0000 20.0000
    endloop
  endfacet
  facet normal -9.238795e-01 3.826834e-01 0.000000e+00
    outer loop
      vertex 6.1314 -6.1314 0.0000
      vertex 6.6000 -5.0000 20.0000
      vertex 6.6000 -5.0000 0.0000
    endloop
  endfacet
  facet normal -9.238795e-01 -3.826834e-01 0.000000e+00
    outer loop
      vertex 6.6000 0.0000 0.0000
      vertex 6.6000 0.0000 20.0000
      vertex 6.1314 1.1314 20.0000
    endloop
  endfacet
  facet normal -9.238795e-01 -3.826834e-01 0.000000e+00
    outer loop
      vertex 6.6000 0.0000 0.0000
      vertex 6.1314 1.1314 20.0000
      vertex 6.1314 1.1314 0.0000
    endloop
  endfacet
  facet normal -3.826834e-01 -9.238795e-01 0.000000e+00
    outer loop
      vertex 6.1314 1.1314 0.0000
      vertex 6.1314 1.1314 20.0000
      vertex 5.0000 1.6000 20.0000
    endloop
  endfacet
  facet normal -3.826834e-01 -9.238795e-01 0.000000e+00
    outer loop
      vertex 6.1314 1.1314 0.0000
      vertex 5.0000 1.6000 20.0000
      vertex 5.0000 1.6000 0.0000
    endloop
  endfacet
  facet normal 3.826834e-01 -9.238795e-01 0.000000e+00
    outer loop
      vertex 5.0000 1.6000 0.0000
      vertex 5.0000 1.6000 20.0000
      vertex 3.8686 1.1314 20.0000
    endloop
  endfacet
  facet normal 3.826834e-01 -9.238795e-01 0.000000e+00
    outer loop
      vertex 5.0000 1.6000 0.0000
      vertex 3.8686 1.1314 20.0000
      vertex 3.8686 1.1314 0.0000
    endloop
  endfacet
  facet normal 9.238795e-01 -3.826834e-01 0.000000e+00
    outer loop
      vertex 3.8686 1.1314 0.0000
      vertex 3.8686 1.1314 20.0000
      vertex 3.4000 0.0000 20.0000
    endloop
  endfacet
  facet normal 9.238795e-01 -3.826834e-01 0.000000e+00
    outer loop
      vertex 3.8686 1.1314 0.0000
      vertex 3.4000 0.0000 20.0000
      vertex 3.4000 0.0000 0.0000
    endloop
  endfacet
  facet normal 9.238795e-01 3.826834e-01 -0.000000e+00
    outer loop
      vertex 3.4000 0.0000 0.0000
      vertex 3.4000 0.0000 20.0000
      vertex 3.8686 -1.1314 20.0000
    endloop
  endfacet
  facet normal 9.238795e-01 3.826834e-01 0.000000e+00
    outer loop
      vertex 3.4000 0.0000 0.0000
      vertex 3.8686 -1.1314 20.0000
      vertex 3.8686 -1.1314 0.0000
    endloop
  endfacet
  facet normal 3.826834e-01 9.238795e-01 -0.000000e+00
    outer loop
      vertex 3.8686 -1.1314 0.0000
      vertex 3.8686 -1.1314 20.0000
      vertex 5.0000 -1.6000 20.0000
    endloop
  endfacet
  facet normal 3.826834e-01 9.238795e-01 0.000000e+00
    outer loop
      vertex 3.8686 -1.1314 0.0000
      vertex 5.0000 -1.6000 20.0000
      vertex 5.0000 -1.6000 0.0000
    endloop
  endfacet
  facet normal -3.826834e-01 9.238795e-01 0.000000e+00
    outer loop
      vertex 5.0000 -1.6000 0.0000
      vertex 5.0000 -1.6000 20.0000
      vertex 6.1314 -1.1314 20.0000
    endloop
  endfacet
  facet normal -3.826834e-01 9.238795e-01 0.000000e+00
    outer loop
      vertex 5.0000 -1.6000 0.0000
      vertex 6.1314 -1.1314 20.0000
      vertex 6.1314 -1.1314 0.0000
    endloop
  endfacet
  facet normal -9.238795e-01 3.826834e-01 0.000000e+00
    outer loop
      vertex 6.1314 -1.1314 0.0000
      vertex 6.1314 -1.1314 20.0000
      vertex 6.6000 0.0000 20.0000
    endloop
  endfacet
  facet normal -9.238795e-01 3.826834e-01 0.000000e+00
    outer loop
      vertex 6.1314 -1.1314 0.0000
      vertex 6.6000 0.0000 20.0000
      vertex 6.6000 0.0000 0.0000
    endloop
  endfacet
  facet normal -9.238795e-01 -3.826834e-01 0.000000e+00
    outer loop
      vertex 6.6000 5.0000 0.0000
      vertex 6.6000 5.0000 20.0000
      vertex 6.1314 6.1314 20.0000
    endloop
  endfacet
  facet normal -9.238795e-01 -3.826834e-01 0.000000e+00
    outer loop
      vertex 6.6000 5.0000 0.0000
      vertex 6.1314 6.1314 20.0000
      vertex 6.1314 6.1314 0.0000
    endloop
  endfacet
  facet normal -3.826834e-01 -9.238795e-01 0.000000e+00
    outer loop
      vertex 6.1314 6.1314 0.0000
      vertex 6.1314 6.1314 20.0000
      vertex 5.0000 6.6000 20.0000
    endloop
  endfacet
  facet normal -3.826834e-01 -9.238795e-01 0.000000e+00
    outer loop
      vertex 6.1314 6.1314 0.0000
      vertex 5.0000 6.6000 20.0000
      vertex 5.0000 6.6000 0.0000
    endloop
  endfacet
  facet normal 3.826834e-01 -9.238795e-01 0.000000e+00
    outer loop
      vertex 5.0000 6.6000 0.0000
      vertex 5.0000 6.6000 20.0000
      vertex 3.8686 6.1314 20.0000
    endloop
  endfacet
  facet normal 3.826834e-01 -9.238795e-01 0.000000e+00
    outer loop
      vertex 5.0000 6.6000 0.0000
      vertex 3.8686 6.1314 20.0000
      vertex 3.8686 6.1314 0.0000
    endloop
  endfacet
  facet normal 9.238795e-01 -3.826834e-01 0.000000e+00
    outer loop
      vertex 3.8686 6.1314 0.0000
      vertex 3.8686 6.1314 20.0000
      vertex 3.4000 5.0000 20.0000
    endloop
  endfacet
  facet normal 9.238795e-01 -3.826834e-01 0.000000e+00
    outer loop
      vertex 3.8686 6.1314 0.0000
      vertex 3.4000 5.0000 20.0000
      vertex 3.4000 5.0000 0.0000
    endloop
  endfacet
  facet normal 9.238795e-01 3.826834e-01 -0.000000e+00
    outer loop
      vertex 3.4000 5.0000 0.0000
      vertex 3.4000 5.0000 20.0000
      vertex 3.8686 3.8686 20.0000
    endloop
  endfacet
  facet normal 9.238795e-01 3.826834e-01 0.000000e+00
    outer loop
      vertex 3.4000 5.0000 0.0000
      vertex 3.8686 3.8686 20.0000
      vertex 3.8686 3.8686 0.0000
    endloop
  endfacet
  facet normal 3.826834e-01 9.238795e-01 -0.000000e+00
    outer loop
      vertex 3.8686 3.8686 0.0000
      vertex 3.8686 3.8686 20.0000
      vertex 5.0000 3.4000 20.0000
    endloop
  endfacet
  facet normal 3.826834e-01 9.238795e-01 0.000000e+00
    outer loop
      vertex 3.8686 3.8686 0.0000
      vertex 5.0000 3.4000 20.0000
      vertex 5.0000 3.4000 0.0000
    endloop
  endfacet
  facet normal -3.826834e-01 9.238795e-01 0.000000e+00
    outer loop
      vertex 5.0000 3.4000 0.0000
      vertex 5.0000 3.4000 20.0000
      vertex 6.1314 3.8686 20.0000
    endloop
  endfacet
  facet normal -3.826834e-01 9.238795e-01 0.000000e+00
    outer loop
      vertex 5.0000 3.4000 0.0000
      vertex 6.1314 3.8686 20.0000
      vertex 6.1314 3.8686 0.0000
    endloop
  endfacet
  facet normal -9.238795e-01 3.826834e-01 0.000000e+00
    outer loop
      vertex 6.1314 3.8686 0.0000
      vertex 6.1314 3.8686 20.0000
      vertex 6.6000 5.0000 20.0000
    endloop
  endfacet
  facet normal -9.238795e-01 3.826834e-01 0.000000e+00
    outer loop
      vertex 6.1314 3.8686 0.0000
      vertex 6.6000 5.0000 20.0000
      vertex 6.6000 5.0000 0.0000
    endloop
  endfacet
  facet normal -9.238795e-01 -3.826834e-01 0.000000e+00
    outer loop
      vertex 6.6000 10.0000 0.0000
      vertex 6.6000 10.0000 20.0000
      vertex 6.1314 11.1314 20.0000
    endloop
  endfacet
  facet normal -9.238795e-01 -3.826834e-01 0.000000e+00
    outer loop
      vertex 6.6000 10.0000 0.0000
      vertex 6.1314 11.1314 20.0000
      vertex 6.1314 11.1314 0.0000
    endloop
  endfacet
  facet normal -3.826834e-01 -9.238795e-01 0.000000e+00
    outer loop
      vertex 6.1314 11.1314 0.0000
      vertex 6.1314 11.1314 20.0000
      vertex 5.0000 11.6000 20.0000
    endloop
  endfacet
  facet normal -3.826834e-01 -9.238795e-01 0.000000e+00
    outer loop
      vertex 6.1314 11.1314 0.0000
      vertex 5.0000 11.6000 20.0000
      vertex 5.0000 11.6000 0.0000
    endloop
  endfacet
  facet normal 3.826834e-01 -9.238795e-01 0.000000e+00
    outer loop
      vertex 5.0000 11.6000 0.0000
      vertex 5.0000 11.6000 20.0000
      vertex 3.8686 11.1314 20.0000
    endloop
  endfacet
  facet normal 3.826834e-01 -9.238795e-01 0.000000e+00
    outer loop
      vertex 5.0000 11.6000 0.0000
      vertex 3.8686 11.1314 20.0000
      vertex 3.8686 11.1314 0.0000
    endloop
  endfacet
  facet normal 9.238795e-01 -3.826834e-01 0.000000e+00
    outer loop
      vertex 3.8686 11.1314 0.0000
      vertex 3.8686 11.1314 20.0000
      vertex 3.4000 10.0000 20.0000
    endloop
  endfacet
  facet normal 9.238795e-01 -3.826834e-01 0.000000e+00
    outer loop
      vertex 3.8686 11.1314 0.0000
      vertex 3.4000 10.0000 20.0000
      vertex 3.4000 10.0000 0.0000
    endloop
  endfacet
  facet normal 9.238795e-01 3.826834e-01 -0.000000e+00
    outer loop
      vertex 3.4000 10.0000 0.0000
      vertex 3.4000 10.0000 20.0000
      vertex 3.8686 8.8686 20.0000
    endloop
  endfacet
  facet normal 9.238795e-01 3.826834e-01 0.000000e+00
    outer loop
      vertex 3.4000 10.0000 0.0000
      vertex 3.8686 8.8686 20.0000
      vertex 3.8686 8.8686 0.0000
    endloop
  endfacet
  facet normal 3.826834e-01 9.238795e-01 -0.000000e+00
    outer loop
      vertex 3.8686 8.8686 0.0000
      vertex 3.8686 8.8686 20.0000
      vertex 5.0000 8.4000 20.0000
    endloop
  endfacet
  facet normal 3.826834e-01 9.238795e-01 0.000000e+00
    outer loop
      vertex 3.8686 8.8686 0.0000
      vertex 5.0000 8.4000 20.0000
      vertex 5.0000 8.4000 0.0000
    endloop
  endfacet
  facet normal -3.826834e-01 9.238795e-01 0.000000e+00
    outer loop
      vertex 5.0000 8.4000 0.0000
      vertex 5.0000 8.4000 20.0000
      vertex 6.1314 8.8686 20.0000
    endloop
  endfacet
  facet normal -3.826834e-01 9.238795e-01 0.000000e+00
    outer loop
      vertex 5.0000 8.4000 0.0000
      vertex 6.1314 8.8686 20.0000
      vertex 6.1314 8.8686 0.0000
    endloop
  endfacet
  facet normal -9.238795e-01 3.826834e-01 0.000000e+00
    outer loop
      vertex 6.1314 8.8686 0.0000
      vertex 6.1314 8.8686 20.0000
      vertex 6.6000 10.0000 20.0000
    endloop
  endfacet
  facet normal -9.238795e-01 3.826834e-01 0.000000e+00
    outer loop
      vertex 6.1314 8.8686 0.0000
      vertex 6.6000 10.0000 20.0000
      vertex 6.6000 10.0000 0.0000
    endloop
  endfacet
  facet normal -9.238795e-01 -3.826834e-01 0.000000e+00
    outer loop
      vertex 6.6000 15.0000 0.0000
      vertex 6.6000 15.0000 20.0000
      vertex 6.1314 16.1314 20.0000
    endloop
  endfacet
  facet normal -9.238795e-01 -3.826834e-01 0.000000e+00
    outer loop
      vertex 6.6000 15.0000 0.0000
      vertex 6.1314 16.1314 20.0000
      vertex 6.1314 16.1314 0.0000
    endloop
  endfacet
  facet normal -3.826834e-01 -9.238795e-01 0.000000e+00
    outer loop
      vertex 6.1314 16.1314 0.0000
      vertex 6.1314 16.1314 20.0000
      vertex 5.0000 16.6000 20.0000
    endloop
  endfacet
  facet normal -3.826834e-01 -9.238795e-01 0.000000e+00
    outer loop
      vertex 6.1314 16.1314 0.0000
      vertex 5.0000 16.6000 20.0000
      vertex 5.0000 16.6000 0.0000
    endloop
  endfacet
  facet normal 3.826834e-01 -9.238795e-01 0.000000e+00
    outer loop
      vertex 5.0000 16.6000 0.0000
      vertex 5.0000 16.6000 20.0000
      vertex 3.8686 16.1314 20.0000
    endloop
  endfacet
  facet normal 3.826834e-01 -9.238795e-01 0.000000e+00
    outer loop
      vertex 5.0000 16.6000 0.0000
      vertex 3.8686 16.1314 20.0000
      vertex 3.8686 16.1314 0.0000
    endloop
  endfacet
  facet normal 9.238795e-01 -3.826834e-01 0.000000e+00
    outer loop
      vertex 3.8686 16.1314 0.0000
      vertex 3.8686 16.1314 20.0000
      vertex 3.4000 15.0000 20.0000
    endloop
  endfacet
  facet normal 9.238795e-01 -3.826834e-01 0.000000e+00
    outer loop
      vertex 3.8686 16.1314 0.0000
      vertex 3.4000 15.0000 20.0000
      vertex 3.4000 15.0000 0.0000
    endloop
  endfacet
  facet normal 9.238795e-01 3.826834e-01 -0.000000e+00
    outer loop
      vertex 3.4000 15.0000 0.0000
      vertex 3.4000 15.0000 20.0000
      vertex 3.8686 13.8686 20.0000
    endloop
  endfacet
  facet normal 9.238795e-01 3.826834e-01 0.000000e+00
    outer loop
      vertex 3.4000 15.0000 0.0000
      vertex 3.8686 13.8686 20.0000
      vertex 3.8686 13.8686 0.0000
    endloop
  endfacet
  facet normal 3.826834e-01 9.238795e-01 -0.000000e+00
    outer loop
      vertex 3.8686 13.8686 0.0000
      vertex 3.8686 13.8686 20.0000
      vertex 5.0000 13.4000 20.0000
    endloop
  endfacet
  facet normal 3.826834e-01 9.238795e-01 0.000000e+00
    outer loop
      vertex 3.8686 13.8686 0.0000
      vertex 5.0000 13.4000 20.0000
      vertex 5.0000 13.4000 0.0000
    endloop
  endfacet
  facet normal -3.826834e-01 9.238795e-01 0.000000e+00
    outer loop
      vertex 5.0000 13.4000 0.0000
      vertex 5.0000 13.4000 20.0000
      vertex 6.1314 13.8686 20.0000
    endloop
  endfacet
  facet normal -3.826834e-01 9.238795e-01 0.000000e+00
    outer loop
      vertex 5.0000 13.4000 0.0000
      vertex 6.1314 13.8686 20.0000
      vertex 6.1314 13.8686 0.0000
    endloop
  endfacet
  facet normal -9.238795e-01 3.826834e-01 0.000000e+00
    outer loop
      vertex 6.1314 13.8686 0.0000
      vertex 6.1314 13.8686 20.0000
      vertex 6.6000 15.0000 20.0000
    endloop
  endfacet
  facet normal -9.238795e-01 3.826834e-01 0.000000e+00
    outer loop
      vertex 6.1314 13.8686 0.0000
      vertex 6.6000 15.0000 20.0000
      vertex 6.6000 15.0000 0.0000
    endloop
  endfacet
  facet normal -9.238795e-01 -3.826834e-01 0.000000e+00
    outer loop
      vertex 6.6000 20.0000 0.0000
      vertex 6.6000 20.0000 20.0000
      vertex 6.1314 21.1314 20.0000
    endloop
  endfacet
  facet normal -9.238795e-01 -3.826834e-01 0.000000e+00
    outer loop
      vertex 6.6000 20.0000 0.0000
      vertex 6.1314 21.1314 20.0000
      vertex 6.1314 21.1314 0.0000
    endloop
  endfacet
  facet normal -3.826834e-01 -9.238795e-01 0.000000e+00
    outer loop
      vertex 6.1314 21.1314 0.0000
      vertex 6.1314 21.1314 20.0000
      vertex 5.0000 21.6000 20.0000
    endloop
  endfacet
  facet normal -3.826834e-01 -9.238795e-01 0.000000e+00
    outer loop
      vertex 6.1314 21.1314 0.0000
      vertex 5.0000 21.6000 20.0000
      vertex 5.0000 21.6000 0.0000
    endloop
  endfacet
  facet normal 3.826834e-01 -9.238795e-01 0.000000e+00
    outer loop
      vertex 5.0000 21.6000 0.0000
      vertex 5.0000 21.6000 20.0000
      vertex 3.8686 21.1314 20.0000
    endloop
  endfacet
  facet normal 3.826834e-01 -9.238795e-01 0.000000e+00
    outer loop
      vertex 5.0000 21.6000 0.0000
      vertex 3.8686 21.1314 20.0000
      vertex 3.8686 21.1314 0.0000
    endloop
  endfacet
  facet normal 9.238795e-01 -3.826834e-01 0.000000e+00
    outer loop
      vertex 3.8686 21.1314 0.0000
      vertex 3.8686 21.1314 20.0000
      vertex 3.4000 20.0000 20.0000
    endloop
  endfacet
  facet normal 9.238795e-01 -3.826834e-01 0.000000e+00
    outer loop
      vertex 3.8686 21.1314 0.0000
      vertex 3.4000 20.0000 20.0000
      vertex 3.4000 20.0000 0.0000
    endloop
  endfacet
  facet normal 9.238795e-01 3.826834e-01 -0.000000e+00
    outer loop
      vertex 3.4000 20.0000 0.0000
      vertex 3.4000 20.0000 20.0000
      vertex 3.8686 18.8686 20.0000
    endloop
  endfacet
  facet normal 9.238795e-01 3.826834e-01 0.000000e+00
    outer loop
      vertex 3.4000 20.0000 0.0000
      vertex 3.8686 18.8686 20.0000
      vertex 3.8686 18.8686 0.0000
    endloop
  endfacet
  facet normal 3.826834e-01 9.238795e-01 -0.000000e+00
    outer loop
      vertex 3.8686 18.8686 0.0000
      vertex 3.8686 18.8686 20.0000
      vertex 5.0000 18.4000 20.0000
    endloop
  endfacet
  facet normal 3.826834e-01 9.238795e-01 0.000000e+00
    outer loop
      vertex 3.8686 18.8686 0.0000
      vertex 5.0000 18.4000 20.0000
      vertex 5.0000 18.4000 0.0000
    endloop
  endfacet
  facet normal -3.826834e-01 9.238795e-01 0.000000e+00
    outer loop
      vertex 5.0000 18.4000 0.0000
      vertex 5.0000 18.4000 20.0000
      vertex 6.1314 18.8686 20.0000
    endloop
  endfacet
  facet normal -3.826834e-01 9.238795e-01 0.000000e+00
    outer loop
      vertex 5.0000 18.4000 0.0000
      vertex 6.1314 18.8686 20.0000
      vertex 6.1314 18.8686 0.0000
    endloop
  endfacet
  facet normal -9.238795e-01 3.826834e-01 0.000000e+00
    outer loop
      vertex 6.1314 18.8686 0.0000
      vertex 6.1314 18.8686 20.0000
      vertex 6.6000 20.0000 20.0000
    endloop
  endfacet
  facet normal -9.238795e-01 3.826834e-01 0.000000e+00
    outer loop
      vertex 6.1314 18.8686 0.0000
      vertex 6.6000 20.0000 20.0000
      vertex 6.6000 20.0000 0.0000
    endloop
  endfacet
  facet normal -9.238795e-01 -3.826834e-01 0.000000e+00
    outer loop
      vertex 6.6000 25.0000 0.0000
      vertex 6.6000 25.0000 20.0000
      vertex 6.1314 26.1314 20.0000
    endloop
  endfacet
  facet normal -9.238795e-01 -3.826834e-01 0.000000e+00
    outer loop
      vertex 6.6000 25.0000 0.0000
      vertex 6.1314 26.1314 20.0000
      vertex 6.1314 26.1314 0.0000
    endloop
  endfacet
  facet normal -3.826834e-01 -9.238795e-01 0.000000e+00
    outer loop
      vertex 6.1314 26.1314 0.0000
      vertex 6.1314 26.1314 20.0000
      vertex 5.0000 26.6000 20.0000
    endloop
  endfacet
  facet normal -3.826834e-01 -9.238795e-01 0.000000e+00
    outer loop
      vertex 6.1314 26.1314 0.0000
      vertex 5.0000 26.6000 20.0000
      vertex 5.0000 26.6000 0.0000
    endloop
  endfacet
  facet normal 3.826834e-01 -9.238795e-01 0.000000e+00
    outer loop
      vertex 5.0000 26.6000 0.0000
      vertex 5.0000 26.6000 20.0000
      vertex 3.8686 26.1314 20.0000
    endloop
  endfacet
  facet normal 3.826834e-01 -9.238795e-01 0.000000e+00
    outer loop
      vertex 5.0000 26.6000 0.0000
      vertex 3.8686 26.1314 20.0000
      vertex 3.8686 26.1314 0.0000
    endloop
  endfacet
  facet normal 9.238795e-01 -3.826834e-01 0.000000e+00
    outer loop
      vertex 3.8686 26.1314 0.0000
      vertex 3.8686 26.1314 20.0000
      vertex 3.4000 25.0000 20.0000
    endloop
  endfacet
  facet normal 9.238795e-01 -3.826834e-01 0.000000e+00
    outer loop
      vertex 3.8686 26.1314 0.0000
      vertex 3.4000 25.0000 20.0000
      vertex 3.4000 25.0000 0.0000
    endloop
  endfacet
  facet normal 9.238795e-01 3.826834e-01 -0.000000e+00
    outer loop
      vertex 3.4000 25.0000 0.0000
      vertex 3.4000 25.0000 20.0000
      vertex 3.8686 23.8686 20.0000
    endloop
  endfacet
  facet normal 9.238795e-01 3.826834e-01 0.000000e+00
    outer loop
      vertex 3.4000 25.0000 0.0000
      vertex 3.8686 23.8686 20.0000
      vertex 3.8686 23.8686 0.0000
    endloop
  endfacet
  facet normal 3.826834e-01 9.238795e-01 -0.000000e+00
    outer loop
      vertex 3.8686 23.8686 0.0000
      vertex 3.8686 23.8686 20.0000
      vertex 5.0000 23.4000 20.0000
    endloop
  endfacet
  facet normal 3.826834e-01 9.238795e-01 0.000000e+00
    outer loop
      vertex 3.8686 23.8686 0.0000
      vertex 5.0000 23.4000 20.0000
      vertex 5.0000 23.4000 0.0000
    endloop
  endfacet
  facet normal -3.826834e-01 9.238795e-01 0.000000e+00
    outer loop
      vertex 5.0000 23.4000 0.0000
      vertex 5.0000 23.4000 20.0000
      vertex 6.1314 23.8686 20.0000
    endloop
  endfacet
  facet normal -3.826834e-01 9.238795e-01 0.000000e+00
    outer loop
      vertex 5.0000 23.4000 0.0000
      vertex 6.1314 23.8686 20.0000
      vertex 6.1314 23.8686 0.0000
    endloop
  endfacet
  facet normal -9.238795e-01 3.826834e-01 0.000000e+00
    outer loop
      vertex 6.1314 23.8686 0.0000
      vertex 6.1314 23.8686 20.0000
      vertex 6.6000 25.0000 20.0000
    endloop
  endfacet
  facet normal -9.238795e-01 3.826834e-01 0.000000e+00
    outer loop
      vertex 6.1314 23.8686 0.0000
      vertex 6.6000 25.0000 20.0000
      vertex 6.6000 25.0000 0.0000
    endloop
  endfacet
  facet normal -9.238795e-01 -3.826834e-01 0.000000e+00
    outer loop
      vertex 6.6000 30.0000 0.0000
      vertex 6.6000 30.0000 20.0000
      vertex 6.1314 31.1314 20.0000
    endloop
  endfacet
  facet normal -9.238795e-01 -3.826834e-01 0.000000e+00
    outer loop
      vertex 6.6000 30.0000 0.0000
      vertex 6.1314 31.1314 20.0000
      vertex 6.1314 31.1314 0.0000
    endloop
  endfacet
  facet normal -3.826834e-01 -9.238795e-01 0.000000e+00
    outer loop
      vertex 6.1314 31.1314 0.0000
      vertex 6.1314 31.1314 20.0000
      vertex 5.0000 31.6000 20.0000
    endloop
  endfacet
  facet normal -3.826834e-01 -9.238795e-01 0.000000e+00
    outer loop
      vertex 6.1314 31.1314 0.0000
      vertex 5.0000 31.6000 20.0000
      vertex 5.0000 31.6000 0.0000
    endloop
  endfacet
  facet normal 3.826834e-01 -9.238795e-01 0.000000e+00
    outer loop
      vertex 5.0000 31.6000 0.0000
      vertex 5.0000 31.6000 20.0000
      vertex 3.8686 31.1314 20.0000
    endloop
  endfacet
  facet normal 3.826834e-01 -9.238795e-01 0.000000e+00
    outer loop
      vertex 5.0000 31.6000 0.0000
      vertex 3.8686 31.1314 20.0000
      vertex 3.8686 31.1314 0.0000
    endloop
  endfacet
  facet normal 9.238795e-01 -3.826834e-01 0.000000e+00
    outer loop
      vertex 3.8686 31.1314 0.0000
      vertex 3.8686 31.1314 20.0000
      vertex 3.4000 30.0000 20.0000
    endloop
  endfacet
  facet normal 9.238795e-01 -3.826834e-01 0.000000e+00
    outer loop
      vertex 3.8686 31.1314 0.0000
      vertex 3.4000 30.0000 20.0000
      vertex 3.4000 30.0000 0.0000
    endloop
  endfacet
  facet normal 9.238795e-01 3.826834e-01 -0.000000e+00
    outer loop
      vertex 3.4000 30.0000 0.0000
      vertex 3.4000 30.0000 20.0000
      vertex 3.8686 28.8686 20.0000
    endloop
  endfacet
  facet normal 9.238795e-01 3.826834e-01 0.000000e+00
    outer loop
      vertex 3.4000 30.0000 0.0000
      vertex 3.8686 28.8686 20.0000
      vertex 3.8686 28.8686 0.0000
    endloop
  endfacet
  facet normal 3.826834e-01 9.238795e-01 -0.000000e+00
    outer loop
      vertex 3.8686 28.8686 0.0000
      vertex 3.8686 28.8686 20.0000
      vertex 5.0000 28.4000 20.0000
    endloop
  endfacet
  facet normal 3.826834e-01 9.238795e-01 0.000000e+00
    outer loop
      vertex 3.8686 28.8686 0.0000
      vertex 5.0000 28.4000 20.0000
      vertex 5.0000 28.4000 0.0000
    endloop
  endfacet
  facet normal -3.826834e-01 9.238795e-01 0.000000e+00
    outer loop
      vertex 5.0000 28.4000 0.0000
      vertex 5.0000 28.4000 20.0000
      vertex 6.1314 28.8686 20.0000
    endloop
  endfacet
  facet normal -3.826834e-01 9.238795e-01 0.000000e+00
    outer loop
      vertex 5.0000 28.4000 0.0000
      vertex 6.1314 28.8686 20.0000
      vertex 6.1314 28.8686 0.0000
    endloop
  endfacet
  facet normal -9.238795e-01 3.826834e-01 0.000000e+00
    outer loop
      vertex 6.1314 28.8686 0.0000
      vertex 6.1314 28.8686 20.0000
      vertex 6.6000 30.0000 20.0000
    endloop
  endfacet
  facet normal -9.238795e-01 3.826834e-01 0.000000e+00
    outer loop
      vertex 6.1314 28.8686 0.0000
      vertex 6.6000 30.0000 20.0000
      vertex 6.6000 30.0000 0.0000
    endloop
  endfacet
  facet normal -9.238795e-01 -3.826834e-01 0.000000e+00
    outer loop
      vertex 11.6000 -30.0000 0.0000
      vertex 11.6000 -30.0000 20.0000
      vertex 11.1314 -28.8686 20.0000
    endloop
  endfacet
  facet normal -9.238795e-01 -3.826834e-01 0.000000e+00
    outer loop
      vertex 11.6000 -30.0000 0.0000
      vertex 11.1314 -28.8686 20.0000
      vertex 11.1314 -28.8686 0.0000
    endloop
  endfacet
  facet normal -3.826834e-01 -9.238795e-01 0.000000e+00
    outer loop
      vertex 11.1314 -28.8686 0.0000
      vertex 11.1314 -28.8686 20.0000
      vertex 10.0000 -28.4000 20.0000
    endloop
  endfacet
  facet normal -3.826834e-01 -9.238795e-01 0.000000e+00
    outer loop
      vertex 11.1314 -28.8686 0.0000
      vertex 10.0000 -28.4000 20.0000
      vertex 10.0000 -28.4000 0.0000
    endloop
  endfacet
  facet normal 3.826834e-01 -9.238795e-01 0.000000e+00
    outer loop
      vertex 10.0000 -28.4000 0.0000
      vertex 10.0000 -28.4000 20.0000
      vertex 8.8686 -28.8686 20.0000
    endloop
  endfacet
  facet normal 3.826834e-01 -9.238795e-01 0.000000e+00
    outer loop
      vertex 10.0000 -28.4000 0.0000
      vertex 8.8686 -28.8686 20.0000
      vertex 8.8686 -28.8686 0.0000
    endloop
  endfacet
  facet normal 9.238795e-01 -3.826834e-01 0.000000e+00
    outer loop
      vertex 8.8686 -28.8686 0.0000
      vertex 8.8686 -28.8686 20.0000
      vertex 8.4000 -30.0000 20.0000
    endloop
  endfacet
  facet normal 9.238795e-01 -3.826834e-01 0.000000e+00
    outer loop
      vertex 8.8686 -28.8686 0.0000
      vertex 8.4000 -30.0000 20.0000
      vertex 8.4000 -30.0000 0.0000
    endloop
  endfacet
  facet normal 9.238795e-01 3.826834e-01 -0.000000e+00
    outer loop
      vertex 8.4000 -30.0000 0.0000
      vertex 8.4000 -30.0000 20.0000
      vertex 8.8686 -31.1314 20.0000
    endloop
  endfacet
  facet normal 9.238795e-01 3.826834e-01 0.000000e+00
    outer loop
      vertex 8.4000 -30.0000 0.0000
      vertex 8.8686 -31.1314 20.0000
      vertex 8.8686 -31.1314 0.0000
    endloop
  endfacet
  facet normal 3.826834e-01 9.238795e-01 -0.000000e+00
    outer loop
      vertex 8.8686 -31.1314 0.0000
      vertex 8.8686 -31.1314 20.0000
      vertex 10.0000 -31.6000 20.0000
    endloop
  endfacet
  facet normal 3.826834e-01 9.238795e-01 0.000000e+00
    outer loop
      vertex 8.8686 -31.1314 0.0000
      vertex 10.0000 -31.6000 20.0000
      vertex 10.0000 -31.6000 0.0000
    endloop
  endfacet
  facet normal -3.826834e-01 9.238795e-01 0.000000e+00
    outer loop
      vertex 10.0000 -31.6000 0.0000
      vertex 10.0000 -31.6000 20.0000
      vertex 11.1314 -31.1314 20.0000
    endloop
  endfacet
  facet normal -3.826834e-01 9.238795e-01 0.000000e+00
    outer loop
      vertex 10.0000 -31.6000 0.0000
      vertex 11.1314 -31.1314 20.0000
      vertex 11.1314 -31.1314 0.0000
    endloop
  endfacet
  facet normal -9.238795e-01 3.826834e-01 0.000000e+00
    outer loop
      vertex 11.1314 -31.1314 0.0000
      vertex 11.1314 -31.1314 20.0000
      vertex 11.6000 -30.0000 20.0000
    endloop
  endfacet
  facet normal -9.238795e-01 3.826834e-01 0.000000e+00
    outer loop
      vertex 11.1314 -31.1314 0.0000
      vertex 11.6000 -30.0000 20.0000
      vertex 11.6000 -30.0000 0.0000
    endloop
  endfacet
  facet normal -9.238795e-01 -3.826834e-01 0.000000e+00
    outer loop
      vertex 11.6000 -25.0000 0.0000
      vertex 11.6000 -25.0000 20.0000
      vertex 11.1314 -23.8686 20.0000
    endloop
  endfacet
  facet normal -9.238795e-01 -3.826834e-01 0.000000e+00
    outer loop
      vertex 11.6000 -25.0000 0.0000
      vertex 11.1314 -23.8686 20.0000
      vertex 11.1314 -23.8686 0.0000
    endloop
  endfacet
  facet normal -3.826834e-01 -9.238795e-01 0.000000e+00
    outer loop
      vertex 11.1314 -23.8686 0.0000
      vertex 11.1314 -23.8686 20.0000
      vertex 10.0000 -23.4000 20.0000
    endloop
  endfacet
  facet normal -3.826834e-01 -9.238795e-01 0.000000e+00
    outer loop
      vertex 11.1314 -23.8686 0.0000
      vertex 10.0000 -23.4000 20.0000
      vertex 10.0000 -23.4000 0.0000
    endloop
  endfacet
  facet normal 3.826834e-01 -9.238795e-01 0.000000e+00
    outer loop
      vertex 10.0000 -23.4000 0.0000
      vertex 10.0000 -23.4000 20.0000
      vertex 8.8686 -23.8686 20.0000
    endloop
  endfacet
  facet normal 3.826834e-01 -9.238795e-01 0.000000e+00
    outer loop
      vertex 10.0000 -23.4000 0.0000
      vertex 8.8686 -23.8686 20.0000
      vertex 8.8686 -23.8686 0.0000
    endloop
  endfacet
  facet normal 9.238795e-01 -3.826834e-01 0.000000e+00
    outer loop
      vertex 8.8686 -23.8686 0.0000
      vertex 8.8686 -23.8686 20.0000
      vertex 8.4000 -25.0000 20.0000
    endloop
  endfacet
  facet normal 9.238795e-01 -3.826834e-01 0.000000e+00
    outer loop
      vertex 8.8686 -23.8686 0.0000
      vertex 8.4000 -25.0000 20.0000
      vertex 8.4000 -25.0000 0.0000
    endloop
  endfacet
  facet normal 9.238795e-01 3.826834e-01 -0.000000e+00
    outer loop
      vertex 8.4000 -25.0000 0.0000
      vertex 8.4000 -25.0000 20.0000
      vertex 8.8686 -26.1314 20.0000
    endloop
  endfacet
  facet normal 9.238795e-01 3.826834e-01 0.000000e+00
    outer loop
      vertex 8.4000 -25.0000 0.0000
      vertex 8.8686 -26.1314 20.0000
      vertex 8.8686 -26.1314 0.0000
    endloop
  endfacet
  facet normal 3.826834e-01 9.238795e-01 -0.000000e+00
    outer loop
      vertex 8.8686 -26.1314 0.0000
      vertex 8.8686 -26.1314 20.0000
      vertex 10.0000 -26.6000 20.0000
    endloop
  endfacet
  facet normal 3.826834e-01 9.238795e-01 0.000000e+00
    outer loop
      vertex 8.8686 -26.1314 0.0000
      vertex 10.0000 -26.6000 20.0000
      vertex 10.0000 -26.6000 0.0000
    endloop
  endfacet
  facet normal -3.826834e-01 9.238795e-01 0.000000e+00
    outer loop
      vertex 10.0000 -26.6000 0.0000
      vertex 10.0000 -26.6000 20.0000
      vertex 11.1314 -26.1314 20.0000
    endloop
  endfacet
  facet normal -3.826834e-01 9.238795e-01 0.000000e+00
    outer loop
      vertex 10.0000 -26.6000 0.0000
      vertex 11.1314 -26.1314 20.0000
      vertex 11.1314 -26.1314 0.0000
    endloop
  endfacet
  facet normal -9.238795e-01 3.826834e-01 0.000000e+00
    outer loop
      vertex 11.1314 -26.1314 0.0000
      vertex 11.1314 -26.1314 20.0000
      vertex 11.6000 -25.0000 20.0000
    endloop
  endfacet
  facet normal -9.238795e-01 3.826834e-01 0.000000e+00
    outer loop
      vertex 11.1314 -26.1314 0.0000
      vertex 11.6000 -25.0000 20.0000
      vertex 11.6000 -25.0000 0.0000
    endloop
  endfacet
  facet normal -9.238795e-01 -3.826834e-01 0.000000e+00
    outer loop
      vertex 11.6000 -20.0000 0.0000
      vertex 11.6000 -20.0000 20.0000
      vertex 11.1314 -18.8686 20.0000
    endloop
  endfacet
  facet normal -9.238795e-01 -3.826834e-01 0.000000e+00
    outer loop
      vertex 11.6000 -20.0000 0.0000
      vertex 11.1314 -18.8686 20.0000
      vertex 11.1314 -18.8686 0.0000
    endloop
  endfacet
  facet normal -3.826834e-01 -9.238795e-01 0.000000e+00
    outer loop
      vertex 11.1314 -18.8686 0.0000
      vertex 11.1314 -18.8686 20.0000
      vertex 10.0000 -18.4000 20.0000
    endloop
  endfacet
  facet normal -3.826834e-01 -9.238795e-01 0.000000e+00
    outer loop
      vertex 11.1314 -18.8686 0.0000
      vertex 10.0000 -18.4000 20.0000
      vertex 10.0000 -18.4000 0.0000
    endloop
  endfacet
  facet normal 3.826834e-01 -9.238795e-01 0.000000e+00
    outer loop
      vertex 10.0000 -18.4000 0.0000
      vertex 10.0000 -18.4000 20.0000
      vertex 8.8686 -18.8686 20.0000
    endloop
  endfacet
  facet normal 3.826834e-01 -9.238795e-01 0.000000e+00
    outer loop
      vertex 10.0000 -18.4000 0.0000
      vertex 8.8686 -18.8686 20.0000
      vertex 8.8686 -18.8686 0.0000
    endloop
  endfacet
  facet normal 9.238795e-01 -3.826834e-01 0.000000e+00
    outer loop
      vertex 8.8686 -18.8686 0.0000
      vertex 8.8686 -18.8686 20.0000
      vertex 8.4000 -20.0000 20.0000
    endloop
  endfacet
  facet normal 9.238795e-01 -3.826834e-01 0.000000e+00
    outer loop
      vertex 8.8686 -18.8686 0.0000
      vertex 8.4000 -20.0000 20.0000
      vertex 8.4000 -20.0000 0.0000
    endloop
  endfacet
  facet normal 9.238795e-01 3.826834e-01 -0.000000e+00
    outer loop
      vertex 8.4000 -20.0000 0.0000
      vertex 8.4000 -20.0000 20.0000
      vertex 8.8686 -21.1314 20.0000
    endloop
  endfacet
  facet normal 9.238795e-01 3.826834e-01 0.000000e+00
    outer loop
      vertex 8.4000 -20.0000 0.0000
      vertex 8.8686 -21.1314 20.0000
      vertex 8.8686 -21.1314 0.0000
    endloop
  endfacet
  facet normal 3.826834e-01 9.238795e-01 -0.000000e+00
    outer loop
      vertex 8.8686 -21.1314 0.0000
      vertex 8.8686 -21.1314 20.0000
      vertex 10.0000 -21.6000 20.0000
    endloop
  endfacet
  facet normal 3.826834e-01 9.238795e-01 0.000000e+00
    outer loop
      vertex 8.8686 -21.1314 0.0000
      vertex 10.0000 -21.6000 20.0000
      vertex 10.0000 -21.6000 0.0000
    endloop
  endfacet
  facet normal -3.826834e-01 9.238795e-01 0.000000e+00
    outer loop
      vertex 10.0000 -21.6000 0.0000
      vertex 10.0000 -21.6000 20.0000
      vertex 11.1314 -21.1314 20.0000
    endloop
  endfacet
  facet normal -3.826834e-01 9.238795e-01 0.000000e+00
    outer loop
      vertex 10.0000 -21.6000 0.0000
      vertex 11.1314 -21.1314 20.0000
      vertex 11.1314 -21.1314 0.0000
    endloop
  endfacet
  facet normal -9.238795e-01 3.826834e-01 0.000000e+00
    outer loop
      vertex 11.1314 -21.1314 0.0000
      vertex 11.1314 -21.1314 20.0000
      vertex 11.6000 -20.0000 20.0000
    endloop
  endfacet
  facet normal -9.238795e-01 3.826834e-01 0.000000e+00
    outer loop
      vertex 11.1314 -21.1314 0.0000
      vertex 11.6000 -20.0000 20.0000
      vertex 11.6000 -20.0000 0.0000
    endloop
  endfacet
  facet normal -9.238795e-01 -3.826834e-01 0.000000e+00
    outer loop
      vertex 11.6000 -15.0000 0.0000
      vertex 11.6000 -15.0000 20.0000
      vertex 11.1314 -13.8686 20.0000
    endloop
  endfacet
  facet normal -9.238795e-01 -3.826834e-01 0.000000e+00
    outer loop
      vertex 11.6000 -15.0000 0.0000
      vertex 11.1314 -13.8686 20.0000
      vertex 11.1314 -13.8686 0.0000
    endloop
  endfacet
  facet normal -3.826834e-01 -9.238795e-01 0.000000e+00
    outer loop
      vertex 11.1314 -13.8686 0.0000
      vertex 11.1314 -13.8686 20.0000
      vertex 10.0000 -13.4000 20.0000
    endloop
  endfacet
  facet normal -3.826834e-01 -9.238795e-01 0.000000e+00
    outer loop
      vertex 11.1314 -13.8686 0.0000
      vertex 10.0000 -13.4000 20.0000
      vertex 10.0000 -13.4000 0.0000
    endloop
  endfacet
  facet normal 3.826834e-01 -9.238795e-01 0.000000e+00
    outer loop
      vertex 10.0000 -13.4000 0.0000
      vertex 10.0000 -13.4000 20.0000
      vertex 8.8686 -13.8686 20.0000
    endloop
  endfacet
  facet normal 3.826834e-01 -9.238795e-01 0.000000e+00
    outer loop
      vertex 10.0000 -13.4000 0.0000
      vertex 8.8686 -13.8686 20.0000
      vertex 8.8686 -13.8686 0.0000
    endloop
  endfacet
  facet normal 9.238795e-01 -3.826834e-01 0.000000e+00
    outer loop
      vertex 8.8686 -13.8686 0.0000
      vertex 8.8686 -13.8686 20.0000
      vertex 8.4000 -15.0000 20.0000
    endloop
  endfacet
  facet normal 9.238795e-01 -3.826834e-01 0.000000e+00
    outer loop
      vertex 8.8686 -13.8686 0.0000
      vertex 8.4000 -15.0000 20.0000
      vertex 8.4000 -15.0000 0.0000
    endloop
  endfacet
  facet normal 9.238795e-01 3.826834e-01 -0.000000e+00
    outer loop
      vertex 8.4000 -15.0000 0.0000
      vertex 8.4000 -15.0000 20.0000
      vertex 8.8686 -16.1314 20.0000
    endloop
  endfacet
  facet normal 9.238795e-01 3.826834e-01 0.000000e+00
    outer loop
      vertex 8.4000 -15.0000 0.0000
      vertex 8.8686 -16.1314 20.0000
      vertex 8.8686 -16.1314 0.0000
    endloop
  endfacet
  facet normal 3.826834e-01 9.238795e-01 -0.000000e+00
    outer loop
      vertex 8.8686 -16.1314 0.0000
      vertex 8.8686 -16.1314 20.0000
      vertex 10.0000 -16.6000 20.0000
    endloop
  endfacet
  facet normal 3.826834e-01 9.238795e-01 0.000000e+00
    outer loop
      vertex 8.8686 -16.1314 0.0000
      vertex 10.0000 -16.6000 20.0000
      vertex 10.0000 -16.6000 0.0000
    endloop
  endfacet
  facet normal -3.826834e-01 9.238795e-01 0.000000e+00
    outer loop
      vertex 10.0000 -16.6000 0.0000
      vertex 10.0000 -16.6000 20.0000
      vertex 11.1314 -16.1314 20.0000
    endloop
  endfacet
  facet normal -3.826834e-01 9.238795e-01 0.000000e+00
    outer loop
      vertex 10.0000 -16.6000 0.0000
      vertex 11.1314 -16.1314 20.0000
      vertex 11.1314 -16.1314 0.0000
    endloop
  endfacet
  facet normal -9.238795e-01 3.826834e-01 0.000000e+00
    outer loop
      vertex 11.1314 -16.1314 0.0000
      vertex 11.1314 -16.1314 20.0000
      vertex 11.6000 -15.0000 20.0000
    endloop
  endfacet
  facet normal -9.238795e-01 3.826834e-01 0.000000e+00
    outer loop
      vertex 11.1314 -16.1314 0.0000
      vertex 11.6000 -15.0000 20.0000
      vertex 11.6000 -15.0000 0.0000
    endloop
  endfacet
  facet normal -9.238795e-01 -3.826834e-01 0.000000e+00
    outer loop
      vertex 11.6000 -10.0000 0.0000
      vertex 11.6000 -10.0000 20.0000
      vertex 11.1314 -8.8686 20.0000
    endloop
  endfacet
  facet normal -9.238795e-01 -3.826834e-01 0.000000e+00
    outer loop
      vertex 11.6000 -10.0000 0.0000
      vertex 11.1314 -8.8686 20.0000
      vertex 11.1314 -8.8686 0.0000
    endloop
  endfacet
  facet normal -3.826834e-01 -9.238795e-01 0.000000e+00
    outer loop
      vertex 11.1314 -8.8686 0.0000
      vertex 11.1314 -8.8686 20.0000
      vertex 10.0000 -8.4000 20.0000
    endloop
  endfacet
  facet normal -3.826834e-01 -9.238795e-01 0.000000e+00
    outer loop
      vertex 11.1314 -8.8686 0.0000
      vertex 10.0000 -8.4000 20.0000
      vertex 10.0000 -8.4000 0.0000
    endloop
  endfacet
  facet normal 3.826834e-01 -9.238795e-01 0.000000e+00
    outer loop
      vertex 10.0000 -8.4000 0.0000
      vertex 10.0000 -8.4000 20.0000
      vertex 8.8686 -8.8686 20.0000
    endloop
  endfacet
  facet normal 3.826834e-01 -9.238795e-01 0.000000e+00
    outer loop
      vertex 10.0000 -8.4000 0.0000
      vertex 8.8686 -8.8686 20.0000
      vertex 8.8686 -8.8686 0.0000
    endloop
  endfacet
  facet normal 9.238795e-01 -3.826834e-01 0.000000e+00
    outer loop
      vertex 8.8686 -8.8686 0.0000
      vertex 8.8686 -8.8686 20.0000
      vertex 8.4000 -10.0000 20.0000
    endloop
  endfacet
  facet normal 9.238795e-01 -3.826834e-01 0.000000e+00
    outer loop
      vertex 8.8686 -8.8686 0.0000
      vertex 8.4000 -10.0000 20.0000
      vertex 8.4000 -10.0000 0.0000
    endloop
  endfacet
  facet normal 9.238795e-01 3.826834e-01 -0.000000e+00
    outer loop
      vertex 8.4000 -10.0000 0.0000
      vertex 8.4000 -10.0000 20.0000
      vertex 8.8686 -11.1314 20.0000
    endloop
  endfacet
  facet normal 9.238795e-01 3.826834e-01 0.000000e+00
    outer loop
      vertex 8.4000 -10.0000 0.0000
      vertex 8.8686 -11.1314 20.0000
      vertex 8.8686 -11.1314 0.0000
    endloop
  endfacet
  facet normal 3.826834e-01 9.238795e-01 -0.000000e+00
    outer loop
      vertex 8.8686 -11.1314 0.0000
      vertex 8.8686 -11.1314 20.0000
      vertex 10.0000 -11.6000 20.0000
    endloop
  endfacet
  facet normal 3.826834e-01 9.238795e-01 0.000000e+00
    outer loop
      vertex 8.8686 -11.1314 0.0000
      vertex 10.0000 -11.6000 20.0000
      vertex 10.0000 -11.6000 0.0000
    endloop
  endfacet
  facet normal -3.826834e-01 9.238795e-01 0.000000e+00
    outer loop
      vertex 10.0000 -11.6000 0.0000
      vertex 10.0000 -11.6000 20.0000
      vertex 11.1314 -11.1314 20.0000
    endloop
  endfacet
  facet normal -3.826834e-01 9.238795e-01 0.000000e+00
    outer loop
      vertex 10.0000 -11.6000 0.0000
      vertex 11.1314 -11.1314 20.0000
      vertex 11.1314 -11.1314 0.0000
    endloop
  endfacet
  facet normal -9.238795e-01 3.826834e-01 0.000000e+00
    outer loop
      vertex 11.1314 -11.1314 0.0000
      vertex 11.1314 -11.1314 20.0000
      vertex 11.6000 -10.0000 20.0000
    endloop
  endfacet
  facet normal -9.238795e-01 3.826834e-01 0.000000e+00
    outer loop
      vertex 11.1314 -11.1314 0.0000
      vertex 11.6000 -10.0000 20.0000
      vertex 11.6000 -10.0000 0.0000
    endloop
  endfacet
  facet normal -9.238795e-01 -3.826834e-01 0.000000e+00
    outer loop
      vertex 11.6000 -5.0000 0.0000
      vertex 11.6000 -5.0000 20.0000
      vertex 11.1314 -3.8686 20.0000
    endloop
  endfacet
  facet normal -9.238795e-01 -3.826834e-01 0.000000e+00
    outer loop
      vertex 11.6000 -5.0000 0.0000
      vertex 11.1314 -3.8686 20.0000
      vertex 11.1314 -3.8686 0.0000
    endloop
  endfacet
  facet normal -3.826834e-01 -9.238795e-01 0.000000e+00
    outer loop
      vertex 11.1314 -3.8686 0.0000
      vertex 11.1314 -3.8686 20.0000
      vertex 10.0000 -3.4000 20.0000
    endloop
  endfacet
  facet normal -3.826834e-01 -9.238795e-01 0.000000e+00
    outer loop
      vertex 11.1314 -3.8686 0.0000
      vertex 10.0000 -3.4000 20.0000
      vertex 10.0000 -3.4000 0.0000
    endloop
  endfacet
  facet normal 3.826834e-01 -9.238795e-01 0.000000e+00
    outer loop
      vertex 10.0000 -3.4000 0.0000
      vertex 10.0000 -3.4000 20.0000
      vertex 8.8686 -3.8686 20.0000
    endloop
  endfacet
  facet normal 3.826834e-01 -9.238795e-01 0.000000e+00
    outer loop
      vertex 10.0000 -3.4000 0.0000
      vertex 8.8686 -3.8686 20.0000
      vertex 8.8686 -3.8686 0.0000
    endloop
  endfacet
  facet normal 9.238795e-01 -3.826834e-01 0.000000e+00
    outer loop
      vertex 8.8686 -3.8686 0.0000
      vertex 8.8686 -3.8686 20.0000
      vertex 8.4000 -5.0000 20.0000
    endloop
  endfacet
  facet normal 9.238795e-01 -3.826834e-01 0.000000e+00
    outer loop
      vertex 8.8686 -3.8686 0.0000
      vertex 8.4000 -5.0000 20.0000
      vertex 8.4000 -5.0000 0.0000
    endloop
  endfacet
  facet normal 9.238795e-01 3.826834e-01 -0.000000e+00
    outer loop
      vertex 8.4000 -5.0000 0.0000
      vertex 8.4000 -5.0000 20.0000
      vertex 8.8686 -6.1314 20.0000
    endloop
  endfacet
  facet normal 9.238795e-01 3.826834e-01 0.000000e+00
    outer loop
      vertex 8.4000 -5.0000 0.0000
      vertex 8.8686 -6.1314 20.0000
      vertex 8.8686 -6.1314 0.0000
    endloop
  endfacet
  facet normal 3.826834e-01 9.238795e-01 -0.000000e+00
    outer loop
      vertex 8.8686 -6.1314 0.0000
      vertex 8.8686 -6.1314 20.0000
      vertex 10.0000 -6.6000 20.0000
    endloop
  endfacet
  facet normal 3.826834e-01 9.238795e-01 0.000000e+00
    outer loop
      vertex 8.8686 -6.1314 0.0000
      vertex 10.0000 -6.6000 20.0000
      vertex 10.0000 -6.6000 0.0000
    endloop
  endfacet
  facet normal -3.826834e-01 9.238795e-01 0.000000e+00
    outer loop
      vertex 10.0000 -6.6000 0.0000
      vertex 10.0000 -6.6000 20.0000
      vertex 11.1314 -6.1314 20.0000
    endloop
  endfacet
  facet normal -3.826834e-01 9.238795e-01 0.000000e+00
    outer loop
      vertex 10.0000 -6.6000 0.0000
      vertex 11.1314 -6.1314 20.0000
      vertex 11.1314 -6.1314 0.0000
    endloop
  endfacet
  facet normal -9.238795e-01 3.826834e-01 0.000000e+00
    outer loop
      vertex 11.1314 -6.1314 0.0000
      vertex 11.1314 -6.1314 20.0000
      vertex 11.6000 -5.0000 20.0000
    endloop
  endfacet
  facet normal -9.238795e-01 3.826834e-01 0.000000e+00
    outer loop
      vertex 11.1314 -6.1314 0.0000
      vertex 11.6000 -5.0000 20.0000
      vertex 11.6000 -5.0000 0.0000
    endloop
  endfacet
  facet normal -9.238795e-01 -3.826834e-01 0.000000e+00
    outer loop
      vertex 11.6000 0.0000 0.0000
      vertex 11.6000 0.0000 20.0000
      vertex 11.1314 1.1314 20.0000
    endloop
  endfacet
  facet normal -9.238795e-01 -3.826834e-01 0.000000e+00
    outer loop
      vertex 11.6000 0.0000 0.0000
      vertex 11.1314 1.1314 20.0000
      vertex 11.1314 1.1314 0.0000
    endloop
  endfacet
  facet normal -3.826834e-01 -9.238795e-01 0.000000e+00
    outer loop
      vertex 11.1314 1.1314 0.0000
      vertex 11.1314 1.1314 20.0000
      vertex 10.0000 1.6000 20.0000
    endloop
  endfacet
  facet normal -3.826834e-01 -9.238795e-01 0.000000e+00
    outer loop
      vertex 11.1314 1.1314 0.0000
      vertex 10.0000 1.6000 20.0000
      vertex 10.0000 1.6000 0.0000
    endloop
  endfacet
  facet normal 3.826834e-01 -9.238795e-01 0.000000e+00
    outer loop
      vertex 10.0000 1.6000 0.0000
      vertex 10.0000 1.6000 20.0000
      vertex 8.8686 1.1314 20.0000
    endloop
  endfacet
  facet normal 3.826834e-01 -9.238795e-01 0.000000e+00
    outer loop
      vertex 10.0000 1.6000 0.0000
      vertex 8.8686 1.1314 20.0000
      vertex 8.8686 1.1314 0.0000
    endloop
  endfacet
  facet normal 9.238795e-01 -3.826834e-01 0.000000e+00
    outer loop
      vertex 8.8686 1.1314 0.0000
      vertex 8.8686 1.1314 20.0000
      vertex 8.4000 0.0000 20.0000
    endloop
  endfacet
  facet normal 9.238795e-01 -3.826834e-01 0.000000e+00
    outer loop
      vertex 8.8686 1.1314 0.0000
      vertex 8.4000 0.0000 20.0000
      vertex 8.4000 0.0000 0.0000
    endloop
  endfacet
  facet normal 9.238795e-01 3.826834e-01 -0.000000e+00
    outer loop
      vertex 8.4000 0.0000 0.0000
      vertex 8.4000 0.0000 20.0000
      vertex 8.8686 -1.1314 20.0000
    endloop
  endfacet
  facet normal 9.238795e-01 3.826834e-01 0.000000e+00
    outer loop
      vertex 8.4000 0.0000 0.0000
      vertex 8.8686 -1.1314 20.0000
      vertex 8.8686 -1.1314 0.0000
    endloop
  endfacet
  facet normal 3.826834e-01 9.238795e-01 -0.000000e+00
    outer loop
      vertex 8.8686 -1.1314 0.0000
      vertex 8.8686 -1.1314 20.0000
      vertex 10.0000 -1.6000 20.0000
    endloop
  endfacet
  facet normal 3.826834e-01 9.238795e-01 0.000000e+00
    outer loop
      vertex 8.8686 -1.1314 0.0000
      vertex 10.0000 -1.6000 20.0000
      vertex 10.0000 -1.6000 0.0000
    endloop
  endfacet
  facet normal -3.826834e-01 9.238795e-01 0.000000e+00
    outer loop
      vertex 10.0000 -1.6000 0.0000
      vertex 10.0000 -1.6000 20.0000
      vertex 11.1314 -1.1314 20.0000
    endloop
  endfacet
  facet normal -3.826834e-01 9.238795e-01 0.000000e+00
    outer loop
      vertex 10.0000 -1.6000 0.0000
      vertex 11.1314 -1.1314 20.0000
      vertex 11.1314 -1.1314 0.0000
    endloop
  endfacet
  facet normal -9.238795e-01 3.826834e-01 0.000000e+00
    outer loop
      vertex 11.1314 -1.1314 0.0000
      vertex 11.1314 -1.1314 20.0000
      vertex 11.6000 0.0000 20.0000
    endloop
  endfacet
  facet normal -9.238795e-01 3.826834e-01 0.000000e+00
    outer loop
      vertex 11.1314 -1.1314 0.0000
      vertex 11.6000 0.0000 20.0000
      vertex 11.6000 0.0000 0.0000
    endloop
  endfacet
  facet normal -9.238795e-01 -3.826834e-01 0.000000e+00
    outer loop
      vertex 11.6000 5.0000 0.0000
      vertex 11.6000 5.0000 20.0000
      vertex 11.1314 6.1314 20.0000
    endloop
  endfacet
  facet normal -9.238795e-01 -3.826834e-01 0.000000e+00
    outer loop
      vertex 11.6000 5.0000 0.0000
      vertex 11.1314 6.1314 20.0000
      vertex 11.1314 6.1314 0.0000
    endloop
  endfacet
  facet normal -3.826834e-01 -9.238795e-01 0.000000e+00
    outer loop
      vertex 11.1314 6.1314 0.0000
      vertex 11.1314 6.1314 20.0000
      vertex 10.0000 6.6000 20.0000
    endloop
  endfacet
  facet normal -3.826834e-01 -9.238795e-01 0.000000e+00
    outer loop
      vertex 11.1314 6.1314 0.0000
      vertex 10.0000 6.6000 20.0000
      vertex 10.0000 6.6000 0.0000
    endloop
  endfacet
  facet normal 3.826834e-01 -9.238795e-01 0.000000e+00
    outer loop
      vertex 10.0000 6.6000 0.0000
      vertex 10.0000 6.6000 20.0000
      vertex 8.8686 6.1314 20.0000
    endloop
  endfacet
  facet normal 3.826834e-01 -9.238795e-01 0.000000e+00
    outer loop
      vertex 10.0000 6.6000 0.0000
      vertex 8.8686 6.1314 20.0000
      vertex 8.8686 6.1314 0.0000
    endloop
  endfacet
  facet normal 9.238795e-01 -3.826834e-01 0.000000e+00
    outer loop
      vertex 8.8686 6.1314 0.0000
      vertex 8.8686 6.1314 20.0000
      vertex 8.4000 5.0000 20.0000
    endloop
  endfacet
  facet normal 9.238795e-01 -3.826834e-01 0.000000e+00
    outer loop
      vertex 8.8686 6.1314 0.0000
      vertex 8.4000 5.0000 20.0000
      vertex 8.4000 5.0000 0.0000
    endloop
  endfacet
  facet normal 9.238795e-01 3.826834e-01 -0.000000e+00
    outer loop
      vertex 8.4000 5.0000 0.0000
      vertex 8.4000 5.0000 20.0000
      vertex 8.8686 3.8686 20.0000
    endloop
  endfacet
  facet normal 9.238795e-01 3.826834e-01 0.000000e+00
    outer loop
      vertex 8.4000 5.0000 0.0000
      vertex 8.8686 3.8686 20.0000
      vertex 8.8686 3.8686 0.0000
    endloop
  endfacet
  facet normal 3.826834e-01 9.238795e-01 -0.000000e+00
    outer loop
      vertex 8.8686 3.8686 0.0000
      vertex 8.8686 3.8686 20.0000
      vertex 10.0000 3.4000 20.0000
    endloop
  endfacet
  facet normal 3.826834e-01 9.238795e-01 0.000000e+00
    outer loop
      vertex 8.8686 3.8686 0.0000
      vertex 10.0000 3.4000 20.0000
      vertex 10.0000 3.4000 0.0000
    endloop
  endfacet
  facet normal -3.826834e-01 9.238795e-01 0.000000e+00
    outer loop
      vertex 10.0000 3.4000 0.0000
      vertex 10.0000 3.4000 20.0000
      vertex 11.1314 3.8686 20.0000
    endloop
  endfacet
  facet normal -3.826834e-01 9.238795e-01 0.000000e+00
    outer loop
      vertex 10.0000 3.4000 0.0000
      vertex 11.1314 3.8686 20.0000
      vertex 11.1314 3.8686 0.0000
    endloop
  endfacet
  facet normal -9.238795e-01 3.826834e-01 0.000000e+00
    outer loop
      vertex 11.1314 3.8686 0.0000
      vertex 11.1314 3.8686 20.0000
      vertex 11.6000 5.0000 20.0000
    endloop
  endfacet
  facet normal -9.238795e-01 3.826834e-01 0.000000e+00
    outer loop
      vertex 11.1314 3.8686 0.0000
      vertex 11.6000 5.0000 20.0000
      vertex 11.6000 5.0000 0.0000
    endloop
  endfacet
  facet normal -9.238795e-01 -3.826834e-01 0.000000e+00
    outer loop
      vertex 11.6000 10.0000 0.0000
      vertex 11.6000 10.0000 20.0000
      vertex 11.1314 11.1314 20.0000
    endloop
  endfacet
  facet normal -9.238795e-01 -3.826834e-01 0.000000e+00
    outer loop
      vertex 11.6000 10.0000 0.0000
      vertex 11.1314 11.1314 20.0000
      vertex 11.1314 11.1314 0.0000
    endloop
  endfacet
  facet normal -3.826834e-01 -9.238795e-01 0.000000e+00
    outer loop
      vertex 11.1314 11.1314 0.0000
      vertex 11.1314 11.1314 20.0000
      vertex 10.0000 11.6000 20.0000
    endloop
  endfacet
  facet normal -3.826834e-01 -9.238795e-01 0.000000e+00
    outer loop
      vertex 11.1314 11.1314 0.0000
      vertex 10.0000 11.6000 20.0000
      vertex 10.0000 11.6000 0.0000
    endloop
  endfacet
  facet normal 3.826834e-01 -9.238795e-01 0.000000e+00
    outer loop
      vertex 10.0000 11.6000 0.0000
      vertex 10.0000 11.6000 20.0000
      vertex 8.8686 11.1314 20.0000
    endloop
  endfacet
  facet normal 3.826834e-01 -9.238795e-01 0.000000e+00
    outer loop
      vertex 10.0000 11.6000 0.0000
      vertex 8.8686 11.1314 20.0000
      vertex 8.8686 11.1314 0.0000
    endloop
  endfacet
  facet normal 9.238795e-01 -3.826834e-01 0.000000e+00
    outer loop
      vertex 8.8686 11.1314 0.0000
      vertex 8.8686 11.1314 20.0000
      vertex 8.4000 10.0000 20.0000
    endloop
  endfacet
  facet normal 9.238795e-01 -3.826834e-01 0.000000e+00
    outer loop
      vertex 8.8686 11.1314 0.0000
      vertex 8.4000 10.0000 20.0000
      vertex 8.4000 10.0000 0.0000
    endloop
  endfacet
  facet normal 9.238795e-01 3.826834e-01 -0.000000e+00
    outer loop
      vertex 8.4000 10.0000 0.0000
      vertex 8.4000 10.0000 20.0000
      vertex 8.8686 8.8686 20.0000
    endloop
  endfacet
  facet normal 9.238795e-01 3.826834e-01 0.000000e+00
    outer loop
      vertex 8.4000 10.0000 0.0000
      vertex 8.8686 8.8686 20.0000
      vertex 8.8686 8.8686 0.0000
    endloop
  endfacet
  facet normal 3.826834e-01 9.238795e-01 -0.000000e+00
    outer loop
      vertex 8.8686 8.8686 0.0000
      vertex 8.8686 8.8686 20.0000
      vertex 10.0000 8.4000 20.0000
    endloop
  endfacet
  facet normal 3.826834e-01 9.238795e-01 0.000000e+00
    outer loop
      vertex 8.8686 8.8686 0.0000
      vertex 10.0000 8.4000 20.0000
      vertex 10.0000 8.4000 0.0000
    endloop
  endfacet
  facet normal -3.826834e-01 9.238795e-01 0.000000e+00
    outer loop
      vertex 10.0000 8.4000 0.0000
      vertex 10.0000 8.4000 20.0000
      vertex 11.1314 8.8686 20.0000
    endloop
  endfacet
  facet normal -3.826834e-01 9.238795e-01 0.000000e+00
    outer loop
      vertex 10.0000 8.4000 0.0000
      vertex 11.1314 8.8686 20.0000
      vertex 11.1314 8.8686 0.0000
    endloop
  endfacet
  facet normal -9.238795e-01 3.826834e-01 0.000000e+00
    outer loop
      vertex 11.1314 8.8686 0.0000
      vertex 11.1314 8.8686 20.0000
      vertex 11.6000 10.0000 20.0000
    endloop
  endfacet
  facet normal -9.238795e-01 3.826834e-01 0.000000e+00
    outer loop
      vertex 11.1314 8.8686 0.0000
      vertex 11.6000 10.0000 20.0000
      vertex 11.6000 10.0000 0.0000
    endloop
  endfacet
  facet normal -9.238795e-01 -3.826834e-01 0.000000e+00
    outer loop
      vertex 11.6000 15.0000 0.0000
      vertex 11.6000 15.0000 20.0000
      vertex 11.1314 16.1314 20.0000
    endloop
  endfacet
  facet normal -9.238795e-01 -3.826834e-01 0.000000e+00
    outer loop
      vertex 11.6000 15.0000 0.0000
      vertex 11.1314 16.1314 20.0000
      vertex 11.1314 16.1314 0.0000
    endloop
  endfacet
  facet normal -3.826834e-01 -9.238795e-01 0.000000e+00
    outer loop
      vertex 11.1314 16.1314 0.0000
      vertex 11.1314 16.1314 20.0000
      vertex 10.0000 16.6000 20.0000
    endloop
  endfacet
  facet normal -3.826834e-01 -9.238795e-01 0.000000e+00
    outer loop
      vertex 11.1314 16.1314 0.0000
      vertex 10.0000 16.6000 20.0000
      vertex 10.0000 16.6000 0.0000
    endloop
  endfacet
  facet normal 3.826834e-01 -9.238795e-01 0.000000e+00
    outer loop
      vertex 10.0000 16.6000 0.0000
      vertex 10.0000 16.6000 20.0000
      vertex 8.8686 16.1314 20.0000
    endloop
  endfacet
  facet normal 3.826834e-01 -9.238795e-01 0.000000e+00
    outer loop
      vertex 10.0000 16.6000 0.0000
      vertex 8.8686 16.1314 20.0000
      vertex 8.8686 16.1314 0.0000
    endloop
  endfacet
  facet normal 9.238795e-01 -3.826834e-01 0.000000e+00
    outer loop
      vertex 8.8686 16.1314 0.0000
      vertex 8.8686 16.1314 20.0000
      vertex 8.4000 15.0000 20.0000
    endloop
  endfacet
  facet normal 9.238795e-01 -3.826834e-01 0.000000e+00
    outer loop
      vertex 8.8686 16.1314 0.0000
      vertex 8.4000 15.0000 20.0000
      vertex 8.4000 15.0000 0.0000
    endloop
  endfacet
  facet normal 9.238795e-01 3.826834e-01 -0.000000e+00
    outer loop
      vertex 8.4000 15.0000 0.0000
      vertex 8.4000 15.0000 20.0000
      vertex 8.8686 13.8686 20.0000
    endloop
  endfacet
  facet normal 9.238795e-01 3.826834e-01 0.000000e+00
    outer loop
      vertex 8.4000 15.0000 0.0000
      vertex 8.8686 13.8686 20.0000
      vertex 8.8686 13.8686 0.0000
    endloop
  endfacet
  facet normal 3.826834e-01 9.238795e-01 -0.000000e+00
    outer loop
      vertex 8.8686 13.8686 0.0000
      vertex 8.8686 13.8686 20.0000
      vertex 10.0000 13.4000 20.0000
    endloop
  endfacet
  facet normal 3.826834e-01 9.238795e-01 0.000000e+00
    outer loop
      vertex 8.8686 13.8686 0.0000
      vertex 10.0000 13.4000 20.0000
      vertex 10.0000 13.4000 0.0000
    endloop
  endfacet
  facet normal -3.826834e-01 9.238795e-01 0.000000e+00
    outer loop
      vertex 10.0000 13.4000 0.0000
      vertex 10.0000 13.4000 20.0000
      vertex 11.1314 13.8686 20.0000
    endloop
  endfacet
  facet normal -3.826834e-01 9.238795e-01 0.000000e+00
    outer loop
      vertex 10.0000 13.4000 0.0000
      vertex 11.1314 13.8686 20.0000
      vertex 11.1314 13.8686 0.0000
    endloop
  endfacet
  facet normal -9.238795e-01 3.826834e-01 0.000000e+00
    outer loop
      vertex 11.1314 13.8686 0.0000
      vertex 11.1314 13.8686 20.0000
      vertex 11.6000 15.0000 20.0000
    endloop
  endfacet
  facet normal -9.238795e-01 3.826834e-01 0.000000e+00
    outer loop
      vertex 11.1314 13.8686 0.0000
      vertex 11.6000 15.0000 20.0000
      vertex 11.6000 15.0000 0.0000
    endloop
  endfacet
  facet normal -9.238795e-01 -3.826834e-01 0.000000e+00
    outer loop
      vertex 11.6000 20.0000 0.0000
      vertex 11.6000 20.0000 20.0000
      vertex 11.1314 21.1314 20.0000
    endloop
  endfacet
  facet normal -9.238795e-01 -3.826834e-01 0.000000e+00
    outer loop
      vertex 11.6000 20.0000 0.0000
      vertex 11.1314 21.1314 20.0000
      vertex 11.1314 21.1314 0.0000
    endloop
  endfacet
  facet normal -3.826834e-01 -9.238795e-01 0.000000e+00
    outer loop
      vertex 11.1314 21.1314 0.0000
      vertex 11.1314 21.1314 20.0000
      vertex 10.0000 21.6000 20.0000
    endloop
  endfacet
  facet normal -3.826834e-01 -9.238795e-01 0.000000e+00
    outer loop
      vertex 11.1314 21.1314 0.0000
      vertex 10.0000 21.6000 20.0000
      vertex 10.0000 21.6000 0.0000
    endloop
  endfacet
  facet normal 3.826834e-01 -9.238795e-01 0.000000e+00
    outer loop
      vertex 10.0000 21.6000 0.0000
      vertex 10.0000 21.6000 20.0000
      vertex 8.8686 21.1314 20.0000
    endloop
  endfacet
  facet normal 3.826834e-01 -9.238795e-01 0.000000e+00
    outer loop
      vertex 10.0000 21.6000 0.0000
      vertex 8.8686 21.1314 20.0000
      vertex 8.8686 21.1314 0.0000
    endloop
  endfacet
  facet normal 9.238795e-01 -3.826834e-01 0.000000e+00
    outer loop
      vertex 8.8686 21.1314 0.0000
      vertex 8.8686 21.1314 20.0000
      vertex 8.4000 20.0000 20.0000
    endloop
  endfacet
  facet normal 9.238795e-01 -3.826834e-01 0.000000e+00
    outer loop
      vertex 8.8686 21.1314 0.0000
      vertex 8.4000 20.0000 20.0000
      vertex 8.4000 20.0000 0.0000
    endloop
  endfacet
  facet normal 9.238795e-01 3.826834e-01 -0.000000e+00
    outer loop
      vertex 8.4000 20.0000 0.0000
      vertex 8.4000 20.0000 20.0000
      vertex 8.8686 18.8686 20.0000
    endloop
  endfacet
  facet normal 9.238795e-01 3.826834e-01 0.000000e+00
    outer loop
      vertex 8.4000 20.0000 0.0000
      vertex 8.8686 18.8686 20.0000
      vertex 8.8686 18.8686 0.0000
    endloop
  endfacet
  facet normal 3.826834e-01 9.238795e-01 -0.000000e+00
    outer loop
      vertex 8.8686 18.8686 0.0000
      vertex 8.8686 18.8686 20.0000
      vertex 10.0000 18.4000 20.0000
    endloop
  endfacet
  facet normal 3.826834e-01 9.238795e-01 0.000000e+00
    outer loop
      vertex 8.8686 18.8686 0.0000
      vertex 10.0000 18.4000 20.0000
      vertex 10.0000 18.4000 0.0000
    endloop
  endfacet
  facet normal -3.826834e-01 9.238795e-01 0.000000e+00
    outer loop
      vertex 10.0000 18.4000 0.0000
      vertex 10.0000 18.4000 20.0000
      vertex 11.1314 18.8686 20.0000
    endloop
  endfacet
  facet normal -3.826834e-01 9.238795e-01 0.000000e+00
    outer loop
      vertex 10.0000 18.4000 0.0000
      vertex 11.1314 18.8686 20.0000
      vertex 11.1314 18.8686 0.0000
    endloop
  endfacet
  facet normal -9.238795e-01 3.826834e-01 0.000000e+00
    outer loop
      vertex 11.1314 18.8686 0.0000
      vertex 11.1314 18.8686 20.0000
      vertex 11.6000 20.0000 20.0000
    endloop
  endfacet
  facet normal -9.238795e-01 3.826834e-01 0.000000e+00
    outer loop
      vertex 11.1314 18.8686 0.0000
      vertex 11.6000 20.0000 20.0000
      vertex 11.6000 20.0000 0.0000
    endloop
  endfacet
  facet normal -9.238795e-01 -3.826834e-01 0.000000e+00
    outer loop
      vertex 11.6000 25.0000 0.0000
      vertex 11.6000 25.0000 20.0000
      vertex 11.1314 26.1314 20.0000
    endloop
  endfacet
  facet normal -9.238795e-01 -3.826834e-01 0.000000e+00
    outer loop
      vertex 11.6000 25.0000 0.0000
      vertex 11.1314 26.1314 20.0000
      vertex 11.1314 26.1314 0.0000
    endloop
  endfacet
  facet normal -3.826834e-01 -9.238795e-01 0.000000e+00
    outer loop
      vertex 11.1314 26.1314 0.0000
      vertex 11.1314 26.1314 20.0000
      vertex 10.0000 26.6000 20.0000
    endloop
  endfacet
  facet normal -3.826834e-01 -9.238795e-01 0.000000e+00
    outer loop
      vertex 11.1314 26.1314 0.0000
      vertex 10.0000 26.6000 20.0000
      vertex 10.0000 26.6000 0.0000
    endloop
  endfacet
  facet normal 3.826834e-01 -9.238795e-01 0.000000e+00
    outer loop
      vertex 10.0000 26.6000 0.0000
      vertex 10.0000 26.6000 20.0000
      vertex 8.8686 26.1314 20.0000
    endloop
  endfacet
  facet normal 3.826834e-01 -9.238795e-01 0.000000e+00
    outer loop
      vertex 10.0000 26.6000 0.0000
      vertex 8.8686 26.1314 20.0000
      vertex 8.8686 26.1314 0.0000
    endloop
  endfacet
  facet normal 9.238795e-01 -3.826834e-01 0.000000e+00
    outer loop
      vertex 8.8686 26.1314 0.0000
      vertex 8.8686 26.1314 20.0000
      vertex 8.4000 25.0000 20.0000
    endloop
  endfacet
  facet normal 9.238795e-01 -3.826834e-01 0.000000e+00
    outer loop
      vertex 8.8686 26.1314 0.0000
      vertex 8.4000 25.0000 20.0000
      vertex 8.4000 25.0000 0.0000
    endloop
  endfacet
  facet normal 9.238795e-01 3.826834e-01 -0.000000e+00
    outer loop
      vertex 8.4000 25.0000 0.0000
      vertex 8.4000 25.0000 20.0000
      vertex 8.8686 23.8686 20.0000
    endloop
  endfacet
  facet normal 9.238795e-01 3.826834e-01 0.000000e+00
    outer loop
      vertex 8.4000 25.0000 0.0000
      vertex 8.8686 23.8686 20.0000
      vertex 8.8686 23.8686 0.0000
    endloop
  endfacet
  facet normal 3.826834e-01 9.238795e-01 -0.000000e+00
    outer loop
      vertex 8.8686 23.8686 0.0000
      vertex 8.8686 23.8686 20.0000
      vertex 10.0000 23.4000 20.0000
    endloop
  endfacet
  facet normal 3.826834e-01 9.238795e-01 0.000000e+00
    outer loop
      vertex 8.8686 23.8686 0.0000
      vertex 10.0000 23.4000 20.0000
      vertex 10.0000 23.4000 0.0000
    endloop
  endfacet
  facet normal -3.826834e-01 9.238795e-01 0.000000e+00
    outer loop
      vertex 10.0000 23.4000 0.0000
      vertex 10.0000 23.4000 20.0000
      vertex 11.1314 23.8686 20.0000
    endloop
  endfacet
  facet normal -3.826834e-01 9.238795e-01 0.000000e+00
    outer loop
      vertex 10.0000 23.4000 0.0000
      vertex 11.1314 23.8686 20.0000
      vertex 11.1314 23.8686 0.0000
    endloop
  endfacet
  facet normal -9.238795e-01 3.826834e-01 0.000000e+00
    outer loop
      vertex 11.1314 23.8686 0.0000
      vertex 11.1314 23.8686 20.0000
      vertex 11.6000 25.0000 20.0000
    endloop
  endfacet
  facet normal -9.238795e-01 3.826834e-01 0.000000e+00
    outer loop
      vertex 11.1314 23.8686 0.0000
      vertex 11.6000 25.0000 20.0000
      vertex 11.6000 25.0000 0.0000
    endloop
  endfacet
  facet normal -9.238795e-01 -3.826834e-01 0.000000e+00
    outer loop
      vertex 11.6000 30.0000 0.0000
      vertex 11.6000 30.0000 20.0000
      vertex 11.1314 31.1314 20.0000
    endloop
  endfacet
  facet normal -9.238795e-01 -3.826834e-01 0.000000e+00
    outer loop
      vertex 11.6000 30.0000 0.0000
      vertex 11.1314 31.1314 20.0000
      vertex 11.1314 31.1314 0.0000
    endloop
  endfacet
  facet normal -3.826834e-01 -9.238795e-01 0.000000e+00
    outer loop
      vertex 11.1314 31.1314 0.0000
      vertex 11.1314 31.1314 20.0000
      vertex 10.0000 31.6000 20.0000
    endloop
  endfacet
  facet normal -3.826834e-01 -9.238795e-01 0.000000e+00
    outer loop
      vertex 11.1314 31.1314 0.0000
      vertex 10.0000 31.6000 20.0000
      vertex 10.0000 31.6000 0.0000
    endloop
  endfacet
  facet normal 3.826834e-01 -9.238795e-01 0.000000e+00
    outer loop
      vertex 10.0000 31.6000 0.0000
      vertex 10.0000 31.6000 20.0000
      vertex 8.8686 31.1314 20.0000
    endloop
  endfacet
  facet normal 3.826834e-01 -9.238795e-01 0.000000e+00
    outer loop
      vertex 10.0000 31.6000 0.0000
      vertex 8.8686 31.1314 20.0000
      vertex 8.8686 31.1314 0.0000
    endloop
  endfacet
  facet normal 9.238795e-01 -3.826834e-01 0.000000e+00
    outer loop
      vertex 8.8686 31.1314 0.0000
      vertex 8.8686 31.1314 20.0000
      vertex 8.4000 30.0000 20.0000
    endloop
  endfacet
  facet normal 9.238795e-01 -3.826834e-01 0.000000e+00
    outer loop
      vertex 8.8686 31.1314 0.0000
      vertex 8.4000 30.0000 20.0000
      vertex 8.4000 30.0000 0.0000
    endloop
  endfacet
  facet normal 9.238795e-01 3.826834e-01 -0.000000e+00
    outer loop
      vertex 8.4000 30.0000 0.0000
      vertex 8.4000 30.0000 20.0000
      vertex 8.8686 28.8686 20.0000
    endloop
  endfacet
  facet normal 9.238795e-01 3.826834e-01 0.000000e+00
    outer loop
      vertex 8.4000 30.0000 0.0000
      vertex 8.8686 28.8686 20.0000
      vertex 8.8686 28.8686 0.0000
    endloop
  endfacet
  facet normal 3.826834e-01 9.238795e-01 -0.000000e+00
    outer loop
      vertex 8.8686 28.8686 0.0000
      vertex 8.8686 28.8686 20.0000
      vertex 10.0000 28.4000 20.0000
    endloop
  endfacet
  facet normal 3.826834e-01 9.238795e-01 0.000000e+00
    outer loop
      vertex 8.8686 28.8686 0.0000
      vertex 10.0000 28.4000 20.0000
      vertex 10.0000 28.4000 0.0000
    endloop
  endfacet
  facet normal -3.826834e-01 9.238795e-01 0.000000e+00
    outer loop
      vertex 10.0000 28.4000 0.0000
      vertex 10.0000 28.4000 20.0000
      vertex 11.1314 28.8686 20.0000
    endloop
  endfacet
  facet normal -3.826834e-01 9.238795e-01 0.000000e+00
    outer loop
      vertex 10.0000 28.4000 0.0000
      vertex 11.1314 28.8686 20.0000
      vertex 11.1314 28.8686 0.0000
    endloop
  endfacet
  facet normal -9.238795e-01 3.826834e-01 0.000000e+00
    outer loop
      vertex 11.1314 28.8686 0.0000
      vertex 11.1314 28.8686 20.0000
      vertex 11.6000 30.0000 20.0000
    endloop
  endfacet
  facet normal -9.238795e-01 3.826834e-01 0.000000e+00
    outer loop
      vertex 11.1314 28.8686 0.0000
      vertex 11.6000 30.0000 20.0000
      vertex 11.6000 30.0000 0.0000
    endloop
  endfacet
  facet normal -9.238795e-01 -3.826834e-01 0.000000e+00
    outer loop
      vertex 16.6000 -30.0000 0.0000
      vertex 16.6000 -30.0000 20.0000
      vertex 16.1314 -28.8686 20.0000
    endloop
  endfacet
  facet normal -9.238795e-01 -3.826834e-01 0.000000e+00
    outer loop
      vertex 16.6000 -30.0000 0.0000
      vertex 16.1314 -28.8686 20.0000
      vertex 16.1314 -28.8686 0.0000
    endloop
  endfacet
  facet normal -3.826834e-01 -9.238795e-01 0.000000e+00
    outer loop
      vertex 16.1314 -28.8686 0.0000
      vertex 16.1314 -28.8686 20.0000
      vertex 15.0000 -28.4000 20.0000
    endloop
  endfacet
  facet normal -3.826834e-01 -9.238795e-01 0.000000e+00
    outer loop
      vertex 16.1314 -28.8686 0.0000
      vertex 15.0000 -28.4000 20.0000
      vertex 15.0000 -28.4000 0.0000
    endloop
  endfacet
  facet normal 3.826834e-01 -9.238795e-01 0.000000e+00
    outer loop
      vertex 15.0000 -28.4000 0.0000
      vertex 15.0000 -28.4000 20.0000
      vertex 13.8686 -28.8686 20.0000
    endloop
  endfacet
  facet normal 3.826834e-01 -9.238795e-01 0.000000e+00
    outer loop
      vertex 15.0000 -28.4000 0.0000
      vertex 13.8686 -28.8686 20.0000
      vertex 13.8686 -28.8686 0.0000
    endloop
  endfacet
  facet normal 9.238795e-01 -3.826834e-01 0.000000e+00
    outer loop
      vertex 13.8686 -28.8686 0.0000
      vertex 13.8686 -28.8686 20.0000
      vertex 13.4000 -30.0000 20.0000
    endloop
  endfacet
  facet normal 9.238795e-01 -3.826834e-01 0.000000e+00
    outer loop
      vertex 13.8686 -28.8686 0.0000
      vertex 13.4000 -30.0000 20.0000
      vertex 13.4000 -30.0000 0.0000
    endloop
  endfacet
  facet normal 9.238795e-01 3.826834e-01 -0.000000e+00
    outer loop
      vertex 13.4000 -30.0000 0.0000
      vertex 13.4000 -30.0000 20.0000
      vertex 13.8686 -31.1314 20.0000
    endloop
  endfacet
  facet normal 9.238795e-01 3.826834e-01 0.000000e+00
    outer loop
      vertex 13.4000 -30.0000 0.0000
      vertex 13.8686 -31.1314 20.0000
      vertex 13.8686 -31.1314 0.0000
    endloop
  endfacet
  facet normal 3.826834e-01 9.238795e-01 -0.000000e+00
    outer loop
      vertex 13.8686 -31.1314 0.0000
      vertex 13.8686 -31.1314 20.0000
      vertex 15.0000 -31.6000 20.0000
    endloop
  endfacet
  facet normal 3.826834e-01 9.238795e-01 0.000000e+00
    outer loop
      vertex 13.8686 -31.1314 0.0000
      vertex 15.0000 -31.6000 20.0000
      vertex 15.0000 -31.6000 0.0000
    endloop
  endfacet
  facet normal -3.826834e-01 9.238795e-01 0.000000e+00
    outer loop
      vertex 15.0000 -31.6000 0.0000
      vertex 15.0000 -31.6000 20.0000
      vertex 16.1314 -31.1314 20.0000
    endloop
  endfacet
  facet normal -3.826834e-01 9.238795e-01 0.000000e+00
    outer loop
      vertex 15.0000 -31.6000 0.0000
      vertex 16.1314 -31.1314 20.0000
      vertex 16.1314 -31.1314 0.0000
    endloop
  endfacet
  facet normal -9.238795e-01 3.826834e-01 0.000000e+00
    outer loop
      vertex 16.1314 -31.1314 0.0000
      vertex 16.1314 -31.1314 20.0000
      vertex 16.6000 -30.0000 20.0000
    endloop
  endfacet
  facet normal -9.238795e-01 3.826834e-01 0.000000e+00
    outer loop
      vertex 16.1314 -31.1314 0.0000
      vertex 16.6000 -30.0000 20.0000
      vertex 16.6000 -30.0000 0.0000
    endloop
  endfacet
  facet normal -9.238795e-01 -3.826834e-01 0.000000e+00
    outer loop
      vertex 16.6000 -25.0000 0.0000
      vertex 16.6000 -25.0000 20.0000
      vertex 16.1314 -23.8686 20.0000
    endloop
  endfacet
  facet normal -9.238795e-01 -3.826834e-01 0.000000e+00
    outer loop
      vertex 16.6000 -25.0000 0.0000
      vertex 16.1314 -23.8686 20.0000
      vertex 16.1314 -23.8686 0.0000
    endloop
  endfacet
  facet normal -3.826834e-01 -9.238795e-01 0.000000e+00
    outer loop
      vertex 16.1314 -23.8686 0.0000
      vertex 16.1314 -23.8686 20.0000
      vertex 15.0000 -23.4000 20.0000
    endloop
  endfacet
  facet normal -3.826834e-01 -9.238795e-01 0.000000e+00
    outer loop
      vertex 16.1314 -23.8686 0.0000
      vertex 15.0000 -23.4000 20.0000
      vertex 15.0000 -23.4000 0.0000
    endloop
  endfacet
  facet normal 3.826834e-01 -9.238795e-01 0.000000e+00
    outer loop
      vertex 15.0000 -23.4000 0.0000
      vertex 15.0000 -23.4000 20.0000
      vertex 13.8686 -23.8686 20.0000
    endloop
  endfacet
  facet normal 3.826834e-01 -9.238795e-01 0.000000e+00
    outer loop
      vertex 15.0000 -23.4000 0.0000
      vertex 13.8686 -23.8686 20.0000
      vertex 13.8686 -23.8686 0.0000
    endloop
  endfacet
  facet normal 9.238795e-01 -3.826834e-01 0.000000e+00
    outer loop
      vertex 13.8686 -23.8686 0.0000
      vertex 13.8686 -23.8686 20.0000
      vertex 13.4000 -25.0000 20.0000
    endloop
  endfacet
  facet normal 9.238795e-01 -3.826834e-01 0.000000e+00
    outer loop
      vertex 13.8686 -23.8686 0.0000
      vertex 13.4000 -25.0000 20.0000
      vertex 13.4000 -25.0000 0.0000
    endloop
  endfacet
  facet normal 9.238795e-01 3.826834e-01 -0.000000e+00
    outer loop
      vertex 13.4000 -25.0000 0.0000
      vertex 13.4000 -25.0000 20.0000
      vertex 13.8686 -26.1314 20.0000
    endloop
  endfacet
  facet normal 9.238795e-01 3.826834e-01 0.000000e+00
    outer loop
      vertex 13.4000 -25.0000 0.0000
      vertex 13.8686 -26.1314 20.0000
      vertex 13.8686 -26.1314 0.0000
    endloop
  endfacet
  facet normal 3.826834e-01 9.238795e-01 -0.000000e+00
    outer loop
      vertex 13.8686 -26.1314 0.0000
      vertex 13.8686 -26.1314 20.0000
      vertex 15.0000 -26.6000 20.0000
    endloop
  endfacet
  facet normal 3.826834e-01 9.238795e-01 0.000000e+00
    outer loop
      vertex 13.8686 -26.1314 0.0000
      vertex 15.0000 -26.6000 20.0000
      vertex 15.0000 -26.6000 0.0000
    endloop
  endfacet
  facet normal -3.826834e-01 9.238795e-01 0.000000e+00
    outer loop
      vertex 15.0000 -26.6000 0.0000
      vertex 15.0000 -26.6000 20.0000
      vertex 16.1314 -26.1314 20.0000
    endloop
  endfacet
  facet normal -3.826834e-01 9.238795e-01 0.000000e+00
    outer loop
      vertex 15.0000 -26.6000 0.0000
      vertex 16.1314 -26.1314 20.0000
      vertex 16.1314 -26.1314 0.0000
    endloop
  endfacet
  facet normal -9.238795e-01 3.826834e-01 0.000000e+00
    outer loop
      vertex 16.1314 -26.1314 0.0000
      vertex 16.1314 -26.1314 20.0000
      vertex 16.6000 -25.0000 20.0000
    endloop
  endfacet
  facet normal -9.238795e-01 3.826834e-01 0.000000e+00
    outer loop
      vertex 16.1314 -26.1314 0.0000
      vertex 16.6000 -25.0000 20.0000
      vertex 16.6000 -25.0000 0.0000
    endloop
  endfacet
  facet normal -9.238795e-01 -3.826834e-01 0.000000e+00
    outer loop
      vertex 16.6000 -20.0000 0.0000
      vertex 16.6000 -20.0000 20.0000
      vertex 16.1314 -18.8686 20.0000
    endloop
  endfacet
  facet normal -9.238795e-01 -3.826834e-01 0.000000e+00
    outer loop
      vertex 16.6000 -20.0000 0.0000
      vertex 16.1314 -18.8686 20.0000
      vertex 16.1314 -18.8686 0.0000
    endloop
  endfacet
  facet normal -3.826834e-01 -9.238795e-01 0.000000e+00
    outer loop
      vertex 16.1314 -18.8686 0.0000
      vertex 16.1314 -18.8686 20.0000
      vertex 15.0000 -18.4000 20.0000
    endloop
  endfacet
  facet normal -3.826834e-01 -9.238795e-01 0.000000e+00
    outer loop
      vertex 16.1314 -18.8686 0.0000
      vertex 15.0000 -18.4000 20.0000
      vertex 15.0000 -18.4000 0.0000
    endloop
  endfacet
  facet normal 3.826834e-01 -9.238795e-01 0.000000e+00
    outer loop
      vertex 15.0000 -18.4000 0.0000
      vertex 15.0000 -18.4000 20.0000
      vertex 13.8686 -18.8686 20.0000
    endloop
  endfacet
  facet normal 3.826834e-01 -9.238795e-01 0.000000e+00
    outer loop
      vertex 15.0000 -18.4000 0.0000
      vertex 13.8686 -18.8686 20.0000
      vertex 13.8686 -18.8686 0.0000
    endloop
  endfacet
  facet normal 9.238795e-01 -3.826834e-01 0.000000e+00
    outer loop
      vertex 13.8686 -18.8686 0.0000
      vertex 13.8686 -18.8686 20.0000
      vertex 13.4000 -20.0000 20.0000
    endloop
  endfacet
  facet normal 9.238795e-01 -3.826834e-01 0.000000e+00
    outer loop
      vertex 13.8686 -18.8686 0.0000
      vertex 13.4000 -20.0000 20.0000
      vertex 13.4000 -20.0000 0.0000
    endloop
  endfacet
  facet normal 9.238795e-01 3.826834e-01 -0.000000e+00
    outer loop
      vertex 13.4000 -20.0000 0.0000
      vertex 13.4000 -20.0000 20.0000
      vertex 13.8686 -21.1314 20.0000
    endloop
  endfacet
  facet normal 9.238795e-01 3.826834e-01 0.000000e+00
    outer loop
      vertex 13.4000 -20.0000 0.0000
      vertex 13.8686 -21.1314 20.0000
      vertex 13.8686 -21.1314 0.0000
    endloop
  endfacet
  facet normal 3.826834e-01 9.238795e-01 -0.000000e+00
    outer loop
      vertex 13.8686 -21.1314 0.0000
      vertex 13.8686 -21.1314 20.0000
      vertex 15.0000 -21.6000 20.0000
    endloop
  endfacet
  facet normal 3.826834e-01 9.238795e-01 0.000000e+00
    outer loop
      vertex 13.8686 -21.1314 0.0000
      vertex 15.0000 -21.6000 20.0000
      vertex 15.0000 -21.6000 0.0000
    endloop
  endfacet
  facet normal -3.826834e-01 9.238795e-01 0.000000e+00
    outer loop
      vertex 15.0000 -21.6000 0.0000
      vertex 15.0000 -21.6000 20.0000
      vertex 16.1314 -21.1314 20.0000
    endloop
  endfacet
  facet normal -3.826834e-01 9.238795e-01 0.000000e+00
    outer loop
      vertex 15.0000 -21.6000 0.0000
      vertex 16.1314 -21.1314 20.0000
      vertex 16.1314 -21.1314 0.0000
    endloop
  endfacet
  facet normal -9.238795e-01 3.826834e-01 0.000000e+00
    outer loop
      vertex 16.1314 -21.1314 0.0000
      vertex 16.1314 -21.1314 20.0000
      vertex 16.6000 -20.0000 20.0000
    endloop
  endfacet
  facet normal -9.238795e-01 3.826834e-01 0.000000e+00
    outer loop
      vertex 16.1314 -21.1314 0.0000
      vertex 16.6000 -20.0000 20.0000
      vertex 16.6000 -20.0000 0.0000
    endloop
  endfacet
  facet normal -9.238795e-01 -3.826834e-01 0.000000e+00
    outer loop
      vertex 16.6000 -15.0000 0.0000
      vertex 16.6000 -15.0000 20.0000
      vertex 16.1314 -13.8686 20.0000
    endloop
  endfacet
  facet normal -9.238795e-01 -3.826834e-01 0.000000e+00
    outer loop
      vertex 16.6000 -15.0000 0.0000
      vertex 16.1314 -13.8686 20.0000
      vertex 16.1314 -13.8686 0.0000
    endloop
  endfacet
  facet normal -3.826834e-01 -9.238795e-01 0.000000e+00
    outer loop
      vertex 16.1314 -13.8686 0.0000
      vertex 16.1314 -13.8686 20.0000
      vertex 15.0000 -13.4000 20.0000
    endloop
  endfacet
  facet normal -3.826834e-01 -9.238795e-01 0.000000e+00
    outer loop
      vertex 16.1314 -13.8686 0.0000
      vertex 15.0000 -13.4000 20.0000
      vertex 15.0000 -13.4000 0.0000
    endloop
  endfacet
  facet normal 3.826834e-01 -9.238795e-01 0.000000e+00
    outer loop
      vertex 15.0000 -13.4000 0.0000
      vertex 15.0000 -13.4000 20.0000
      vertex 13.8686 -13.8686 20.0000
    endloop
  endfacet
  facet normal 3.826834e-01 -9.238795e-01 0.000000e+00
    outer loop
      vertex 15.0000 -13.4000 0.0000
      vertex 13.8686 -13.8686 20.0000
      vertex 13.8686 -13.8686 0.0000
    endloop
  endfacet
  facet normal 9.238795e-01 -3.826834e-01 0.000000e+00
    outer loop
      vertex 13.8686 -13.8686 0.0000
      vertex 13.8686 -13.8686 20.0000
      vertex 13.4000 -15.0000 20.0000
    endloop
  endfacet
  facet normal 9.238795e-01 -3.826834e-01 0.000000e+00
    outer loop
      vertex 13.8686 -13.8686 0.0000
      vertex 13.4000 -15.0000 20.0000
      vertex 13.4000 -15.0000 0.0000
    endloop
  endfacet
  facet normal 9.238795e-01 3.826834e-01 -0.000000e+00
    outer loop
      vertex 13.4000 -15.0000 0.0000
      vertex 13.4000 -15.0000 20.0000
      vertex 13.8686 -16.1314 20.0000
    endloop
  endfacet
  facet normal 9.238795e-01 3.826834e-01 0.000000e+00
    outer loop
      vertex 13.4000 -15.0000 0.0000
      vertex 13.8686 -16.1314 20.0000
      vertex 13.8686 -16.1314 0.0000
    endloop
  endfacet
  facet normal 3.826834e-01 9.238795e-01 -0.000000e+00
    outer loop
      vertex 13.8686 -16.1314 0.0000
      vertex 13.8686 -16.1314 20.0000
      vertex 15.0000 -16.6000 20.0000
    endloop
  endfacet
  facet normal 3.826834e-01 9.238795e-01 0.000000e+00
    outer loop
      vertex 13.8686 -16.1314 0.0000
      vertex 15.0000 -16.6000 20.0000
      vertex 15.0000 -16.6000 0.0000
    endloop
  endfacet
  facet normal -3.826834e-01 9.238795e-01 0.000000e+00
    outer loop
      vertex 15.0000 -16.6000 0.0000
      vertex 15.0000 -16.6000 20.0000
      vertex 16.1314 -16.1314 20.0000
    endloop
  endfacet
  facet normal -3.826834e-01 9.238795e-01 0.000000e+00
    outer loop
      vertex 15.0000 -16.6000 0.0000
      vertex 16.1314 -16.1314 20.0000
      vertex 16.1314 -16.1314 0.0000
    endloop
  endfacet
  facet normal -9.238795e-01 3.826834e-01 0.000000e+00
    outer loop
      vertex 16.1314 -16.1314 0.0000
      vertex 16.1314 -16.1314 20.0000
      vertex 16.6000 -15.0000 20.0000
    endloop
  endfacet
  facet normal -9.238795e-01 3.826834e-01 0.000000e+00
    outer loop
      vertex 16.1314 -16.1314 0.0000
      vertex 16.6000 -15.0000 20.0000
      vertex 16.6000 -15.0000 0.0000
    endloop
  endfacet
  facet normal -9.238795e-01 -3.826834e-01 0.000000e+00
    outer loop
      vertex 16.6000 -10.0000 0.0000
      vertex 16.6000 -10.0000 20.0000
      vertex 16.1314 -8.8686 20.0000
    endloop
  endfacet
  facet normal -9.238795e-01 -3.826834e-01 0.000000e+00
    outer loop
      vertex 16.6000 -10.0000 0.0000
      vertex 16.1314 -8.8686 20.0000
      vertex 16.1314 -8.8686 0.0000
    endloop
  endfacet
  facet normal -3.826834e-01 -9.238795e-01 0.000000e+00
    outer loop
      vertex 16.1314 -8.8686 0.0000
      vertex 16.1314 -8.8686 20.0000
      vertex 15.0000 -8.4000 20.0000
    endloop
  endfacet
  facet normal -3.826834e-01 -9.238795e-01 0.000000e+00
    outer loop
      vertex 16.1314 -8.8686 0.0000
      vertex 15.0000 -8.4000 20.0000
      vertex 15.0000 -8.4000 0.0000
    endloop
  endfacet
  facet normal 3.826834e-01 -9.238795e-01 0.000000e+00
    outer loop
      vertex 15.0000 -8.4000 0.0000
      vertex 15.0000 -8.4000 20.0000
      vertex 13.8686 -8.8686 20.0000
    endloop
  endfacet
  facet normal 3.826834e-01 -9.238795e-01 0.000000e+00
    outer loop
      vertex 15.0000 -8.4000 0.0000
      vertex 13.8686 -8.8686 20.0000
      vertex 13.8686 -8.8686 0.0000
    endloop
  endfacet
  facet normal 9.238795e-01 -3.826834e-01 0.000000e+00
    outer loop
      vertex 13.8686 -8.8686 0.0000
      vertex 13.8686 -8.8686 20.0000
      vertex 13.4000 -10.0000 20.0000
    endloop
  endfacet
  facet normal 9.238795e-01 -3.826834e-01 0.000000e+00
    outer loop
      vertex 13.8686 -8.8686 0.0000
      vertex 13.4000 -10.0000 20.0000
      vertex 13.4000 -10.0000 0.0000
    endloop
  endfacet
  facet normal 9.238795e-01 3.826834e-01 -0.000000e+00
    outer loop
      vertex 13.4000 -10.0000 0.0000
      vertex 13.4000 -10.0000 20.0000
      vertex 13.8686 -11.1314 20.0000
    endloop
  endfacet
  facet normal 9.238795e-01 3.826834e-01 0.000000e+00
    outer loop
      vertex 13.4000 -10.0000 0.0000
      vertex 13.8686 -11.1314 20.0000
      vertex 13.8686 -11.1314 0.0000
    endloop
  endfacet
  facet normal 3.826834e-01 9.238795e-01 -0.000000e+00
    outer loop
      vertex 13.8686 -11.1314 0.0000
      vertex 13.8686 -11.1314 20.0000
      vertex 15.0000 -11.6000 20.0000
    endloop
  endfacet
  facet normal 3.826834e-01 9.238795e-01 0.000000e+00
    outer loop
      vertex 13.8686 -11.1314 0.0000
      vertex 15.0000 -11.6000 20.0000
      vertex 15.0000 -11.6000 0.0000
    endloop
  endfacet
  facet normal -3.826834e-01 9.238795e-01 0.000000e+00
    outer loop
      vertex 15.0000 -11.6000 0.0000
      vertex 15.0000 -11.6000 20.0000
      vertex 16.1314 -11.1314 20.0000
    endloop
  endfacet
  facet normal -3.826834e-01 9.238795e-01 0.000000e+00
    outer loop
      vertex 15.0000 -11.6000 0.0000
      vertex 16.1314 -11.1314 20.0000
      vertex 16.1314 -11.1314 0.0000
    endloop
  endfacet
  facet normal -9.238795e-01 3.826834e-01 0.000000e+00
    outer loop
      vertex 16.1314 -11.1314 0.0000
      vertex 16.1314 -11.1314 20.0000
      vertex 16.6000 -10.0000 20.0000
    endloop
  endfacet
  facet normal -9.238795e-01 3.826834e-01 0.000000e+00
    outer loop
      vertex 16.1314 -11.1314 0.0000
      vertex 16.6000 -10.0000 20.0000
      vertex 16.6000 -10.0000 0.0000
    endloop
  endfacet
  facet normal -9.238795e-01 -3.826834e-01 0.000000e+00
    outer loop
      vertex 16.6000 -5.0000 0.0000
      vertex 16.6000 -5.0000 20.0000
      vertex 16.1314 -3.8686 20.0000
    endloop
  endfacet
  facet normal -9.238795e-01 -3.826834e-01 0.000000e+00
    outer loop
      vertex 16.6000 -5.0000 0.0000
      vertex 16.1314 -3.8686 20.0000
      vertex 16.1314 -3.8686 0.0000
    endloop
  endfacet
  facet normal -3.826834e-01 -9.238795e-01 0.000000e+00
    outer loop
      vertex 16.1314 -3.8686 0.0000
      vertex 16.1314 -3.8686 20.0000
      vertex 15.0000 -3.4000 20.0000
    endloop
  endfacet
  facet normal -3.826834e-01 -9.238795e-01 0.000000e+00
    outer loop
      vertex 16.1314 -3.8686 0.0000
      vertex 15.0000 -3.4000 20.0000
      vertex 15.0000 -3.4000 0.0000
    endloop
  endfacet
  facet normal 3.826834e-01 -9.238795e-01 0.000000e+00
    outer loop
      vertex 15.0000 -3.4000 0.0000
      vertex 15.0000 -3.4000 20.0000
      vertex 13.8686 -3.8686 20.0000
    endloop
  endfacet
  facet normal 3.826834e-01 -9.238795e-01 0.000000e+00
    outer loop
      vertex 15.0000 -3.4000 0.0000
      vertex 13.8686 -3.8686 20.0000
      vertex 13.8686 -3.8686 0.0000
    endloop
  endfacet
  facet normal 9.238795e-01 -3.826834e-01 0.000000e+00
    outer loop
      vertex 13.8686 -3.8686 0.0000
      vertex 13.8686 -3.8686 20.0000
      vertex 13.4000 -5.0000 20.0000
    endloop
  endfacet
  facet normal 9.238795e-01 -3.826834e-01 0.000000e+00
    outer loop
      vertex 13.8686 -3.8686 0.0000
      vertex 13.4000 -5.0000 20.0000
      vertex 13.4000 -5.0000 0.0000
    endloop
  endfacet
  facet normal 9.238795e-01 3.826834e-01 -0.000000e+00
    outer loop
      vertex 13.4000 -5.0000 0.0000
      vertex 13.4000 -5.0000 20.0000
      vertex 13.8686 -6.1314 20.0000
    endloop
  endfacet
  facet normal 9.238795e-01 3.826834e-01 0.000000e+00
    outer loop
      vertex 13.4000 -5.0000 0.0000
      vertex 13.8686 -6.1314 20.0000
      vertex 13.8686 -6.1314 0.0000
    endloop
  endfacet
  facet normal 3.826834e-01 9.238795e-01 -0.000000e+00
    outer loop
      vertex 13.8686 -6.1314 0.0000
      vertex 13.8686 -6.1314 20.0000
      vertex 15.0000 -6.6000 20.0000
    endloop
  endfacet
  facet normal 3.826834e-01 9.238795e-01 0.000000e+00
    outer loop
      vertex 13.8686 -6.1314 0.0000
      vertex 15.0000 -6.6000 20.0000
      vertex 15.0000 -6.6000 0.0000
    endloop
  endfacet
  facet normal -3.826834e-01 9.238795e-01 0.000000e+00
    outer loop
      vertex 15.0000 -6.6000 0.0000
      vertex 15.0000 -6.6000 20.0000
      vertex 16.1314 -6.1314 20.0000
    endloop
  endfacet
  facet normal -3.826834e-01 9.238795e-01 0.000000e+00
    outer loop
      vertex 15.0000 -6.6000 0.0000
      vertex 16.1314 -6.1314 20.0000
      vertex 16.1314 -6.1314 0.0000
    endloop
  endfacet
  facet normal -9.238795e-01 3.826834e-01 0.000000e+00
    outer loop
      vertex 16.1314 -6.1314 0.0000
      vertex 16.1314 -6.1314 20.0000
      vertex 16.6000 -5.0000 20.0000
    endloop
  endfacet
  facet normal -9.238795e-01 3.826834e-01 0.000000e+00
    outer loop
      vertex 16.1314 -6.1314 0.0000
      vertex 16.6000 -5.0000 20.0000
      vertex 16.6000 -5.0000 0.0000
    endloop
  endfacet
  facet normal -9.238795e-01 -3.826834e-01 0.000000e+00
    outer loop
      vertex 16.6000 0.0000 0.0000
      vertex 16.6000 0.0000 20.0000
      vertex 16.1314 1.1314 20.0000
    endloop
  endfacet
  facet normal -9.238795e-01 -3.826834e-01 0.000000e+00
    outer loop
      vertex 16.6000 0.0000 0.0000
      vertex 16.1314 1.1314 20.0000
      vertex 16.1314 1.1314 0.0000
    endloop
  endfacet
  facet normal -3.826834e-01 -9.238795e-01 0.000000e+00
    outer loop
      vertex 16.1314 1.1314 0.0000
      vertex 16.1314 1.1314 20.0000
      vertex 15.0000 1.6000 20.0000
    endloop
  endfacet
  facet normal -3.826834e-01 -9.238795e-01 0.000000e+00
    outer loop
      vertex 16.1314 1.1314 0.0000
      vertex 15.0000 1.6000 20.0000
      vertex 15.0000 1.6000 0.0000
    endloop
  endfacet
  facet normal 3.826834e-01 -9.238795e-01 0.000000e+00
    outer loop
      vertex 15.0000 1.6000 0.0000
      vertex 15.0000 1.6000 20.0000
      vertex 13.8686 1.1314 20.0000
    endloop
  endfacet
  facet normal 3.826834e-01 -9.238795e-01 0.000000e+00
    outer loop
      vertex 15.0000 1.6000 0.0000
      vertex 13.8686 1.1314 20.0000
      vertex 13.8686 1.1314 0.0000
    endloop
  endfacet
  facet normal 9.238795e-01 -3.826834e-01 0.000000e+00
    outer loop
      vertex 13.8686 1.1314 0.0000
      vertex 13.8686 1.1314 20.0000
      vertex 13.4000 0.0000 20.0000
    endloop
  endfacet
  facet normal 9.238795e-01 -3.826834e-01 0.000000e+00
    outer loop
      vertex 13.8686 1.1314 0.0000
      vertex 13.4000 0.0000 20.0000
      vertex 13.4000 0.0000 0.0000
    endloop
  endfacet
  facet normal 9.238795e-01 3.826834e-01 -0.000000e+00
    outer loop
      vertex 13.4000 0.0000 0.0000
      vertex 13.4000 0.0000 20.0000
      vertex 13.8686 -1.1314 20.0000
    endloop
  endfacet
  facet normal 9.238795e-01 3.826834e-01 0.000000e+00
    outer loop
      vertex 13.4000 0.0000 0.0000
      vertex 13.8686 -1.1314 20.0000
      vertex 13.8686 -1.1314 0.0000
    endloop
  endfacet
  facet normal 3.826834e-01 9.238795e-01 -0.000000e+00
    outer loop
      vertex 13.8686 -1.1314 0.0000
      vertex 13.8686 -1.1314 20.0000
      vertex 15.0000 -1.6000 20.0000
    endloop
  endfacet
  facet normal 3.826834e-01 9.238795e-01 0.000000e+00
    outer loop
      vertex 13.8686 -1.1314 0.0000
      vertex 15.0000 -1.6000 20.0000
      vertex 15.0000 -1.6000 0.0000
    endloop
  endfacet
  facet normal -3.826834e-01 9.238795e-01 0.000000e+00
    outer loop
      vertex 15.0000 -1.6000 0.0000
      vertex 15.0000 -1.6000 20.0000
      vertex 16.1314 -1.1314 20.0000
    endloop
  endfacet
  facet normal -3.826834e-01 9.238795e-01 0.000000e+00
    outer loop
      vertex 15.0000 -1.6000 0.0000
      vertex 16.1314 -1.1314 20.0000
      vertex 16.1314 -1.1314 0.0000
    endloop
  endfacet
  facet normal -9.238795e-01 3.826834e-01 0.000000e+00
    outer loop
      vertex 16.1314 -1.1314 0.0000
      vertex 16.1314 -1.1314 20.0000
      vertex 16.6000 0.0000 20.0000
    endloop
  endfacet
  facet normal -9.238795e-01 3.826834e-01 0.000000e+00
    outer loop
      vertex 16.1314 -1.1314 0.0000
      vertex 16.6000 0.0000 20.0000
      vertex 16.6000 0.0000 0.0000
    endloop
  endfacet
  facet normal -9.238795e-01 -3.826834e-01 0.000000e+00
    outer loop
      vertex 16.6000 5.0000 0.0000
      vertex 16.6000 5.0000 20.0000
      vertex 16.1314 6.1314 20.0000
    endloop
  endfacet
  facet normal -9.238795e-01 -3.826834e-01 0.000000e+00
    outer loop
      vertex 16.6000 5.0000 0.0000
      vertex 16.1314 6.1314 20.0000
      vertex 16.1314 6.1314 0.0000
    endloop
  endfacet
  facet normal -3.826834e-01 -9.238795e-01 0.000000e+00
    outer loop
      vertex 16.1314 6.1314 0.0000
      vertex 16.1314 6.1314 20.0000
      vertex 15.0000 6.6000 20.0000
    endloop
  endfacet
  facet normal -3.826834e-01 -9.238795e-01 0.000000e+00
    outer loop
      vertex 16.1314 6.1314 0.0000
      vertex 15.0000 6.6000 20.0000
      vertex 15.0000 6.6000 0.0000
    endloop
  endfacet
  facet normal 3.826834e-01 -9.238795e-01 0.000000e+00
    outer loop
      vertex 15.0000 6.6000 0.0000
      vertex 15.0000 6.6000 20.0000
      vertex 13.8686 6.1314 20.0000
    endloop
  endfacet
  facet normal 3.826834e-01 -9.238795e-01 0.000000e+00
    outer loop
      vertex 15.0000 6.6000 0.0000
      vertex 13.8686 6.1314 20.0000
      vertex 13.8686 6.1314 0.0000
    endloop
  endfacet
  facet normal 9.238795e-01 -3.826834e-01 0.000000e+00
    outer loop
      vertex 13.8686 6.1314 0.0000
      vertex 13.8686 6.1314 20.0000
      vertex 13.4000 5.0000 20.0000
    endloop
  endfacet
  facet normal 9.238795e-01 -3.826834e-01 0.000000e+00
    outer loop
      vertex 13.8686 6.1314 0.0000
      vertex 13.4000 5.0000 20.0000
      vertex 13.4000 5.0000 0.0000
    endloop
  endfacet
  facet normal 9.238795e-01 3.826834e-01 -0.000000e+00
    outer loop
      vertex 13.4000 5.0000 0.0000
      vertex 13.4000 5.0000 20.0000
      vertex 13.8686 3.8686 20.0000
    endloop
  endfacet
  facet normal 9.238795e-01 3.826834e-01 0.000000e+00
    outer loop
      vertex 13.4000 5.0000 0.0000
      vertex 13.8686 3.8686 20.0000
      vertex 13.8686 3.8686 0.0000
    endloop
  endfacet
  facet normal 3.826834e-01 9.238795e-01 -0.000000e+00
    outer loop
      vertex 13.8686 3.8686 0.0000
      vertex 13.8686 3.8686 20.0000
      vertex 15.0000 3.4000 20.0000
    endloop
  endfacet
  facet normal 3.826834e-01 9.238795e-01 0.000000e+00
    outer loop
      vertex 13.8686 3.8686 0.0000
      vertex 15.0000 3.4000 20.0000
      vertex 15.0000 3.4000 0.0000
    endloop
  endfacet
  facet normal -3.826834e-01 9.238795e-01 0.000000e+00
    outer loop
      vertex 15.0000 3.4000 0.0000
      vertex 15.0000 3.4000 20.0000
      vertex 16.1314 3.8686 20.0000
    endloop
  endfacet
  facet normal -3.826834e-01 9.238795e-01 0.000000e+00
    outer loop
      vertex 15.0000 3.4000 0.0000
      vertex 16.1314 3.8686 20.0000
      vertex 16.1314 3.8686 0.0000
    endloop
  endfacet
  facet normal -9.238795e-01 3.826834e-01 0.000000e+00
    outer loop
      vertex 16.1314 3.8686 0.0000
      vertex 16.1314 3.8686 20.0000
      vertex 16.6000 5.0000 20.0000
    endloop
  endfacet
  facet normal -9.238795e-01 3.826834e-01 0.000000e+00
    outer loop
      vertex 16.1314 3.8686 0.0000
      vertex 16.6000 5.0000 20.0000
      vertex 16.6000 5.0000 0.0000
    endloop
  endfacet
  facet normal -9.238795e-01 -3.826834e-01 0.000000e+00
    outer loop
      vertex 16.6000 10.0000 0.0000
      vertex 16.6000 10.0000 20.0000
      vertex 16.1314 11.1314 20.0000
    endloop
  endfacet
  facet normal -9.238795e-01 -3.826834e-01 0.000000e+00
    outer loop
      vertex 16.6000 10.0000 0.0000
      vertex 16.1314 11.1314 20.0000
      vertex 16.1314 11.1314 0.0000
    endloop
  endfacet
  facet normal -3.826834e-01 -9.238795e-01 0.000000e+00
    outer loop
      vertex 16.1314 11.1314 0.0000
      vertex 16.1314 11.1314 20.0000
      vertex 15.0000 11.6000 20.0000
    endloop
  endfacet
  facet normal -3.826834e-01 -9.238795e-01 0.000000e+00
    outer loop
      vertex 16.1314 11.1314 0.0000
      vertex 15.0000 11.6000 20.0000
      vertex 15.0000 11.6000 0.0000
    endloop
  endfacet
  facet normal 3.826834e-01 -9.238795e-01 0.000000e+00
    outer loop
      vertex 15.0000 11.6000 0.0000
      vertex 15.0000 11.6000 20.0000
      vertex 13.8686 11.1314 20.0000
    endloop
  endfacet
  facet normal 3.826834e-01 -9.238795e-01 0.000000e+00
    outer loop
      vertex 15.0000 11.6000 0.0000
      vertex 13.8686 11.1314 20.0000
      vertex 13.8686 11.1314 0.0000
    endloop
  endfacet
  facet normal 9.238795e-01 -3.826834e-01 0.000000e+00
    outer loop
      vertex 13.8686 11.1314 0.0000
      vertex 13.8686 11.1314 20.0000
      vertex 13.4000 10.0000 20.0000
    endloop
  endfacet
  facet normal 9.238795e-01 -3.826834e-01 0.000000e+00
    outer loop
      vertex 13.8686 11.1314 0.0000
      vertex 13.4000 10.0000 20.0000
      vertex 13.4000 10.0000 0.0000
    endloop
  endfacet
  facet normal 9.238795e-01 3.826834e-01 -0.000000e+00
    outer loop
      vertex 13.4000 10.0000 0.0000
      vertex 13.4000 10.0000 20.0000
      vertex 13.8686 8.8686 20.0000
    endloop
  endfacet
  facet normal 9.238795e-01 3.826834e-01 0.000000e+00
    outer loop
      vertex 13.4000 10.0000 0.0000
      vertex 13.8686 8.8686 20.0000
      vertex 13.8686 8.8686 0.0000
    endloop
  endfacet
  facet normal 3.826834e-01 9.238795e-01 -0.000000e+00
    outer loop
      vertex 13.8686 8.8686 0.0000
      vertex 13.8686 8.8686 20.0000
      vertex 15.0000 8.4000 20.0000
    endloop
  endfacet
  facet normal 3.826834e-01 9.238795e-01 0.000000e+00
    outer loop
      vertex 13.8686 8.8686 0.0000
      vertex 15.0000 8.4000 20.0000
      vertex 15.0000 8.4000 0.0000
    endloop
  endfacet
  facet normal -3.826834e-01 9.238795e-01 0.000000e+00
    outer loop
      vertex 15.0000 8.4000 0.0000
      vertex 15.0000 8.4000 20.0000
      vertex 16.1314 8.8686 20.0000
    endloop
  endfacet
  facet normal -3.826834e-01 9.238795e-01 0.000000e+00
    outer loop
      vertex 15.0000 8.4000 0.0000
      vertex 16.1314 8.8686 20.0000
      vertex 16.1314 8.8686 0.0000
    endloop
  endfacet
  facet normal -9.238795e-01 3.826834e-01 0.000000e+00
    outer loop
      vertex 16.1314 8.8686 0.0000
      vertex 16.1314 8.8686 20.0000
      vertex 16.6000 10.0000 20.0000
    endloop
  endfacet
  facet normal -9.238795e-01 3.826834e-01 0.000000e+00
    outer loop
      vertex 16.1314 8.8686 0.0000
      vertex 16.6000 10.0000 20.0000
      vertex 16.6000 10.0000 0.0000
    endloop
  endfacet
  facet normal -9.238795e-01 -3.826834e-01 0.000000e+00
    outer loop
      vertex 16.6000 15.0000 0.0000
      vertex 16.6000 15.0000 20.0000
      vertex 16.1314 16.1314 20.0000
    endloop
  endfacet
  facet normal -9.238795e-01 -3.826834e-01 0.000000e+00
    outer loop
      vertex 16.6000 15.0000 0.0000
      vertex 16.1314 16.1314 20.0000
      vertex 16.1314 16.1314 0.0000
    endloop
  endfacet
  facet normal -3.826834e-01 -9.238795e-01 0.000000e+00
    outer loop
      vertex 16.1314 16.1314 0.0000
      vertex 16.1314 16.1314 20.0000
      vertex 15.0000 16.6000 20.0000
    endloop
  endfacet
  facet normal -3.826834e-01 -9.238795e-01 0.000000e+00
    outer loop
      vertex 16.1314 16.1314 0.0000
      vertex 15.0000 16.6000 20.0000
      vertex 15.0000 16.6000 0.0000
    endloop
  endfacet
  facet normal 3.826834e-01 -9.238795e-01 0.000000e+00
    outer loop
      vertex 15.0000 16.6000 0.0000
      vertex 15.0000 16.6000 20.0000
      vertex 13.8686 16.1314 20.0000
    endloop
  endfacet
  facet normal 3.826834e-01 -9.238795e-01 0.000000e+00
    outer loop
      vertex 15.0000 16.6000 0.0000
      vertex 13.8686 16.1314 20.0000
      vertex 13.8686 16.1314 0.0000
    endloop
  endfacet
  facet normal 9.238795e-01 -3.826834e-01 0.000000e+00
    outer loop
      vertex 13.8686 16.1314 0.0000
      vertex 13.8686 16.1314 20.0000
      vertex 13.4000 15.0000 20.0000
    endloop
  endfacet
  facet normal 9.238795e-01 -3.826834e-01 0.000000e+00
    outer loop
      vertex 13.8686 16.1314 0.0000
      vertex 13.4000 15.0000 20.0000
      vertex 13.4000 15.0000 0.0000
    endloop
  endfacet
  facet normal 9.238795e-01 3.826834e-01 -0.000000e+00
    outer loop
      vertex 13.4000 15.0000 0.0000
      vertex 13.4000 15.0000 20.0000
      vertex 13.8686 13.8686 20.0000
    endloop
  endfacet
  facet normal 9.238795e-01 3.826834e-01 0.000000e+00
    outer loop
      vertex 13.4000 15.0000 0.0000
      vertex 13.8686 13.8686 20.0000
      vertex 13.8686 13.8686 0.0000
    endloop
  endfacet
  facet normal 3.826834e-01 9.238795e-01 -0.000000e+00
    outer loop
      vertex 13.8686 13.8686 0.0000
      vertex 13.8686 13.8686 20.0000
      vertex 15.0000 13.4000 20.0000
    endloop
  endfacet
  facet normal 3.826834e-01 9.238795e-01 0.000000e+00
    outer loop
      vertex 13.8686 13.8686 0.0000
      vertex 15.0000 13.4000 20.0000
      vertex 15.0000 13.4000 0.0000
    endloop
  endfacet
  facet normal -3.826834e-01 9.238795e-01 0.000000e+00
    outer loop
      vertex 15.0000 13.4000 0.0000
      vertex 15.0000 13.4000 20.0000
      vertex 16.1314 13.8686 20.0000
    endloop
  endfacet
  facet normal -3.826834e-01 9.238795e-01 0.000000e+00
    outer loop
      vertex 15.0000 13.4000 0.0000
      vertex 16.1314 13.8686 20.0000
      vertex 16.1314 13.8686 0.0000
    endloop
  endfacet
  facet normal -9.238795e-01 3.826834e-01 0.000000e+00
    outer loop
      vertex 16.1314 13.8686 0.0000
      vertex 16.1314 13.8686 20.0000
      vertex 16.6000 15.0000 20.0000
    endloop
  endfacet
  facet normal -9.238795e-01 3.826834e-01 0.000000e+00
    outer loop
      vertex 16.1314 13.8686 0.0000
      vertex 16.6000 15.0000 20.0000
      vertex 16.6000 15.0000 0.0000
    endloop
  endfacet
  facet normal -9.238795e-01 -3.826834e-01 0.000000e+00
    outer loop
      vertex 16.6000 20.0000 0.0000
      vertex 16.6000 20.0000 20.0000
      vertex 16.1314 21.1314 20.0000
    endloop
  endfacet
  facet normal -9.238795e-01 -3.826834e-01 0.000000e+00
    outer loop
      vertex 16.6000 20.0000 0.0000
      vertex 16.1314 21.1314 20.0000
      vertex 16.1314 21.1314 0.0000
    endloop
  endfacet
  facet normal -3.826834e-01 -9.238795e-01 0.000000e+00
    outer loop
      vertex 16.1314 21.1314 0.0000
      vertex 16.1314 21.1314 20.0000
      vertex 15.0000 21.6000 20.0000
    endloop
  endfacet
  facet normal -3.826834e-01 -9.238795e-01 0.000000e+00
    outer loop
      vertex 16.1314 21.1314 0.0000
      vertex 15.0000 21.6000 20.0000
      vertex 15.0000 21.6000 0.0000
    endloop
  endfacet
  facet normal 3.826834e-01 -9.238795e-01 0.000000e+00
    outer loop
      vertex 15.0000 21.6000 0.0000
      vertex 15.0000 21.6000 20.0000
      vertex 13.8686 21.1314 20.0000
    endloop
  endfacet
  facet normal 3.826834e-01 -9.238795e-01 0.000000e+00
    outer loop
      vertex 15.0000 21.6000 0.0000
      vertex 13.8686 21.1314 20.0000
      vertex 13.8686 21.1314 0.0000
    endloop
  endfacet
  facet normal 9.238795e-01 -3.826834e-01 0.000000e+00
    outer loop
      vertex 13.8686 21.1314 0.0000
      vertex 13.8686 21.1314 20.0000
      vertex 13.4000 20.0000 20.0000
    endloop
  endfacet
  facet normal 9.238795e-01 -3.826834e-01 0.000000e+00
    outer loop
      vertex 13.8686 21.1314 0.0000
      vertex 13.4000 20.0000 20.0000
      vertex 13.4000 20.0000 0.0000
    endloop
  endfacet
  facet normal 9.238795e-01 3.826834e-01 -0.000000e+00
    outer loop
      vertex 13.4000 20.0000 0.0000
      vertex 13.4000 20.0000 20.0000
      vertex 13.8686 18.8686 20.0000
    endloop
  endfacet
  facet normal 9.238795e-01 3.826834e-01 0.000000e+00
    outer loop
      vertex 13.4000 20.0000 0.0000
      vertex 13.8686 18.8686 20.0000
      vertex 13.8686 18.8686 0.0000
    endloop
  endfacet
  facet normal 3.826834e-01 9.238795e-01 -0.000000e+00
    outer loop
      vertex 13.8686 18.8686 0.0000
      vertex 13.8686 18.8686 20.0000
      vertex 15.0000 18.4000 20.0000
    endloop
  endfacet
  facet normal 3.826834e-01 9.238795e-01 0.000000e+00
    outer loop
      vertex 13.8686 18.8686 0.0000
      vertex 15.0000 18.4000 20.0000
      vertex 15.0000 18.4000 0.0000
    endloop
  endfacet
  facet normal -3.826834e-01 9.238795e-01 0.000000e+00
    outer loop
      vertex 15.0000 18.4000 0.0000
      vertex 15.0000 18.4000 20.0000
      vertex 16.1314 18.8686 20.0000
    endloop
  endfacet
  facet normal -3.826834e-01 9.238795e-01 0.000000e+00
    outer loop
      vertex 15.0000 18.4000 0.0000
      vertex 16.1314 18.8686 20.0000
      vertex 16.1314 18.8686 0.0000
    endloop
  endfacet
  facet normal -9.238795e-01 3.826834e-01 0.000000e+00
    outer loop
      vertex 16.1314 18.8686 0.0000
      vertex 16.1314 18.8686 20.0000
      vertex 16.6000 20.0000 20.0000
    endloop
  endfacet
  facet normal -9.238795e-01 3.826834e-01 0.000000e+00
    outer loop
      vertex 16.1314 18.8686 0.0000
      vertex 16.6000 20.0000 20.0000
      vertex 16.6000 20.0000 0.0000
    endloop
  endfacet
  facet normal -9.238795e-01 -3.826834e-01 0.000000e+00
    outer loop
      vertex 16.6000 25.0000 0.0000
      vertex 16.6000 25.0000 20.0000
      vertex 16.1314 26.1314 20.0000
    endloop
  endfacet
  facet normal -9.238795e-01 -3.826834e-01 0.000000e+00
    outer loop
      vertex 16.6000 25.0000 0.0000
      vertex 16.1314 26.1314 20.0000
      vertex 16.1314 26.1314 0.0000
    endloop
  endfacet
  facet normal -3.826834e-01 -9.238795e-01 0.000000e+00
    outer loop
      vertex 16.1314 26.1314 0.0000
      vertex 16.1314 26.1314 20.0000
      vertex 15.0000 26.6000 20.0000
    endloop
  endfacet
  facet normal -3.826834e-01 -9.238795e-01 0.000000e+00
    outer loop
      vertex 16.1314 26.1314 0.0000
      vertex 15.0000 26.6000 20.0000
      vertex 15.0000 26.6000 0.0000
    endloop
  endfacet
  facet normal 3.826834e-01 -9.238795e-01 0.000000e+00
    outer loop
      vertex 15.0000 26.6000 0.0000
      vertex 15.0000 26.6000 20.0000
      vertex 13.8686 26.1314 20.0000
    endloop
  endfacet
  facet normal 3.826834e-01 -9.238795e-01 0.000000e+00
    outer loop
      vertex 15.0000 26.6000 0.0000
      vertex 13.8686 26.1314 20.0000
      vertex 13.8686 26.1314 0.0000
    endloop
  endfacet
  facet normal 9.238795e-01 -3.826834e-01 0.000000e+00
    outer loop
      vertex 13.8686 26.1314 0.0000
      vertex 13.8686 26.1314 20.0000
      vertex 13.4000 25.0000 20.0000
    endloop
  endfacet
  facet normal 9.238795e-01 -3.826834e-01 0.000000e+00
    outer loop
      vertex 13.8686 26.1314 0.0000
      vertex 13.4000 25.0000 20.0000
      vertex 13.4000 25.0000 0.0000
    endloop
  endfacet
  facet normal 9.238795e-01 3.826834e-01 -0.000000e+00
    outer loop
      vertex 13.4000 25.0000 0.0000
      vertex 13.4000 25.0000 20.0000
      vertex 13.8686 23.8686 20.0000
    endloop
  endfacet
  facet normal 9.238795e-01 3.826834e-01 0.000000e+00
    outer loop
      vertex 13.4000 25.0000 0.0000
      vertex 13.8686 23.8686 20.0000
      vertex 13.8686 23.8686 0.0000
    endloop
  endfacet
  facet normal 3.826834e-01 9.238795e-01 -0.000000e+00
    outer loop
      vertex 13.8686 23.8686 0.0000
      vertex 13.8686 23.8686 20.0000
      vertex 15.0000 23.4000 20.0000
    endloop
  endfacet
  facet normal 3.826834e-01 9.238795e-01 0.000000e+00
    outer loop
      vertex 13.8686 23.8686 0.0000
      vertex 15.0000 23.4000 20.0000
      vertex 15.0000 23.4000 0.0000
    endloop
  endfacet
  facet normal -3.826834e-01 9.238795e-01 0.000000e+00
    outer loop
      vertex 15.0000 23.4000 0.0000
      vertex 15.0000 23.4000 20.0000
      vertex 16.1314 23.8686 20.0000
    endloop
  endfacet
  facet normal -3.826834e-01 9.238795e-01 0.000000e+00
    outer loop
      vertex 15.0000 23.4000 0.0000
      vertex 16.1314 23.8686 20.0000
      vertex 16.1314 23.8686 0.0000
    endloop
  endfacet
  facet normal -9.238795e-01 3.826834e-01 0.000000e+00
    outer loop
      vertex 16.1314 23.8686 0.0000
      vertex 16.1314 23.8686 20.0000
      vertex 16.6000 25.0000 20.0000
    endloop
  endfacet
  facet normal -9.238795e-01 3.826834e-01 0.000000e+00
    outer loop
      vertex 16.1314 23.8686 0.0000
      vertex 16.6000 25.0000 20.0000
      vertex 16.6000 25.0000 0.0000
    endloop
  endfacet
  facet normal -9.238795e-01 -3.826834e-01 0.000000e+00
    outer loop
      vertex 16.6000 30.0000 0.0000
      vertex 16.6000 30.0000 20.0000
      vertex 16.1314 31.1314 20.0000
    endloop
  endfacet
  facet normal -9.238795e-01 -3.826834e-01 0.000000e+00
    outer loop
      vertex 16.6000 30.0000 0.0000
      vertex 16.1314 31.1314 20.0000
      vertex 16.1314 31.1314 0.0000
    endloop
  endfacet
  facet normal -3.826834e-01 -9.238795e-01 0.000000e+00
    outer loop
      vertex 16.1314 31.1314 0.0000
      vertex 16.1314 31.1314 20.0000
      vertex 15.0000 31.6000 20.0000
    endloop
  endfacet
  facet normal -3.826834e-01 -9.238795e-01 0.000000e+00
    outer loop
      vertex 16.1314 31.1314 0.0000
      vertex 15.0000 31.6000 20.0000
      vertex 15.0000 31.6000 0.0000
    endloop
  endfacet
  facet normal 3.826834e-01 -9.238795e-01 0.000000e+00
    outer loop
      vertex 15.0000 31.6000 0.0000
      vertex 15.0000 31.6000 20.0000
      vertex 13.8686 31.1314 20.0000
    endloop
  endfacet
  facet normal 3.826834e-01 -9.238795e-01 0.000000e+00
    outer loop
      vertex 15.0000 31.6000 0.0000
      vertex 13.8686 31.1314 20.0000
      vertex 13.8686 31.1314 0.0000
    endloop
  endfacet
  facet normal 9.238795e-01 -3.826834e-01 0.000000e+00
    outer loop
      vertex 13.8686 31.1314 0.0000
      vertex 13.8686 31.1314 20.0000
      vertex 13.4000 30.0000 20.0000
    endloop
  endfacet
  facet normal 9.238795e-01 -3.826834e-01 0.000000e+00
    outer loop
      vertex 13.8686 31.1314 0.0000
      vertex 13.4000 30.0000 20.0000
      vertex 13.4000 30.0000 0.0000
    endloop
  endfacet
  facet normal 9.238795e-01 3.826834e-01 -0.000000e+00
    outer loop
      vertex 13.4000 30.0000 0.0000
      vertex 13.4000 30.0000 20.0000
      vertex 13.8686 28.8686 20.0000
    endloop
  endfacet
  facet normal 9.238795e-01 3.826834e-01 0.000000e+00
    outer loop
      vertex 13.4000 30.0000 0.0000
      vertex 13.8686 28.8686 20.0000
      vertex 13.8686 28.8686 0.0000
    endloop
  endfacet
  facet normal 3.826834e-01 9.238795e-01 -0.000000e+00
    outer loop
      vertex 13.8686 28.8686 0.0000
      vertex 13.8686 28.8686 20.0000
      vertex 15.0000 28.4000 20.0000
    endloop
  endfacet
  facet normal 3.826834e-01 9.238795e-01 0.000000e+00
    outer loop
      vertex 13.8686 28.8686 0.0000
      vertex 15.0000 28.4000 20.0000
      vertex 15.0000 28.4000 0.0000
    endloop
  endfacet
  facet normal -3.826834e-01 9.238795e-01 0.000000e+00
    outer loop
      vertex 15.0000 28.4000 0.0000
      vertex 15.0000 28.4000 20.0000
      vertex 16.1314 28.8686 20.0000
    endloop
  endfacet
  facet normal -3.826834e-01 9.238795e-01 0.000000e+00
    outer loop
      vertex 15.0000 28.4000 0.0000
      vertex 16.1314 28.8686 20.0000
      vertex 16.1314 28.8686 0.0000
    endloop
  endfacet
  facet normal -9.238795e-01 3.826834e-01 0.000000e+00
    outer loop
      vertex 16.1314 28.8686 0.0000
      vertex 16.1314 28.8686 20.0000
      vertex 16.6000 30.0000 20.0000
    endloop
  endfacet
  facet normal -9.238795e-01 3.826834e-01 0.000000e+00
    outer loop
      vertex 16.1314 28.8686 0.0000
      vertex 16.6000 30.0000 20.0000
      vertex 16.6000 30.0000 0.0000
    endloop
  endfacet
  facet normal -9.238795e-01 -3.826834e-01 0.000000e+00
    outer loop
      vertex 21.6000 -30.0000 0.0000
      vertex 21.6000 -30.0000 20.0000
      vertex 21.1314 -28.8686 20.0000
    endloop
  endfacet
  facet normal -9.238795e-01 -3.826834e-01 0.000000e+00
    outer loop
      vertex 21.6000 -30.0000 0.0000
      vertex 21.1314 -28.8686 20.0000
      vertex 21.1314 -28.8686 0.0000
    endloop
  endfacet
  facet normal -3.826834e-01 -9.238795e-01 0.000000e+00
    outer loop
      vertex 21.1314 -28.8686 0.0000
      vertex 21.1314 -28.8686 20.0000
      vertex 20.0000 -28.4000 20.0000
    endloop
  endfacet
  facet normal -3.826834e-01 -9.238795e-01 0.000000e+00
    outer loop
      vertex 21.1314 -28.8686 0.0000
      vertex 20.0000 -28.4000 20.0000
      vertex 20.0000 -28.4000 0.0000
    endloop
  endfacet
  facet normal 3.826834e-01 -9.238795e-01 0.000000e+00
    outer loop
      vertex 20.0000 -28.4000 0.0000
      vertex 20.0000 -28.4000 20.0000
      vertex 18.8686 -28.8686 20.0000
    endloop
  endfacet
  facet normal 3.826834e-01 -9.238795e-01 0.000000e+00
    outer loop
      vertex 20.0000 -28.4000 0.0000
      vertex 18.8686 -28.8686 20.0000
      vertex 18.8686 -28.8686 0.0000
    endloop
  endfacet
  facet normal 9.238795e-01 -3.826834e-01 0.000000e+00
    outer loop
      vertex 18.8686 -28.8686 0.0000
      vertex 18.8686 -28.8686 20.0000
      vertex 18.4000 -30.0000 20.0000
    endloop
  endfacet
  facet normal 9.238795e-01 -3.826834e-01 0.000000e+00
    outer loop
      vertex 18.8686 -28.8686 0.0000
      vertex 18.4000 -30.0000 20.0000
      vertex 18.4000 -30.0000 0.0000
    endloop
  endfacet
  facet normal 9.238795e-01 3.826834e-01 -0.000000e+00
    outer loop
      vertex 18.4000 -30.0000 0.0000
      vertex 18.4000 -30.0000 20.0000
      vertex 18.8686 -31.1314 20.0000
    endloop
  endfacet
  facet normal 9.238795e-01 3.826834e-01 0.000000e+00
    outer loop
      vertex 18.4000 -30.0000 0.0000
      vertex 18.8686 -31.1314 20.0000
      vertex 18.8686 -31.1314 0.0000
    endloop
  endfacet
  facet normal 3.826834e-01 9.238795e-01 -0.000000e+00
    outer loop
      vertex 18.8686 -31.1314 0.0000
      vertex 18.8686 -31.1314 20.0000
      vertex 20.0000 -31.6000 20.0000
    endloop
  endfacet
  facet normal 3.826834e-01 9.238795e-01 0.000000e+00
    outer loop
      vertex 18.8686 -31.1314 0.0000
      vertex 20.0000 -31.6000 20.0000
      vertex 20.0000 -31.6000 0.0000
    endloop
  endfacet
  facet normal -3.826834e-01 9.238795e-01 0.000000e+00
    outer loop
      vertex 20.0000 -31.6000 0.0000
      vertex 20.0000 -31.6000 20.0000
      vertex 21.1314 -31.1314 20.0000
    endloop
  endfacet
  facet normal -3.826834e-01 9.238795e-01 0.000000e+00
    outer loop
      vertex 20.0000 -31.6000 0.0000
      vertex 21.1314 -31.1314 20.0000
      vertex 21.1314 -31.1314 0.0000
    endloop
  endfacet
  facet normal -9.238795e-01 3.826834e-01 0.000000e+00
    outer loop
      vertex 21.1314 -31.1314 0.0000
      vertex 21.1314 -31.1314 20.0000
      vertex 21.6000 -30.0000 20.0000
    endloop
  endfacet
  facet normal -9.238795e-01 3.826834e-01 0.000000e+00
    outer loop
      vertex 21.1314 -31.1314 0.0000
      vertex 21.6000 -30.0000 20.0000
      vertex 21.6000 -30.0000 0.0000
    endloop
  endfacet
  facet normal -9.238795e-01 -3.826834e-01 0.000000e+00
    outer loop
      vertex 21.6000 -25.0000 0.0000
      vertex 21.6000 -25.0000 20.0000
      vertex 21.1314 -23.8686 20.0000
    endloop
  endfacet
  facet normal -9.238795e-01 -3.826834e-01 0.000000e+00
    outer loop
      vertex 21.6000 -25.0000 0.0000
      vertex 21.1314 -23.8686 20.0000
      vertex 21.1314 -23.8686 0.0000
    endloop
  endfacet
  facet normal -3.826834e-01 -9.238795e-01 0.000000e+00
    outer loop
      vertex 21.1314 -23.8686 0.0000
      vertex 21.1314 -23.8686 20.0000
      vertex 20.0000 -23.4000 20.0000
    endloop
  endfacet
  facet normal -3.826834e-01 -9.238795e-01 0.000000e+00
    outer loop
      vertex 21.1314 -23.8686 0.0000
      vertex 20.0000 -23.4000 20.0000
      vertex 20.0000 -23.4000 0.0000
    endloop
  endfacet
  facet normal 3.826834e-01 -9.238795e-01 0.000000e+00
    outer loop
      vertex 20.0000 -23.4000 0.0000
      vertex 20.0000 -23.4000 20.0000
      vertex 18.8686 -23.8686 20.0000
    endloop
  endfacet
  facet normal 3.826834e-01 -9.238795e-01 0.000000e+00
    outer loop
      vertex 20.0000 -23.4000 0.0000
      vertex 18.8686 -23.8686 20.0000
      vertex 18.8686 -23.8686 0.0000
    endloop
  endfacet
  facet normal 9.238795e-01 -3.826834e-01 0.000000e+00
    outer loop
      vertex 18.8686 -23.8686 0.0000
      vertex 18.8686 -23.8686 20.0000
      vertex 18.4000 -25.0000 20.0000
    endloop
  endfacet
  facet normal 9.238795e-01 -3.826834e-01 0.000000e+00
    outer loop
      vertex 18.8686 -23.8686 0.0000
      vertex 18.4000 -25.0000 20.0000
      vertex 18.4000 -25.0000 0.0000
    endloop
  endfacet
  facet normal 9.238795e-01 3.826834e-01 -0.000000e+00
    outer loop
      vertex 18.4000 -25.0000 0.0000
      vertex 18.4000 -25.0000 20.0000
      vertex 18.8686 -26.1314 20.0000
    endloop
  endfacet
  facet normal 9.238795e-01 3.826834e-01 0.000000e+00
    outer loop
      vertex 18.4000 -25.0000 0.0000
      vertex 18.8686 -26.1314 20.0000
      vertex 18.8686 -26.1314 0.0000
    endloop
  endfacet
  facet normal 3.826834e-01 9.238795e-01 -0.000000e+00
    outer loop
      vertex 18.8686 -26.1314 0.0000
      vertex 18.8686 -26.1314 20.0000
      vertex 20.0000 -26.6000 20.0000
    endloop
  endfacet
  facet normal 3.826834e-01 9.238795e-01 0.000000e+00
    outer loop
      vertex 18.8686 -26.1314 0.0000
      vertex 20.0000 -26.6000 20.0000
      vertex 20.0000 -26.6000 0.0000
    endloop
  endfacet
  facet normal -3.826834e-01 9.238795e-01 0.000000e+00
    outer loop
      vertex 20.0000 -26.6000 0.0000
      vertex 20.0000 -26.6000 20.0000
      vertex 21.1314 -26.1314 20.0000
    endloop
  endfacet
  facet normal -3.826834e-01 9.238795e-01 0.000000e+00
    outer loop
      vertex 20.0000 -26.6000 0.0000
      vertex 21.1314 -26.1314 20.0000
      vertex 21.1314 -26.1314 0.0000
    endloop
  endfacet
  facet normal -9.238795e-01 3.826834e-01 0.000000e+00
    outer loop
      vertex 21.1314 -26.1314 0.0000
      vertex 21.1314 -26.1314 20.0000
      vertex 21.6000 -25.0000 20.0000
    endloop
  endfacet
  facet normal -9.238795e-01 3.826834e-01 0.000000e+00
    outer loop
      vertex 21.1314 -26.1314 0.0000
      vertex 21.6000 -25.0000 20.0000
      vertex 21.6000 -25.0000 0.0000
    endloop
  endfacet
  facet normal -9.238795e-01 -3.826834e-01 0.000000e+00
    outer loop
      vertex 21.6000 -20.0000 0.0000
      vertex 21.6000 -20.0000 20.0000
      vertex 21.1314 -18.8686 20.0000
    endloop
  endfacet
  facet normal -9.238795e-01 -3.826834e-01 0.000000e+00
    outer loop
      vertex 21.6000 -20.0000 0.0000
      vertex 21.1314 -18.8686 20.0000
      vertex 21.1314 -18.8686 0.0000
    endloop
  endfacet
  facet normal -3.826834e-01 -9.238795e-01 0.000000e+00
    outer loop
      vertex 21.1314 -18.8686 0.0000
      vertex 21.1314 -18.8686 20.0000
      vertex 20.0000 -18.4000 20.0000
    endloop
  endfacet
  facet normal -3.826834e-01 -9.238795e-01 0.000000e+00
    outer loop
      vertex 21.1314 -18.8686 0.0000
      vertex 20.0000 -18.4000 20.0000
      vertex 20.0000 -18.4000 0.0000
    endloop
  endfacet
  facet normal 3.826834e-01 -9.238795e-01 0.000000e+00
    outer loop
      vertex 20.0000 -18.4000 0.0000
      vertex 20.0000 -18.4000 20.0000
      vertex 18.8686 -18.8686 20.0000
    endloop
  endfacet
  facet normal 3.826834e-01 -9.238795e-01 0.000000e+00
    outer loop
      vertex 20.0000 -18.4000 0.0000
      vertex 18.8686 -18.8686 20.0000
      vertex 18.8686 -18.8686 0.0000
    endloop
  endfacet
  facet normal 9.238795e-01 -3.826834e-01 0.000000e+00
    outer loop
      vertex 18.8686 -18.8686 0.0000
      vertex 18.8686 -18.8686 20.0000
      vertex 18.4000 -20.0000 20.0000
    endloop
  endfacet
  facet normal 9.238795e-01 -3.826834e-01 0.000000e+00
    outer loop
      vertex 18.8686 -18.8686 0.0000
      vertex 18.4000 -20.0000 20.0000
      vertex 18.4000 -20.0000 0.0000
    endloop
  endfacet
  facet normal 9.238795e-01 3.826834e-01 -0.000000e+00
    outer loop
      vertex 18.4000 -20.0000 0.0000
      vertex 18.4000 -20.0000 20.0000
      vertex 18.8686 -21.1314 20.0000
    endloop
  endfacet
  facet normal 9.238795e-01 3.826834e-01 0.000000e+00
    outer loop
      vertex 18.4000 -20.0000 0.0000
      vertex 18.8686 -21.1314 20.0000
      vertex 18.8686 -21.1314 0.0000
    endloop
  endfacet
  facet normal 3.826834e-01 9.238795e-01 -0.000000e+00
    outer loop
      vertex 18.8686 -21.1314 0.0000
      vertex 18.8686 -21.1314 20.0000
      vertex 20.0000 -21.6000 20.0000
    endloop
  endfacet
  facet normal 3.826834e-01 9.238795e-01 0.000000e+00
    outer loop
      vertex 18.8686 -21.1314 0.0000
      vertex 20.0000 -21.6000 20.0000
      vertex 20.0000 -21.6000 0.0000
    endloop
  endfacet
  facet normal -3.826834e-01 9.238795e-01 0.000000e+00
    outer loop
      vertex 20.0000 -21.6000 0.0000
      vertex 20.0000 -21.6000 20.0000
      vertex 21.1314 -21.1314 20.0000
    endloop
  endfacet
  facet normal -3.826834e-01 9.238795e-01 0.000000e+00
    outer loop
      vertex 20.0000 -21.6000 0.0000
      vertex 21.1314 -21.1314 20.0000
      vertex 21.1314 -21.1314 0.0000
    endloop
  endfacet
  facet normal -9.238795e-01 3.826834e-01 0.000000e+00
    outer loop
      vertex 21.1314 -21.1314 0.0000
      vertex 21.1314 -21.1314 20.0000
      vertex 21.6000 -20.0000 20.0000
    endloop
  endfacet
  facet normal -9.238795e-01 3.826834e-01 0.000000e+00
    outer loop
      vertex 21.1314 -21.1314 0.0000
      vertex 21.6000 -20.0000 20.0000
      vertex 21.6000 -20.0000 0.0000
    endloop
  endfacet
  facet normal -9.238795e-01 -3.826834e-01 0.000000e+00
    outer loop
      vertex 21.6000 -15.0000 0.0000
      vertex 21.6000 -15.0000 20.0000
      vertex 21.1314 -13.8686 20.0000
    endloop
  endfacet
  facet normal -9.238795e-01 -3.826834e-01 0.000000e+00
    outer loop
      vertex 21.6000 -15.0000 0.0000
      vertex 21.1314 -13.8686 20.0000
      vertex 21.1314 -13.8686 0.0000
    endloop
  endfacet
  facet normal -3.826834e-01 -9.238795e-01 0.000000e+00
    outer loop
      vertex 21.1314 -13.8686 0.0000
      vertex 21.1314 -13.8686 20.0000
      vertex 20.0000 -13.4000 20.0000
    endloop
  endfacet
  facet normal -3.826834e-01 -9.238795e-01 0.000000e+00
    outer loop
      vertex 21.1314 -13.8686 0.0000
      vertex 20.0000 -13.4000 20.0000
      vertex 20.0000 -13.4000 0.0000
    endloop
  endfacet
  facet normal 3.826834e-01 -9.238795e-01 0.000000e+00
    outer loop
      vertex 20.0000 -13.4000 0.0000
      vertex 20.0000 -13.4000 20.0000
      vertex 18.8686 -13.8686 20.0000
    endloop
  endfacet
  facet normal 3.826834e-01 -9.238795e-01 0.000000e+00
    outer loop
      vertex 20.0000 -13.4000 0.0000
      vertex 18.8686 -13.8686 20.0000
      vertex 18.8686 -13.8686 0.0000
    endloop
  endfacet
  facet normal 9.238795e-01 -3.826834e-01 0.000000e+00
    outer loop
      vertex 18.8686 -13.8686 0.0000
      vertex 18.8686 -13.8686 20.0000
      vertex 18.4000 -15.0000 20.0000
    endloop
  endfacet
  facet normal 9.238795e-01 -3.826834e-01 0.000000e+00
    outer loop
      vertex 18.8686 -13.8686 0.0000
      vertex 18.4000 -15.0000 20.0000
      vertex 18.4000 -15.0000 0.0000
    endloop
  endfacet
  facet normal 9.238795e-01 3.826834e-01 -0.000000e+00
    outer loop
      vertex 18.4000 -15.0000 0.0000
      vertex 18.4000 -15.0000 20.0000
      vertex 18.8686 -16.1314 20.0000
    endloop
  endfacet
  facet normal 9.238795e-01 3.826834e-01 0.000000e+00
    outer loop
      vertex 18.4000 -15.0000 0.0000
      vertex 18.8686 -16.1314 20.0000
      vertex 18.8686 -16.1314 0.0000
    endloop
  endfacet
  facet normal 3.826834e-01 9.238795e-01 -0.000000e+00
    outer loop
      vertex 18.8686 -16.1314 0.0000
      vertex 18.8686 -16.1314 20.0000
      vertex 20.0000 -16.6000 20.0000
    endloop
  endfacet
  facet normal 3.826834e-01 9.238795e-01 0.000000e+00
    outer loop
      vertex 18.8686 -16.1314 0.0000
      vertex 20.0000 -16.6000 20.0000
      vertex 20.0000 -16.6000 0.0000
    endloop
  endfacet
  facet normal -3.826834e-01 9.238795e-01 0.000000e+00
    outer loop
      vertex 20.0000 -16.6000 0.0000
      vertex 20.0000 -16.6000 20.0000
      vertex 21.1314 -16.1314 20.0000
    endloop
  endfacet
  facet normal -3.826834e-01 9.238795e-01 0.000000e+00
    outer loop
      vertex 20.0000 -16.6000 0.0000
      vertex 21.1314 -16.1314 20.0000
      vertex 21.1314 -16.1314 0.0000
    endloop
  endfacet
  facet normal -9.238795e-01 3.826834e-01 0.000000e+00
    outer loop
      vertex 21.1314 -16.1314 0.0000
      vertex 21.1314 -16.1314 20.0000
      vertex 21.6000 -15.0000 20.0000
    endloop
  endfacet
  facet normal -9.238795e-01 3.826834e-01 0.000000e+00
    outer loop
      vertex 21.1314 -16.1314 0.0000
      vertex 21.6000 -15.0000 20.0000
      vertex 21.6000 -15.0000 0.0000
    endloop
  endfacet
  facet normal -9.238795e-01 -3.826834e-01 0.000000e+00
    outer loop
      vertex 21.6000 -10.0000 0.0000
      vertex 21.6000 -10.0000 20.0000
      vertex 21.1314 -8.8686 20.0000
    endloop
  endfacet
  facet normal -9.238795e-01 -3.826834e-01 0.000000e+00
    outer loop
      vertex 21.6000 -10.0000 0.0000
      vertex 21.1314 -8.8686 20.0000
      vertex 21.1314 -8.8686 0.0000
    endloop
  endfacet
  facet normal -3.826834e-01 -9.238795e-01 0.000000e+00
    outer loop
      vertex 21.1314 -8.8686 0.0000
      vertex 21.1314 -8.8686 20.0000
      vertex 20.0000 -8.4000 20.0000
    endloop
  endfacet
  facet normal -3.826834e-01 -9.238795e-01 0.000000e+00
    outer loop
      vertex 21.1314 -8.8686 0.0000
      vertex 20.0000 -8.4000 20.0000
      vertex 20.0000 -8.4000 0.0000
    endloop
  endfacet
  facet normal 3.826834e-01 -9.238795e-01 0.000000e+00
    outer loop
      vertex 20.0000 -8.4000 0.0000
      vertex 20.0000 -8.4000 20.0000
      vertex 18.8686 -8.8686 20.0000
    endloop
  endfacet
  facet normal 3.826834e-01 -9.238795e-01 0.000000e+00
    outer loop
      vertex 20.0000 -8.4000 0.0000
      vertex 18.8686 -8.8686 20.0000
      vertex 18.8686 -8.8686 0.0000
    endloop
  endfacet
  facet normal 9.238795e-01 -3.826834e-01 0.000000e+00
    outer loop
      vertex 18.8686 -8.8686 0.0000
      vertex 18.8686 -8.8686 20.0000
      vertex 18.4000 -10.0000 20.0000
    endloop
  endfacet
  facet normal 9.238795e-01 -3.826834e-01 0.000000e+00
    outer loop
      vertex 18.8686 -8.8686 0.0000
      vertex 18.4000 -10.0000 20.0000
      vertex 18.4000 -10.0000 0.0000
    endloop
  endfacet
  facet normal 9.238795e-01 3.826834e-01 -0.000000e+00
    outer loop
      vertex 18.4000 -10.0000 0.0000
      vertex 18.4000 -10.0000 20.0000
      vertex 18.8686 -11.1314 20.0000
    endloop
  endfacet
  facet normal 9.238795e-01 3.826834e-01 0.000000e+00
    outer loop
      vertex 18.4000 -10.0000 0.0000
      vertex 18.8686 -11.1314 20.0000
      vertex 18.8686 -11.1314 0.0000
    endloop
  endfacet
  facet normal 3.826834e-01 9.238795e-01 -0.000000e+00
    outer loop
      vertex 18.8686 -11.1314 0.0000
      vertex 18.8686 -11.1314 20.0000
      vertex 20.0000 -11.6000 20.0000
    endloop
  endfacet
  facet normal 3.826834e-01 9.238795e-01 0.000000e+00
    outer loop
      vertex 18.8686 -11.1314 0.0000
      vertex 20.0000 -11.6000 20.0000
      vertex 20.0000 -11.6000 0.0000
    endloop
  endfacet
  facet normal -3.826834e-01 9.238795e-01 0.000000e+00
    outer loop
      vertex 20.0000 -11.6000 0.0000
      vertex 20.0000 -11.6000 20.0000
      vertex 21.1314 -11.1314 20.0000
    endloop
  endfacet
  facet normal -3.826834e-01 9.238795e-01 0.000000e+00
    outer loop
      vertex 20.0000 -11.6000 0.0000
      vertex 21.1314 -11.1314 20.0000
      vertex 21.1314 -11.1314 0.0000
    endloop
  endfacet
  facet normal -9.238795e-01 3.826834e-01 0.000000e+00
    outer loop
      vertex 21.1314 -11.1314 0.0000
      vertex 21.1314 -11.1314 20.0000
      vertex 21.6000 -10.0000 20.0000
    endloop
  endfacet
  facet normal -9.238795e-01 3.826834e-01 0.000000e+00
    outer loop
      vertex 21.1314 -11.1314 0.0000
      vertex 21.6000 -10.0000 20.0000
      vertex 21.6000 -10.0000 0.0000
    endloop
  endfacet
  facet normal -9.238795e-01 -3.826834e-01 0.000000e+00
    outer loop
      vertex 21.6000 -5.0000 0.0000
      vertex 21.6000 -5.0000 20.0000
      vertex 21.1314 -3.8686 20.0000
    endloop
  endfacet
  facet normal -9.238795e-01 -3.826834e-01 0.000000e+00
    outer loop
      vertex 21.6000 -5.0000 0.0000
      vertex 21.1314 -3.8686 20.0000
      vertex 21.1314 -3.8686 0.0000
    endloop
  endfacet
  facet normal -3.826834e-01 -9.238795e-01 0.000000e+00
    outer loop
      vertex 21.1314 -3.8686 0.0000
      vertex 21.1314 -3.8686 20.0000
      vertex 20.0000 -3.4000 20.0000
    endloop
  endfacet
  facet normal -3.826834e-01 -9.238795e-01 0.000000e+00
    outer loop
      vertex 21.1314 -3.8686 0.0000
      vertex 20.0000 -3.4000 20.0000
      vertex 20.0000 -3.4000 0.0000
    endloop
  endfacet
  facet normal 3.826834e-01 -9.238795e-01 0.000000e+00
    outer loop
      vertex 20.0000 -3.4000 0.0000
      vertex 20.0000 -3.4000 20.0000
      vertex 18.8686 -3.8686 20.0000
    endloop
  endfacet
  facet normal 3.826834e-01 -9.238795e-01 0.000000e+00
    outer loop
      vertex 20.0000 -3.4000 0.0000
      vertex 18.8686 -3.8686 20.0000
      vertex 18.8686 -3.8686 0.0000
    endloop
  endfacet
  facet normal 9.238795e-01 -3.826834e-01 0.000000e+00
    outer loop
      vertex 18.8686 -3.8686 0.0000
      vertex 18.8686 -3.8686 20.0000
      vertex 18.4000 -5.0000 20.0000
    endloop
  endfacet
  facet normal 9.238795e-01 -3.826834e-01 0.000000e+00
    outer loop
      vertex 18.8686 -3.8686 0.0000
      vertex 18.4000 -5.0000 20.0000
      vertex 18.4000 -5.0000 0.0000
    endloop
  endfacet
  facet normal 9.238795e-01 3.826834e-01 -0.000000e+00
    outer loop
      vertex 18.4000 -5.0000 0.0000
      vertex 18.4000 -5.0000 20.0000
      vertex 18.8686 -6.1314 20.0000
    endloop
  endfacet
  facet normal 9.238795e-01 3.826834e-01 0.000000e+00
    outer loop
      vertex 18.4000 -5.0000 0.0000
      vertex 18.8686 -6.1314 20.0000
      vertex 18.8686 -6.1314 0.0000
    endloop
  endfacet
  facet normal 3.826834e-01 9.238795e-01 -0.000000e+00
    outer loop
      vertex 18.8686 -6.1314 0.0000
      vertex 18.8686 -6.1314 20.0000
      vertex 20.0000 -6.6000 20.0000
    endloop
  endfacet
  facet normal 3.826834e-01 9.238795e-01 0.000000e+00
    outer loop
      vertex 18.8686 -6.1314 0.0000
      vertex 20.0000 -6.6000 20.0000
      vertex 20.0000 -6.6000 0.0000
    endloop
  endfacet
  facet normal -3.826834e-01 9.238795e-01 0.000000e+00
    outer loop
      vertex 20.0000 -6.6000 0.0000
      vertex 20.0000 -6.6000 20.0000
      vertex 21.1314 -6.1314 20.0000
    endloop
  endfacet
  facet normal -3.826834e-01 9.238795e-01 0.000000e+00
    outer loop
      vertex 20.0000 -6.6000 0.0000
      vertex 21.1314 -6.1314 20.0000
      vertex 21.1314 -6.1314 0.0000
    endloop
  endfacet
  facet normal -9.238795e-01 3.826834e-01 0.000000e+00
    outer loop
      vertex 21.1314 -6.1314 0.0000
      vertex 21.1314 -6.1314 20.0000
      vertex 21.6000 -5.0000 20.0000
    endloop
  endfacet
  facet normal -9.238795e-01 3.826834e-01 0.000000e+00
    outer loop
      vertex 21.1314 -6.1314 0.0000
      vertex 21.6000 -5.0000 20.0000
      vertex 21.6000 -5.0000 0.0000
    endloop
  endfacet
  facet normal -9.238795e-01 -3.826834e-01 0.000000e+00
    outer loop
      vertex 21.6000 0.0000 0.0000
      vertex 21.6000 0.0000 20.0000
      vertex 21.1314 1.1314 20.0000
    endloop
  endfacet
  facet normal -9.238795e-01 -3.826834e-01 0.000000e+00
    outer loop
      vertex 21.6000 0.0000 0.0000
      vertex 21.1314 1.1314 20.0000
      vertex 21.1314 1.1314 0.0000
    endloop
  endfacet
  facet normal -3.826834e-01 -9.238795e-01 0.000000e+00
    outer loop
      vertex 21.1314 1.1314 0.0000
      vertex 21.1314 1.1314 20.0000
      vertex 20.0000 1.6000 20.0000
    endloop
  endfacet
  facet normal -3.826834e-01 -9.238795e-01 0.000000e+00
    outer loop
      vertex 21.1314 1.1314 0.0000
      vertex 20.0000 1.6000 20.0000
      vertex 20.0000 1.6000 0.0000
    endloop
  endfacet
  facet normal 3.826834e-01 -9.238795e-01 0.000000e+00
    outer loop
      vertex 20.0000 1.6000 0.0000
      vertex 20.0000 1.6000 20.0000
      vertex 18.8686 1.1314 20.0000
    endloop
  endfacet
  facet normal 3.826834e-01 -9.238795e-01 0.000000e+00
    outer loop
      vertex 20.0000 1.6000 0.0000
      vertex 18.8686 1.1314 20.0000
      vertex 18.8686 1.1314 0.0000
    endloop
  endfacet
  facet normal 9.238795e-01 -3.826834e-01 0.000000e+00
    outer loop
      vertex 18.8686 1.1314 0.0000
      vertex 18.8686 1.1314 20.0000
      vertex 18.4000 0.0000 20.0000
    endloop
  endfacet
  facet normal 9.238795e-01 -3.826834e-01 0.000000e+00
    outer loop
      vertex 18.8686 1.1314 0.0000
      vertex 18.4000 0.0000 20.0000
      vertex 18.4000 0.0000 0.0000
    endloop
  endfacet
  facet normal 9.238795e-01 3.826834e-01 -0.000000e+00
    outer loop
      vertex 18.4000 0.0000 0.0000
      vertex 18.4000 0.0000 20.0000
      vertex 18.8686 -1.1314 20.0000
    endloop
  endfacet
  facet normal 9.238795e-01 3.826834e-01 0.000000e+00
    outer loop
      vertex 18.4000 0.0000 0.0000
      vertex 18.8686 -1.1314 20.0000
      vertex 18.8686 -1.1314 0.0000
    endloop
  endfacet
  facet normal 3.826834e-01 9.238795e-01 -0.000000e+00
    outer loop
      vertex 18.8686 -1.1314 0.0000
      vertex 18.8686 -1.1314 20.0000
      vertex 20.0000 -1.6000 20.0000
    endloop
  endfacet
  facet normal 3.826834e-01 9.238795e-01 0.000000e+00
    outer loop
      vertex 18.8686 -1.1314 0.0000
      vertex 20.0000 -1.6000 20.0000
      vertex 20.0000 -1.6000 0.0000
    endloop
  endfacet
  facet normal -3.826834e-01 9.238795e-01 0.000000e+00
    outer loop
      vertex 20.0000 -1.6000 0.0000
      vertex 20.0000 -1.6000 20.0000
      vertex 21.1314 -1.1314 20.0000
    endloop
  endfacet
  facet normal -3.826834e-01 9.238795e-01 0.000000e+00
    outer loop
      vertex 20.0000 -1.6000 0.0000
      vertex 21.1314 -1.1314 20.0000
      vertex 21.1314 -1.1314 0.0000
    endloop
  endfacet
  facet normal -9.238795e-01 3.826834e-01 0.000000e+00
    outer loop
      vertex 21.1314 -1.1314 0.0000
      vertex 21.1314 -1.1314 20.0000
      vertex 21.6000 0.0000 20.0000
    endloop
  endfacet
  facet normal -9.238795e-01 3.826834e-01 0.000000e+00
    outer loop
      vertex 21.1314 -1.1314 0.0000
      vertex 21.6000 0.0000 20.0000
      vertex 21.6000 0.0000 0.0000
    endloop
  endfacet
  facet normal -9.238795e-01 -3.826834e-01 0.000000e+00
    outer loop
      vertex 21.6000 5.0000 0.0000
      vertex 21.6000 5.0000 20.0000
      vertex 21.1314 6.1314 20.0000
    endloop
  endfacet
  facet normal -9.238795e-01 -3.826834e-01 0.000000e+00
    outer loop
      vertex 21.6000 5.0000 0.0000
      vertex 21.1314 6.1314 20.0000
      vertex 21.1314 6.1314 0.0000
    endloop
  endfacet
  facet normal -3.826834e-01 -9.238795e-01 0.000000e+00
    outer loop
      vertex 21.1314 6.1314 0.0000
      vertex 21.1314 6.1314 20.0000
      vertex 20.0000 6.6000 20.0000
    endloop
  endfacet
  facet normal -3.826834e-01 -9.238795e-01 0.000000e+00
    outer loop
      vertex 21.1314 6.1314 0.0000
      vertex 20.0000 6.6000 20.0000
      vertex 20.0000 6.6000 0.0000
    endloop
  endfacet
  facet normal 3.826834e-01 -9.238795e-01 0.000000e+00
    outer loop
      vertex 20.0000 6.6000 0.0000
      vertex 20.0000 6.6000 20.0000
      vertex 18.8686 6.1314 20.0000
    endloop
  endfacet
  facet normal 3.826834e-01 -9.238795e-01 0.000000e+00
    outer loop
      vertex 20.0000 6.6000 0.0000
      vertex 18.8686 6.1314 20.0000
      vertex 18.8686 6.1314 0.0000
    endloop
  endfacet
  facet normal 9.238795e-01 -3.826834e-01 0.000000e+00
    outer loop
      vertex 18.8686 6.1314 0.0000
      vertex 18.8686 6.1314 20.0000
      vertex 18.4000 5.0000 20.0000
    endloop
  endfacet
  facet normal 9.238795e-01 -3.826834e-01 0.000000e+00
    outer loop
      vertex 18.8686 6.1314 0.0000
      vertex 18.4000 5.0000 20.0000
      vertex 18.4000 5.0000 0.0000
    endloop
  endfacet
  facet normal 9.238795e-01 3.826834e-01 -0.000000e+00
    outer loop
      vertex 18.4000 5.0000 0.0000
      vertex 18.4000 5.0000 20.0000
      vertex 18.8686 3.8686 20.0000
    endloop
  endfacet
  facet normal 9.238795e-01 3.826834e-01 0.000000e+00
    outer loop
      vertex 18.4000 5.0000 0.0000
      vertex 18.8686 3.8686 20.0000
      vertex 18.8686 3.8686 0.0000
    endloop
  endfacet
  facet normal 3.826834e-01 9.238795e-01 -0.000000e+00
    outer loop
      vertex 18.8686 3.8686 0.0000
      vertex 18.8686 3.8686 20.0000
      vertex 20.0000 3.4000 20.0000
    endloop
  endfacet
  facet normal 3.826834e-01 9.238795e-01 0.000000e+00
    outer loop
      vertex 18.8686 3.8686 0.0000
      vertex 20.0000 3.4000 20.0000
      vertex 20.0000 3.4000 0.0000
    endloop
  endfacet
  facet normal -3.826834e-01 9.238795e-01 0.000000e+00
    outer loop
      vertex 20.0000 3.4000 0.0000
      vertex 20.0000 3.4000 20.0000
      vertex 21.1314 3.8686 20.0000
    endloop
  endfacet
  facet normal -3.826834e-01 9.238795e-01 0.000000e+00
    outer loop
      vertex 20.0000 3.4000 0.0000
      vertex 21.1314 3.8686 20.0000
      vertex 21.1314 3.8686 0.0000
    endloop
  endfacet
  facet normal -9.238795e-01 3.826834e-01 0.000000e+00
    outer loop
      vertex 21.1314 3.8686 0.0000
      vertex 21.1314 3.8686 20.0000
      vertex 21.6000 5.0000 20.0000
    endloop
  endfacet
  facet normal -9.238795e-01 3.826834e-01 0.000000e+00
    outer loop
      vertex 21.1314 3.8686 0.0000
      vertex 21.6000 5.0000 20.0000
      vertex 21.6000 5.0000 0.0000
    endloop
  endfacet
  facet normal -9.238795e-01 -3.826834e-01 0.000000e+00
    outer loop
      vertex 21.6000 10.0000 0.0000
      vertex 21.6000 10.0000 20.0000
      vertex 21.1314 11.1314 20.0000
    endloop
  endfacet
  facet normal -9.238795e-01 -3.826834e-01 0.000000e+00
    outer loop
      vertex 21.6000 10.0000 0.0000
      vertex 21.1314 11.1314 20.0000
      vertex 21.1314 11.1314 0.0000
    endloop
  endfacet
  facet normal -3.826834e-01 -9.238795e-01 0.000000e+00
    outer loop
      vertex 21.1314 11.1314 0.0000
      vertex 21.1314 11.1314 20.0000
      vertex 20.0000 11.6000 20.0000
    endloop
  endfacet
  facet normal -3.826834e-01 -9.238795e-01 0.000000e+00
    outer loop
      vertex 21.1314 11.1314 0.0000
      vertex 20.0000 11.6000 20.0000
      vertex 20.0000 11.6000 0.0000
    endloop
  endfacet
  facet normal 3.826834e-01 -9.238795e-01 0.000000e+00
    outer loop
      vertex 20.0000 11.6000 0.0000
      vertex 20.0000 11.6000 20.0000
      vertex 18.8686 11.1314 20.0000
    endloop
  endfacet
  facet normal 3.826834e-01 -9.238795e-01 0.000000e+00
    outer loop
      vertex 20.0000 11.6000 0.0000
      vertex 18.8686 11.1314 20.0000
      vertex 18.8686 11.1314 0.0000
    endloop
  endfacet
  facet normal 9.238795e-01 -3.826834e-01 0.000000e+00
    outer loop
      vertex 18.8686 11.1314 0.0000
      vertex 18.8686 11.1314 20.0000
      vertex 18.4000 10.0000 20.0000
    endloop
  endfacet
  facet normal 9.238795e-01 -3.826834e-01 0.000000e+00
    outer loop
      vertex 18.8686 11.1314 0.0000
      vertex 18.4000 10.0000 20.0000
      vertex 18.4000 10.0000 0.0000
    endloop
  endfacet
  facet normal 9.238795e-01 3.826834e-01 -0.000000e+00
    outer loop
      vertex 18.4000 10.0000 0.0000
      vertex 18.4000 10.0000 20.0000
      vertex 18.8686 8.8686 20.0000
    endloop
  endfacet
  facet normal 9.238795e-01 3.826834e-01 0.000000e+00
    outer loop
      vertex 18.4000 10.0000 0.0000
      vertex 18.8686 8.8686 20.0000
      vertex 18.8686 8.8686 0.0000
    endloop
  endfacet
  facet normal 3.826834e-01 9.238795e-01 -0.000000e+00
    outer loop
      vertex 18.8686 8.8686 0.0000
      vertex 18.8686 8.8686 20.0000
      vertex 20.0000 8.4000 20.0000
    endloop
  endfacet
  facet normal 3.826834e-01 9.238795e-01 0.000000e+00
    outer loop
      vertex 18.8686 8.8686 0.0000
      vertex 20.0000 8.4000 20.0000
      vertex 20.0000 8.4000 0.0000
    endloop
  endfacet
  facet normal -3.826834e-01 9.238795e-01 0.000000e+00
    outer loop
      vertex 20.0000 8.4000 0.0000
      vertex 20.0000 8.4000 20.0000
      vertex 21.1314 8.8686 20.0000
    endloop
  endfacet
  facet normal -3.826834e-01 9.238795e-01 0.000000e+00
    outer loop
      vertex 20.0000 8.4000 0.0000
      vertex 21.1314 8.8686 20.0000
      vertex 21.1314 8.8686 0.0000
    endloop
  endfacet
  facet normal -9.238795e-01 3.826834e-01 0.000000e+00
    outer loop
      vertex 21.1314 8.8686 0.0000
      vertex 21.1314 8.8686 20.0000
      vertex 21.6000 10.0000 20.0000
    endloop
  endfacet
  facet normal -9.238795e-01 3.826834e-01 0.000000e+00
    outer loop
      vertex 21.1314 8.8686 0.0000
      vertex 21.6000 10.0000 20.0000
      vertex 21.6000 10.0000 0.0000
    endloop
  endfacet
  facet normal -9.238795e-01 -3.826834e-01 0.000000e+00
    outer loop
      vertex 21.6000 15.0000 0.0000
      vertex 21.6000 15.0000 20.0000
      vertex 21.1314 16.1314 20.0000
    endloop
  endfacet
  facet normal -9.238795e-01 -3.826834e-01 0.000000e+00
    outer loop
      vertex 21.6000 15.0000 0.0000
      vertex 21.1314 16.1314 20.0000
      vertex 21.1314 16.1314 0.0000
    endloop
  endfacet
  facet normal -3.826834e-01 -9.238795e-01 0.000000e+00
    outer loop
      vertex 21.1314 16.1314 0.0000
      vertex 21.1314 16.1314 20.0000
      vertex 20.0000 16.6000 20.0000
    endloop
  endfacet
  facet normal -3.826834e-01 -9.238795e-01 0.000000e+00
    outer loop
      vertex 21.1314 16.1314 0.0000
      vertex 20.0000 16.6000 20.0000
      vertex 20.0000 16.6000 0.0000
    endloop
  endfacet
  facet normal 3.826834e-01 -9.238795e-01 0.000000e+00
    outer loop
      vertex 20.0000 16.6000 0.0000
      vertex 20.0000 16.6000 20.0000
      vertex 18.8686 16.1314 20.0000
    endloop
  endfacet
  facet normal 3.826834e-01 -9.238795e-01 0.000000e+00
    outer loop
      vertex 20.0000 16.6000 0.0000
      vertex 18.8686 16.1314 20.0000
      vertex 18.8686 16.1314 0.0000
    endloop
  endfacet
  facet normal 9.238795e-01 -3.826834e-01 0.000000e+00
    outer loop
      vertex 18.8686 16.1314 0.0000
      vertex 18.8686 16.1314 20.0000
      vertex 18.4000 15.0000 20.0000
    endloop
  endfacet
  facet normal 9.238795e-01 -3.826834e-01 0.000000e+00
    outer loop
      vertex 18.8686 16.1314 0.0000
      vertex 18.4000 15.0000 20.0000
      vertex 18.4000 15.0000 0.0000
    endloop
  endfacet
  facet normal 9.238795e-01 3.826834e-01 -0.000000e+00
    outer loop
      vertex 18.4000 15.0000 0.0000
      vertex 18.4000 15.0000 20.0000
      vertex 18.8686 13.8686 20.0000
    endloop
  endfacet
  facet normal 9.238795e-01 3.826834e-01 0.000000e+00
    outer loop
      vertex 18.4000 15.0000 0.0000
      vertex 18.8686 13.8686 20.0000
      vertex 18.8686 13.8686 0.0000
    endloop
  endfacet
  facet normal 3.826834e-01 9.238795e-01 -0.000000e+00
    outer loop
      vertex 18.8686 13.8686 0.0000
      vertex 18.8686 13.8686 20.0000
      vertex 20.0000 13.4000 20.0000
    endloop
  endfacet
  facet normal 3.826834e-01 9.238795e-01 0.000000e+00
    outer loop
      vertex 18.8686 13.8686 0.0000
      vertex 20.0000 13.4000 20.0000
      vertex 20.0000 13.4000 0.0000
    endloop
  endfacet
  facet normal -3.826834e-01 9.238795e-01 0.000000e+00
    outer loop
      vertex 20.0000 13.4000 0.0000
      vertex 20.0000 13.4000 20.0000
      vertex 21.1314 13.8686 20.0000
    endloop
  endfacet
  facet normal -3.826834e-01 9.238795e-01 0.000000e+00
    outer loop
      vertex 20.0000 13.4000 0.0000
      vertex 21.1314 13.8686 20.0000
      vertex 21.1314 13.8686 0.0000
    endloop
  endfacet
  facet normal -9.238795e-01 3.826834e-01 0.000000e+00
    outer loop
      vertex 21.1314 13.8686 0.0000
      vertex 21.1314 13.8686 20.0000
      vertex 21.6000 15.0000 20.0000
    endloop
  endfacet
  facet normal -9.238795e-01 3.826834e-01 0.000000e+00
    outer loop
      vertex 21.1314 13.8686 0.0000
      vertex 21.6000 15.0000 20.0000
      vertex 21.6000 15.0000 0.0000
    endloop
  endfacet
  facet normal -9.238795e-01 -3.826834e-01 0.000000e+00
    outer loop
      vertex 21.6000 20.0000 0.0000
      vertex 21.6000 20.0000 20.0000
      vertex 21.1314 21.1314 20.0000
    endloop
  endfacet
  facet normal -9.238795e-01 -3.826834e-01 0.000000e+00
    outer loop
      vertex 21.6000 20.0000 0.0000
      vertex 21.1314 21.1314 20.0000
      vertex 21.1314 21.1314 0.0000
    endloop
  endfacet
  facet normal -3.826834e-01 -9.238795e-01 0.000000e+00
    outer loop
      vertex 21.1314 21.1314 0.0000
      vertex 21.1314 21.1314 20.0000
      vertex 20.0000 21.6000 20.0000
    endloop
  endfacet
  facet normal -3.826834e-01 -9.238795e-01 0.000000e+00
    outer loop
      vertex 21.1314 21.1314 0.0000
      vertex 20.0000 21.6000 20.0000
      vertex 20.0000 21.6000 0.0000
    endloop
  endfacet
  facet normal 3.826834e-01 -9.238795e-01 0.000000e+00
    outer loop
      vertex 20.0000 21.6000 0.0000
      vertex 20.0000 21.6000 20.0000
      vertex 18.8686 21.1314 20.0000
    endloop
  endfacet
  facet normal 3.826834e-01 -9.238795e-01 0.000000e+00
    outer loop
      vertex 20.0000 21.6000 0.0000
      vertex 18.8686 21.1314 20.0000
      vertex 18.8686 21.1314 0.0000
    endloop
  endfacet
  facet normal 9.238795e-01 -3.826834e-01 0.000000e+00
    outer loop
      vertex 18.8686 21.1314 0.0000
      vertex 18.8686 21.1314 20.0000
      vertex 18.4000 20.0000 20.0000
    endloop
  endfacet
  facet normal 9.238795e-01 -3.826834e-01 0.000000e+00
    outer loop
      vertex 18.8686 21.1314 0.0000
      vertex 18.4000 20.0000 20.0000
      vertex 18.4000 20.0000 0.0000
    endloop
  endfacet
  facet normal 9.238795e-01 3.826834e-01 -0.000000e+00
    outer loop
      vertex 18.4000 20.0000 0.0000
      vertex 18.4000 20.0000 20.0000
      vertex 18.8686 18.8686 20.0000
    endloop
  endfacet
  facet normal 9.238795e-01 3.826834e-01 0.000000e+00
    outer loop
      vertex 18.4000 20.0000 0.0000
      vertex 18.8686 18.8686 20.0000
      vertex 18.8686 18.8686 0.0000
    endloop
  endfacet
  facet normal 3.826834e-01 9.238795e-01 -0.000000e+00
    outer loop
      vertex 18.8686 18.8686 0.0000
      vertex 18.8686 18.8686 20.0000
      vertex 20.0000 18.4000 20.0000
    endloop
  endfacet
  facet normal 3.826834e-01 9.238795e-01 0.000000e+00
    outer loop
      vertex 18.8686 18.8686 0.0000
      vertex 20.0000 18.4000 20.0000
      vertex 20.0000 18.4000 0.0000
    endloop
  endfacet
  facet normal -3.826834e-01 9.238795e-01 0.000000e+00
    outer loop
      vertex 20.0000 18.4000 0.0000
      vertex 20.0000 18.4000 20.0000
      vertex 21.1314 18.8686 20.0000
    endloop
  endfacet
  facet normal -3.826834e-01 9.238795e-01 0.000000e+00
    outer loop
      vertex 20.0000 18.4000 0.0000
      vertex 21.1314 18.8686 20.0000
      vertex 21.1314 18.8686 0.0000
    endloop
  endfacet
  facet normal -9.238795e-01 3.826834e-01 0.000000e+00
    outer loop
      vertex 21.1314 18.8686 0.0000
      vertex 21.1314 18.8686 20.0000
      vertex 21.6000 20.0000 20.0000
    endloop
  endfacet
  facet normal -9.238795e-01 3.826834e-01 0.000000e+00
    outer loop
      vertex 21.1314 18.8686 0.0000
      vertex 21.6000 20.0000 20.0000
      vertex 21.6000 20.0000 0.0000
    endloop
  endfacet
  facet normal -9.238795e-01 -3.826834e-01 0.000000e+00
    outer loop
      vertex 21.6000 25.0000 0.0000
      vertex 21.6000 25.0000 20.0000
      vertex 21.1314 26.1314 20.0000
    endloop
  endfacet
  facet normal -9.238795e-01 -3.826834e-01 0.000000e+00
    outer loop
      vertex 21.6000 25.0000 0.0000
      vertex 21.1314 26.1314 20.0000
      vertex 21.1314 26.1314 0.0000
    endloop
  endfacet
  facet normal -3.826834e-01 -9.238795e-01 0.000000e+00
    outer loop
      vertex 21.1314 26.1314 0.0000
      vertex 21.1314 26.1314 20.0000
      vertex 20.0000 26.6000 20.0000
    endloop
  endfacet
  facet normal -3.826834e-01 -9.238795e-01 0.000000e+00
    outer loop
      vertex 21.1314 26.1314 0.0000
      vertex 20.0000 26.6000 20.0000
      vertex 20.0000 26.6000 0.0000
    endloop
  endfacet
  facet normal 3.826834e-01 -9.238795e-01 0.000000e+00
    outer loop
      vertex 20.0000 26.6000 0.0000
      vertex 20.0000 26.6000 20.0000
      vertex 18.8686 26.1314 20.0000
    endloop
  endfacet
  facet normal 3.826834e-01 -9.238795e-01 0.000000e+00
    outer loop
      vertex 20.0000 26.6000 0.0000
      vertex 18.8686 26.1314 20.0000
      vertex 18.8686 26.1314 0.0000
    endloop
  endfacet
  facet normal 9.238795e-01 -3.826834e-01 0.000000e+00
    outer loop
      vertex 18.8686 26.1314 0.0000
      vertex 18.8686 26.1314 20.0000
      vertex 18.4000 25.0000 20.0000
    endloop
  endfacet
  facet normal 9.238795e-01 -3.826834e-01 0.000000e+00
    outer loop
      vertex 18.8686 26.1314 0.0000
      vertex 18.4000 25.0000 20.0000
      vertex 18.4000 25.0000 0.0000
    endloop
  endfacet
  facet normal 9.238795e-01 3.826834e-01 -0.000000e+00
    outer loop
      vertex 18.4000 25.0000 0.0000
      vertex 18.4000 25.0000 20.0000
      vertex 18.8686 23.8686 20.0000
    endloop
  endfacet
  facet normal 9.238795e-01 3.826834e-01 0.000000e+00
    outer loop
      vertex 18.4000 25.0000 0.0000
      vertex 18.8686 23.8686 20.0000
      vertex 18.8686 23.8686 0.0000
    endloop
  endfacet
  facet normal 3.826834e-01 9.238795e-01 -0.000000e+00
    outer loop
      vertex 18.8686 23.8686 0.0000
      vertex 18.8686 23.8686 20.0000
      vertex 20.0000 23.4000 20.0000
    endloop
  endfacet
  facet normal 3.826834e-01 9.238795e-01 0.000000e+00
    outer loop
      vertex 18.8686 23.8686 0.0000
      vertex 20.0000 23.4000 20.0000
      vertex 20.0000 23.4000 0.0000
    endloop
  endfacet
  facet normal -3.826834e-01 9.238795e-01 0.000000e+00
    outer loop
      vertex 20.0000 23.4000 0.0000
      vertex 20.0000 23.4000 20.0000
      vertex 21.1314 23.8686 20.0000
    endloop
  endfacet
  facet normal -3.826834e-01 9.238795e-01 0.000000e+00
    outer loop
      vertex 20.0000 23.4000 0.0000
      vertex 21.1314 23.8686 20.0000
      vertex 21.1314 23.8686 0.0000
    endloop
  endfacet
  facet normal -9.238795e-01 3.826834e-01 0.000000e+00
    outer loop
      vertex 21.1314 23.8686 0.0000
      vertex 21.1314 23.8686 20.0000
      vertex 21.6000 25.0000 20.0000
    endloop
  endfacet
  facet normal -9.238795e-01 3.826834e-01 0.000000e+00
    outer loop
      vertex 21.1314 23.8686 0.0000
      vertex 21.6000 25.0000 20.0000
      vertex 21.6000 25.0000 0.0000
    endloop
  endfacet
  facet normal -9.238795e-01 -3.826834e-01 0.000000e+00
    outer loop
      vertex 21.6000 30.0000 0.0000
      vertex 21.6000 30.0000 20.0000
      vertex 21.1314 31.1314 20.0000
    endloop
  endfacet
  facet normal -9.238795e-01 -3.826834e-01 0.000000e+00
    outer loop
      vertex 21.6000 30.0000 0.0000
      vertex 21.1314 31.1314 20.0000
      vertex 21.1314 31.1314 0.0000
    endloop
  endfacet
  facet normal -3.826834e-01 -9.238795e-01 0.000000e+00
    outer loop
      vertex 21.1314 31.1314 0.0000
      vertex 21.1314 31.1314 20.0000
      vertex 20.0000 31.6000 20.0000
    endloop
  endfacet
  facet normal -3.826834e-01 -9.238795e-01 0.000000e+00
    outer loop
      vertex 21.1314 31.1314 0.0000
      vertex 20.0000 31.6000 20.0000
      vertex 20.0000 31.6000 0.0000
    endloop
  endfacet
  facet normal 3.826834e-01 -9.238795e-01 0.000000e+00
    outer loop
      vertex 20.0000 31.6000 0.0000
      vertex 20.0000 31.6000 20.0000
      vertex 18.8686 31.1314 20.0000
    endloop
  endfacet
  facet normal 3.826834e-01 -9.238795e-01 0.000000e+00
    outer loop
      vertex 20.0000 31.6000 0.0000
      vertex 18.8686 31.1314 20.0000
      vertex 18.8686 31.1314 0.0000
    endloop
  endfacet
  facet normal 9.238795e-01 -3.826834e-01 0.000000e+00
    outer loop
      vertex 18.8686 31.1314 0.0000
      vertex 18.8686 31.1314 20.0000
      vertex 18.4000 30.0000 20.0000
    endloop
  endfacet
  facet normal 9.238795e-01 -3.826834e-01 0.000000e+00
    outer loop
      vertex 18.8686 31.1314 0.0000
      vertex 18.4000 30.0000 20.0000
      vertex 18.4000 30.0000 0.0000
    endloop
  endfacet
  facet normal 9.238795e-01 3.826834e-01 -0.000000e+00
    outer loop
      vertex 18.4000 30.0000 0.0000
      vertex 18.4000 30.0000 20.0000
      vertex 18.8686 28.8686 20.0000
    endloop
  endfacet
  facet normal 9.238795e-01 3.826834e-01 0.000000e+00
    outer loop
      vertex 18.4000 30.0000 0.0000
      vertex 18.8686 28.8686 20.0000
      vertex 18.8686 28.8686 0.0000
    endloop
  endfacet
  facet normal 3.826834e-01 9.238795e-01 -0.000000e+00
    outer loop
      vertex 18.8686 28.8686 0.0000
      vertex 18.8686 28.8686 20.0000
      vertex 20.0000 28.4000 20.0000
    endloop
  endfacet
  facet normal 3.826834e-01 9.238795e-01 0.000000e+00
    outer loop
      vertex 18.8686 28.8686 0.0000
      vertex 20.0000 28.4000 20.0000
      vertex 20.0000 28.4000 0.0000
    endloop
  endfacet
  facet normal -3.826834e-01 9.238795e-01 0.000000e+00
    outer loop
      vertex 20.0000 28.4000 0.0000
      vertex 20.0000 28.4000 20.0000
      vertex 21.1314 28.8686 20.0000
    endloop
  endfacet
  facet normal -3.826834e-01 9.238795e-01 0.000000e+00
    outer loop
      vertex 20.0000 28.4000 0.0000
      vertex 21.1314 28.8686 20.0000
      vertex 21.1314 28.8686 0.0000
    endloop
  endfacet
  facet normal -9.238795e-01 3.826834e-01 0.000000e+00
    outer loop
      vertex 21.1314 28.8686 0.0000
      vertex 21.1314 28.8686 20.0000
      vertex 21.6000 30.0000 20.0000
    endloop
  endfacet
  facet normal -9.238795e-01 3.826834e-01 0.000000e+00
    outer loop
      vertex 21.1314 28.8686 0.0000
      vertex 21.6000 30.0000 20.0000
      vertex 21.6000 30.0000 0.0000
    endloop
  endfacet
  facet normal -9.238795e-01 -3.826834e-01 0.000000e+00
    outer loop
      vertex 26.6000 -30.0000 0.0000
      vertex 26.6000 -30.0000 20.0000
      vertex 26.1314 -28.8686 20.0000
    endloop
  endfacet
  facet normal -9.238795e-01 -3.826834e-01 0.000000e+00
    outer loop
      vertex 26.6000 -30.0000 0.0000
      vertex 26.1314 -28.8686 20.0000
      vertex 26.1314 -28.8686 0.0000
    endloop
  endfacet
  facet normal -3.826834e-01 -9.238795e-01 0.000000e+00
    outer loop
      vertex 26.1314 -28.8686 0.0000
      vertex 26.1314 -28.8686 20.0000
      vertex 25.0000 -28.4000 20.0000
    endloop
  endfacet
  facet normal -3.826834e-01 -9.238795e-01 0.000000e+00
    outer loop
      vertex 26.1314 -28.8686 0.0000
      vertex 25.0000 -28.4000 20.0000
      vertex 25.0000 -28.4000 0.0000
    endloop
  endfacet
  facet normal 3.826834e-01 -9.238795e-01 0.000000e+00
    outer loop
      vertex 25.0000 -28.4000 0.0000
      vertex 25.0000 -28.4000 20.0000
      vertex 23.8686 -28.8686 20.0000
    endloop
  endfacet
  facet normal 3.826834e-01 -9.238795e-01 0.000000e+00
    outer loop
      vertex 25.0000 -28.4000 0.0000
      vertex 23.8686 -28.8686 20.0000
      vertex 23.8686 -28.8686 0.0000
    endloop
  endfacet
  facet normal 9.238795e-01 -3.826834e-01 0.000000e+00
    outer loop
      vertex 23.8686 -28.8686 0.0000
      vertex 23.8686 -28.8686 20.0000
      vertex 23.4000 -30.0000 20.0000
    endloop
  endfacet
  facet normal 9.238795e-01 -3.826834e-01 0.000000e+00
    outer loop
      vertex 23.8686 -28.8686 0.0000
      vertex 23.4000 -30.0000 20.0000
      vertex 23.4000 -30.0000 0.0000
    endloop
  endfacet
  facet normal 9.238795e-01 3.826834e-01 -0.000000e+00
    outer loop
      vertex 23.4000 -30.0000 0.0000
      vertex 23.4000 -30.0000 20.0000
      vertex 23.8686 -31.1314 20.0000
    endloop
  endfacet
  facet normal 9.238795e-01 3.826834e-01 0.000000e+00
    outer loop
      vertex 23.4000 -30.0000 0.0000
      vertex 23.8686 -31.1314 20.0000
      vertex 23.8686 -31.1314 0.0000
    endloop
  endfacet
  facet normal 3.826834e-01 9.238795e-01 -0.000000e+00
    outer loop
      vertex 23.8686 -31.1314 0.0000
      vertex 23.8686 -31.1314 20.0000
      vertex 25.0000 -31.6000 20.0000
    endloop
  endfacet
  facet normal 3.826834e-01 9.238795e-01 0.000000e+00
    outer loop
      vertex 23.8686 -31.1314 0.0000
      vertex 25.0000 -31.6000 20.0000
      vertex 25.0000 -31.6000 0.0000
    endloop
  endfacet
  facet normal -3.826834e-01 9.238795e-01 0.000000e+00
    outer loop
      vertex 25.0000 -31.6000 0.0000
      vertex 25.0000 -31.6000 20.0000
      vertex 26.1314 -31.1314 20.0000
    endloop
  endfacet
  facet normal -3.826834e-01 9.238795e-01 0.000000e+00
    outer loop
      vertex 25.0000 -31.6000 0.0000
      vertex 26.1314 -31.1314 20.0000
      vertex 26.1314 -31.1314 0.0000
    endloop
  endfacet
  facet normal -9.238795e-01 3.826834e-01 0.000000e+00
    outer loop
      vertex 26.1314 -31.1314 0.0000
      vertex 26.1314 -31.1314 20.0000
      vertex 26.6000 -30.0000 20.0000
    endloop
  endfacet
  facet normal -9.238795e-01 3.826834e-01 0.000000e+00
    outer loop
      vertex 26.1314 -31.1314 0.0000
      vertex 26.6000 -30.0000 20.0000
      vertex 26.6000 -30.0000 0.0000
    endloop
  endfacet
  facet normal -9.238795e-01 -3.826834e-01 0.000000e+00
    outer loop
      vertex 26.6000 -25.0000 0.0000
      vertex 26.6000 -25.0000 20.0000
      vertex 26.1314 -23.8686 20.0000
    endloop
  endfacet
  facet normal -9.238795e-01 -3.826834e-01 0.000000e+00
    outer loop
      vertex 26.6000 -25.0000 0.0000
      vertex 26.1314 -23.8686 20.0000
      vertex 26.1314 -23.8686 0.0000
    endloop
  endfacet
  facet normal -3.826834e-01 -9.238795e-01 0.000000e+00
    outer loop
      vertex 26.1314 -23.8686 0.0000
      vertex 26.1314 -23.8686 20.0000
      vertex 25.0000 -23.4000 20.0000
    endloop
  endfacet
  facet normal -3.826834e-01 -9.238795e-01 0.000000e+00
    outer loop
      vertex 26.1314 -23.8686 0.0000
      vertex 25.0000 -23.4000 20.0000
      vertex 25.0000 -23.4000 0.0000
    endloop
  endfacet
  facet normal 3.826834e-01 -9.238795e-01 0.000000e+00
    outer loop
      vertex 25.0000 -23.4000 0.0000
      vertex 25.0000 -23.4000 20.0000
      vertex 23.8686 -23.8686 20.0000
    endloop
  endfacet
  facet normal 3.826834e-01 -9.238795e-01 0.000000e+00
    outer loop
      vertex 25.0000 -23.4000 0.0000
      vertex 23.8686 -23.8686 20.0000
      vertex 23.8686 -23.8686 0.0000
    endloop
  endfacet
  facet normal 9.238795e-01 -3.826834e-01 0.000000e+00
    outer loop
      vertex 23.8686 -23.8686 0.0000
      vertex 23.8686 -23.8686 20.0000
      vertex 23.4000 -25.0000 20.0000
    endloop
  endfacet
  facet normal 9.238795e-01 -3.826834e-01 0.000000e+00
    outer loop
      vertex 23.8686 -23.8686 0.0000
      vertex 23.4000 -25.0000 20.0000
      vertex 23.4000 -25.0000 0.0000
    endloop
  endfacet
  facet normal 9.238795e-01 3.826834e-01 -0.000000e+00
    outer loop
      vertex 23.4000 -25.0000 0.0000
      vertex 23.4000 -25.0000 20.0000
      vertex 23.8686 -26.1314 20.0000
    endloop
  endfacet
  facet normal 9.238795e-01 3.826834e-01 0.000000e+00
    outer loop
      vertex 23.4000 -25.0000 0.0000
      vertex 23.8686 -26.1314 20.0000
      vertex 23.8686 -26.1314 0.0000
    endloop
  endfacet
  facet normal 3.826834e-01 9.238795e-01 -0.000000e+00
    outer loop
      vertex 23.8686 -26.1314 0.0000
      vertex 23.8686 -26.1314 20.0000
      vertex 25.0000 -26.6000 20.0000
    endloop
  endfacet
  facet normal 3.826834e-01 9.238795e-01 0.000000e+00
    outer loop
      vertex 23.8686 -26.1314 0.0000
      vertex 25.0000 -26.6000 20.0000
      vertex 25.0000 -26.6000 0.0000
    endloop
  endfacet
  facet normal -3.826834e-01 9.238795e-01 0.000000e+00
    outer loop
      vertex 25.0000 -26.6000 0.0000
      vertex 25.0000 -26.6000 20.0000
      vertex 26.1314 -26.1314 20.0000
    endloop
  endfacet
  facet normal -3.826834e-01 9.238795e-01 0.000000e+00
    outer loop
      vertex 25.0000 -26.6000 0.0000
      vertex 26.1314 -26.1314 20.0000
      vertex 26.1314 -26.1314 0.0000
    endloop
  endfacet
  facet normal -9.238795e-01 3.826834e-01 0.000000e+00
    outer loop
      vertex 26.1314 -26.1314 0.0000
      vertex 26.1314 -26.1314 20.0000
      vertex 26.6000 -25.0000 20.0000
    endloop
  endfacet
  facet normal -9.238795e-01 3.826834e-01 0.000000e+00
    outer loop
      vertex 26.1314 -26.1314 0.0000
      vertex 26.6000 -25.0000 20.0000
      vertex 26.6000 -25.0000 0.0000
    endloop
  endfacet
  facet normal -9.238795e-01 -3.826834e-01 0.000000e+00
    outer loop
      vertex 26.6000 -20.0000 0.0000
      vertex 26.6000 -20.0000 20.0000
      vertex 26.1314 -18.8686 20.0000
    endloop
  endfacet
  facet normal -9.238795e-01 -3.826834e-01 0.000000e+00
    outer loop
      vertex 26.6000 -20.0000 0.0000
      vertex 26.1314 -18.8686 20.0000
      vertex 26.1314 -18.8686 0.0000
    endloop
  endfacet
  facet normal -3.826834e-01 -9.238795e-01 0.000000e+00
    outer loop
      vertex 26.1314 -18.8686 0.0000
      vertex 26.1314 -18.8686 20.0000
      vertex 25.0000 -18.4000 20.0000
    endloop
  endfacet
  facet normal -3.826834e-01 -9.238795e-01 0.000000e+00
    outer loop
      vertex 26.1314 -18.8686 0.0000
      vertex 25.0000 -18.4000 20.0000
      vertex 25.0000 -18.4000 0.0000
    endloop
  endfacet
  facet normal 3.826834e-01 -9.238795e-01 0.000000e+00
    outer loop
      vertex 25.0000 -18.4000 0.0000
      vertex 25.0000 -18.4000 20.0000
      vertex 23.8686 -18.8686 20.0000
    endloop
  endfacet
  facet normal 3.826834e-01 -9.238795e-01 0.000000e+00
    outer loop
      vertex 25.0000 -18.4000 0.0000
      vertex 23.8686 -18.8686 20.0000
      vertex 23.8686 -18.8686 0.0000
    endloop
  endfacet
  facet normal 9.238795e-01 -3.826834e-01 0.000000e+00
    outer loop
      vertex 23.8686 -18.8686 0.0000
      vertex 23.8686 -18.8686 20.0000
      vertex 23.4000 -20.0000 20.0000
    endloop
  endfacet
  facet normal 9.238795e-01 -3.826834e-01 0.000000e+00
    outer loop
      vertex 23.8686 -18.8686 0.0000
      vertex 23.4000 -20.0000 20.0000
      vertex 23.4000 -20.0000 0.0000
    endloop
  endfacet
  facet normal 9.238795e-01 3.826834e-01 -0.000000e+00
    outer loop
      vertex 23.4000 -20.0000 0.0000
      vertex 23.4000 -20.0000 20.0000
      vertex 23.8686 -21.1314 20.0000
    endloop
  endfacet
  facet normal 9.238795e-01 3.826834e-01 0.000000e+00
    outer loop
      vertex 23.4000 -20.0000 0.0000
      vertex 23.8686 -21.1314 20.0000
      vertex 23.8686 -21.1314 0.0000
    endloop
  endfacet
  facet normal 3.826834e-01 9.238795e-01 -0.000000e+00
    outer loop
      vertex 23.8686 -21.1314 0.0000
      vertex 23.8686 -21.1314 20.0000
      vertex 25.0000 -21.6000 20.0000
    endloop
  endfacet
  facet normal 3.826834e-01 9.238795e-01 0.000000e+00
    outer loop
      vertex 23.8686 -21.1314 0.0000
      vertex 25.0000 -21.6000 20.0000
      vertex 25.0000 -21.6000 0.0000
    endloop
  endfacet
  facet normal -3.826834e-01 9.238795e-01 0.000000e+00
    outer loop
      vertex 25.0000 -21.6000 0.0000
      vertex 25.0000 -21.6000 20.0000
      vertex 26.1314 -21.1314 20.0000
    endloop
  endfacet
  facet normal -3.826834e-01 9.238795e-01 0.000000e+00
    outer loop
      vertex 25.0000 -21.6000 0.0000
      vertex 26.1314 -21.1314 20.0000
      vertex 26.1314 -21.1314 0.0000
    endloop
  endfacet
  facet normal -9.238795e-01 3.826834e-01 0.000000e+00
    outer loop
      vertex 26.1314 -21.1314 0.0000
      vertex 26.1314 -21.1314 20.0000
      vertex 26.6000 -20.0000 20.0000
    endloop
  endfacet
  facet normal -9.238795e-01 3.826834e-01 0.000000e+00
    outer loop
      vertex 26.1314 -21.1314 0.0000
      vertex 26.6000 -20.0000 20.0000
      vertex 26.6000 -20.0000 0.0000
    endloop
  endfacet
  facet normal -9.238795e-01 -3.826834e-01 0.000000e+00
    outer loop
      vertex 26.6000 -15.0000 0.0000
      vertex 26.6000 -15.0000 20.0000
      vertex 26.1314 -13.8686 20.0000
    endloop
  endfacet
  facet normal -9.238795e-01 -3.826834e-01 0.000000e+00
    outer loop
      vertex 26.6000 -15.0000 0.0000
      vertex 26.1314 -13.8686 20.0000
      vertex 26.1314 -13.8686 0.0000
    endloop
  endfacet
  facet normal -3.826834e-01 -9.238795e-01 0.000000e+00
    outer loop
      vertex 26.1314 -13.8686 0.0000
      vertex 26.1314 -13.8686 20.0000
      vertex 25.0000 -13.4000 20.0000
    endloop
  endfacet
  facet normal -3.826834e-01 -9.238795e-01 0.000000e+00
    outer loop
      vertex 26.1314 -13.8686 0.0000
      vertex 25.0000 -13.4000 20.0000
      vertex 25.0000 -13.4000 0.0000
    endloop
  endfacet
  facet normal 3.826834e-01 -9.238795e-01 0.000000e+00
    outer loop
      vertex 25.0000 -13.4000 0.0000
      vertex 25.0000 -13.4000 20.0000
      vertex 23.8686 -13.8686 20.0000
    endloop
  endfacet
  facet normal 3.826834e-01 -9.238795e-01 0.000000e+00
    outer loop
      vertex 25.0000 -13.4000 0.0000
      vertex 23.8686 -13.8686 20.0000
      vertex 23.8686 -13.8686 0.0000
    endloop
  endfacet
  facet normal 9.238795e-01 -3.826834e-01 0.000000e+00
    outer loop
      vertex 23.8686 -13.8686 0.0000
      vertex 23.8686 -13.8686 20.0000
      vertex 23.4000 -15.0000 20.0000
    endloop
  endfacet
  facet normal 9.238795e-01 -3.826834e-01 0.000000e+00
    outer loop
      vertex 23.8686 -13.8686 0.0000
      vertex 23.4000 -15.0000 20.0000
      vertex 23.4000 -15.0000 0.0000
    endloop
  endfacet
  facet normal 9.238795e-01 3.826834e-01 -0.000000e+00
    outer loop
      vertex 23.4000 -15.0000 0.0000
      vertex 23.4000 -15.0000 20.0000
      vertex 23.8686 -16.1314 20.0000
    endloop
  endfacet
  facet normal 9.238795e-01 3.826834e-01 0.000000e+00
    outer loop
      vertex 23.4000 -15.0000 0.0000
      vertex 23.8686 -16.1314 20.0000
      vertex 23.8686 -16.1314 0.0000
    endloop
  endfacet
  facet normal 3.826834e-01 9.238795e-01 -0.000000e+00
    outer loop
      vertex 23.8686 -16.1314 0.0000
      vertex 23.8686 -16.1314 20.0000
      vertex 25.0000 -16.6000 20.0000
    endloop
  endfacet
  facet normal 3.826834e-01 9.238795e-01 0.000000e+00
    outer loop
      vertex 23.8686 -16.1314 0.0000
      vertex 25.0000 -16.6000 20.0000
      vertex 25.0000 -16.6000 0.0000
    endloop
  endfacet
  facet normal -3.826834e-01 9.238795e-01 0.000000e+00
    outer loop
      vertex 25.0000 -16.6000 0.0000
      vertex 25.0000 -16.6000 20.0000
      vertex 26.1314 -16.1314 20.0000
    endloop
  endfacet
  facet normal -3.826834e-01 9.238795e-01 0.000000e+00
    outer loop
      vertex 25.0000 -16.6000 0.0000
      vertex 26.1314 -16.1314 20.0000
      vertex 26.1314 -16.1314 0.0000
    endloop
  endfacet
  facet normal -9.238795e-01 3.826834e-01 0.000000e+00
    outer loop
      vertex 26.1314 -16.1314 0.0000
      vertex 26.1314 -16.1314 20.0000
      vertex 26.6000 -15.0000 20.0000
    endloop
  endfacet
  facet normal -9.238795e-01 3.826834e-01 0.000000e+00
    outer loop
      vertex 26.1314 -16.1314 0.0000
      vertex 26.6000 -15.0000 20.0000
      vertex 26.6000 -15.0000 0.0000
    endloop
  endfacet
  facet normal -9.238795e-01 -3.826834e-01 0.000000e+00
    outer loop
      vertex 26.6000 -10.0000 0.0000
      vertex 26.6000 -10.0000 20.0000
      vertex 26.1314 -8.8686 20.0000
    endloop
  endfacet
  facet normal -9.238795e-01 -3.826834e-01 0.000000e+00
    outer loop
      vertex 26.6000 -10.0000 0.0000
      vertex 26.1314 -8.8686 20.0000
      vertex 26.1314 -8.8686 0.0000
    endloop
  endfacet
  facet normal -3.826834e-01 -9.238795e-01 0.000000e+00
    outer loop
      vertex 26.1314 -8.8686 0.0000
      vertex 26.1314 -8.8686 20.0000
      vertex 25.0000 -8.4000 20.0000
    endloop
  endfacet
  facet normal -3.826834e-01 -9.238795e-01 0.000000e+00
    outer loop
      vertex 26.1314 -8.8686 0.0000
      vertex 25.0000 -8.4000 20.0000
      vertex 25.0000 -8.4000 0.0000
    endloop
  endfacet
  facet normal 3.826834e-01 -9.238795e-01 0.000000e+00
    outer loop
      vertex 25.0000 -8.4000 0.0000
      vertex 25.0000 -8.4000 20.0000
      vertex 23.8686 -8.8686 20.0000
    endloop
  endfacet
  facet normal 3.826834e-01 -9.238795e-01 0.000000e+00
    outer loop
      vertex 25.0000 -8.4000 0.0000
      vertex 23.8686 -8.8686 20.0000
      vertex 23.8686 -8.8686 0.0000
    endloop
  endfacet
  facet normal 9.238795e-01 -3.826834e-01 0.000000e+00
    outer loop
      vertex 23.8686 -8.8686 0.0000
      vertex 23.8686 -8.8686 20.0000
      vertex 23.4000 -10.0000 20.0000
    endloop
  endfacet
  facet normal 9.238795e-01 -3.826834e-01 0.000000e+00
    outer loop
      vertex 23.8686 -8.8686 0.0000
      vertex 23.4000 -10.0000 20.0000
      vertex 23.4000 -10.0000 0.0000
    endloop
  endfacet
  facet normal 9.238795e-01 3.826834e-01 -0.000000e+00
    outer loop
      vertex 23.4000 -10.0000 0.0000
      vertex 23.4000 -10.0000 20.0000
      vertex 23.8686 -11.1314 20.0000
    endloop
  endfacet
  facet normal 9.238795e-01 3.826834e-01 0.000000e+00
    outer loop
      vertex 23.4000 -10.0000 0.0000
      vertex 23.8686 -11.1314 20.0000
      vertex 23.8686 -11.1314 0.0000
    endloop
  endfacet
  facet normal 3.826834e-01 9.238795e-01 -0.000000e+00
    outer loop
      vertex 23.8686 -11.1314 0.0000
      vertex 23.8686 -11.1314 20.0000
      vertex 25.0000 -11.6000 20.0000
    endloop
  endfacet
  facet normal 3.826834e-01 9.238795e-01 0.000000e+00
    outer loop
      vertex 23.8686 -11.1314 0.0000
      vertex 25.0000 -11.6000 20.0000
      vertex 25.0000 -11.6000 0.0000
    endloop
  endfacet
  facet normal -3.826834e-01 9.238795e-01 0.000000e+00
    outer loop
      vertex 25.0000 -11.6000 0.0000
      vertex 25.0000 -11.6000 20.0000
      vertex 26.1314 -11.1314 20.0000
    endloop
  endfacet
  facet normal -3.826834e-01 9.238795e-01 0.000000e+00
    outer loop
      vertex 25.0000 -11.6000 0.0000
      vertex 26.1314 -11.1314 20.0000
      vertex 26.1314 -11.1314 0.0000
    endloop
  endfacet
  facet normal -9.238795e-01 3.826834e-01 0.000000e+00
    outer loop
      vertex 26.1314 -11.1314 0.0000
      vertex 26.1314 -11.1314 20.0000
      vertex 26.6000 -10.0000 20.0000
    endloop
  endfacet
  facet normal -9.238795e-01 3.826834e-01 0.000000e+00
    outer loop
      vertex 26.1314 -11.1314 0.0000
      vertex 26.6000 -10.0000 20.0000
      vertex 26.6000 -10.0000 0.0000
    endloop
  endfacet
  facet normal -9.238795e-01 -3.826834e-01 0.000000e+00
    outer loop
      vertex 26.6000 -5.0000 0.0000
      vertex 26.6000 -5.0000 20.0000
      vertex 26.1314 -3.8686 20.0000
    endloop
  endfacet
  facet normal -9.238795e-01 -3.826834e-01 0.000000e+00
    outer loop
      vertex 26.6000 -5.0000 0.0000
      vertex 26.1314 -3.8686 20.0000
      vertex 26.1314 -3.8686 0.0000
    endloop
  endfacet
  facet normal -3.826834e-01 -9.238795e-01 0.000000e+00
    outer loop
      vertex 26.1314 -3.8686 0.0000
      vertex 26.1314 -3.8686 20.0000
      vertex 25.0000 -3.4000 20.0000
    endloop
  endfacet
  facet normal -3.826834e-01 -9.238795e-01 0.000000e+00
    outer loop
      vertex 26.1314 -3.8686 0.0000
      vertex 25.0000 -3.4000 20.0000
      vertex 25.0000 -3.4000 0.0000
    endloop
  endfacet
  facet normal 3.826834e-01 -9.238795e-01 0.000000e+00
    outer loop
      vertex 25.0000 -3.4000 0.0000
      vertex 25.0000 -3.4000 20.0000
      vertex 23.8686 -3.8686 20.0000
    endloop
  endfacet
  facet normal 3.826834e-01 -9.238795e-01 0.000000e+00
    outer loop
      vertex 25.0000 -3.4000 0.0000
      vertex 23.8686 -3.8686 20.0000
      vertex 23.8686 -3.8686 0.0000
    endloop
  endfacet
  facet normal 9.238795e-01 -3.826834e-01 0.000000e+00
    outer loop
      vertex 23.8686 -3.8686 0.0000
      vertex 23.8686 -3.8686 20.0000
      vertex 23.4000 -5.0000 20.0000
    endloop
  endfacet
  facet normal 9.238795e-01 -3.826834e-01 0.000000e+00
    outer loop
      vertex 23.8686 -3.8686 0.0000
      vertex 23.4000 -5.0000 20.0000
      vertex 23.4000 -5.0000 0.0000
    endloop
  endfacet
  facet normal 9.238795e-01 3.826834e-01 -0.000000e+00
    outer loop
      vertex 23.4000 -5.0000 0.0000
      vertex 23.4000 -5.0000 20.0000
      vertex 23.8686 -6.1314 20.0000
    endloop
  endfacet
  facet normal 9.238795e-01 3.826834e-01 0.000000e+00
    outer loop
      vertex 23.4000 -5.0000 0.0000
      vertex 23.8686 -6.1314 20.0000
      vertex 23.8686 -6.1314 0.0000
    endloop
  endfacet
  facet normal 3.826834e-01 9.238795e-01 -0.000000e+00
    outer loop
      vertex 23.8686 -6.1314 0.0000
      vertex 23.8686 -6.1314 20.0000
      vertex 25.0000 -6.6000 20.0000
    endloop
  endfacet
  facet normal 3.826834e-01 9.238795e-01 0.000000e+00
    outer loop
      vertex 23.8686 -6.1314 0.0000
      vertex 25.0000 -6.6000 20.0000
      vertex 25.0000 -6.6000 0.0000
    endloop
  endfacet
  facet normal -3.826834e-01 9.238795e-01 0.000000e+00
    outer loop
      vertex 25.0000 -6.6000 0.0000
      vertex 25.0000 -6.6000 20.0000
      vertex 26.1314 -6.1314 20.0000
    endloop
  endfacet
  facet normal -3.826834e-01 9.238795e-01 0.000000e+00
    outer loop
      vertex 25.0000 -6.6000 0.0000
      vertex 26.1314 -6.1314 20.0000
      vertex 26.1314 -6.1314 0.0000
    endloop
  endfacet
  facet normal -9.238795e-01 3.826834e-01 0.000000e+00
    outer loop
      vertex 26.1314 -6.1314 0.0000
      vertex 26.1314 -6.1314 20.0000
      vertex 26.6000 -5.0000 20.0000
    endloop
  endfacet
  facet normal -9.238795e-01 3.826834e-01 0.000000e+00
    outer loop
      vertex 26.1314 -6.1314 0.0000
      vertex 26.6000 -5.0000 20.0000
      vertex 26.6000 -5.0000 0.0000
    endloop
  endfacet
  facet normal -9.238795e-01 -3.826834e-01 0.000000e+00
    outer loop
      vertex 26.6000 0.0000 0.0000
      vertex 26.6000 0.0000 20.0000
      vertex 26.1314 1.1314 20.0000
    endloop
  endfacet
  facet normal -9.238795e-01 -3.826834e-01 0.000000e+00
    outer loop
      vertex 26.6000 0.0000 0.0000
      vertex 26.1314 1.1314 20.0000
      vertex 26.1314 1.1314 0.0000
    endloop
  endfacet
  facet normal -3.826834e-01 -9.238795e-01 0.000000e+00
    outer loop
      vertex 26.1314 1.1314 0.0000
      vertex 26.1314 1.1314 20.0000
      vertex 25.0000 1.6000 20.0000
    endloop
  endfacet
  facet normal -3.826834e-01 -9.238795e-01 0.000000e+00
    outer loop
      vertex 26.1314 1.1314 0.0000
      vertex 25.0000 1.6000 20.0000
      vertex 25.0000 1.6000 0.0000
    endloop
  endfacet
  facet normal 3.826834e-01 -9.238795e-01 0.000000e+00
    outer loop
      vertex 25.0000 1.6000 0.0000
      vertex 25.0000 1.6000 20.0000
      vertex 23.8686 1.1314 20.0000
    endloop
  endfacet
  facet normal 3.826834e-01 -9.238795e-01 0.000000e+00
    outer loop
      vertex 25.0000 1.6000 0.0000
      vertex 23.8686 1.1314 20.0000
      vertex 23.8686 1.1314 0.0000
    endloop
  endfacet
  facet normal 9.238795e-01 -3.826834e-01 0.000000e+00
    outer loop
      vertex 23.8686 1.1314 0.0000
      vertex 23.8686 1.1314 20.0000
      vertex 23.4000 0.0000 20.0000
    endloop
  endfacet
  facet normal 9.238795e-01 -3.826834e-01 0.000000e+00
    outer loop
      vertex 23.8686 1.1314 0.0000
      vertex 23.4000 0.0000 20.0000
      vertex 23.4000 0.0000 0.0000
    endloop
  endfacet
  facet normal 9.238795e-01 3.826834e-01 -0.000000e+00
    outer loop
      vertex 23.4000 0.0000 0.0000
      vertex 23.4000 0.0000 20.0000
      vertex 23.8686 -1.1314 20.0000
    endloop
  endfacet
  facet normal 9.238795e-01 3.826834e-01 0.000000e+00
    outer loop
      vertex 23.4000 0.0000 0.0000
      vertex 23.8686 -1.1314 20.0000
      vertex 23.8686 -1.1314 0.0000
    endloop
  endfacet
  facet normal 3.826834e-01 9.238795e-01 -0.000000e+00
    outer loop
      vertex 23.8686 -1.1314 0.0000
      vertex 23.8686 -1.1314 20.0000
      vertex 25.0000 -1.6000 20.0000
    endloop
  endfacet
  facet normal 3.826834e-01 9.238795e-01 0.000000e+00
    outer loop
      vertex 23.8686 -1.1314 0.0000
      vertex 25.0000 -1.6000 20.0000
      vertex 25.0000 -1.6000 0.0000
    endloop
  endfacet
  facet normal -3.826834e-01 9.238795e-01 0.000000e+00
    outer loop
      vertex 25.0000 -1.6000 0.0000
      vertex 25.0000 -1.6000 20.0000
      vertex 26.1314 -1.1314 20.0000
    endloop
  endfacet
  facet normal -3.826834e-01 9.238795e-01 0.000000e+00
    outer loop
      vertex 25.0000 -1.6000 0.0000
      vertex 26.1314 -1.1314 20.0000
      vertex 26.1314 -1.1314 0.0000
    endloop
  endfacet
  facet normal -9.238795e-01 3.826834e-01 0.000000e+00
    outer loop
      vertex 26.1314 -1.1314 0.0000
      vertex 26.1314 -1.1314 20.0000
      vertex 26.6000 0.0000 20.0000
    endloop
  endfacet
  facet normal -9.238795e-01 3.826834e-01 0.000000e+00
    outer loop
      vertex 26.1314 -1.1314 0.0000
      vertex 26.6000 0.0000 20.0000
      vertex 26.6000 0.0000 0.0000
    endloop
  endfacet
  facet normal -9.238795e-01 -3.826834e-01 0.000000e+00
    outer loop
      vertex 26.6000 5.0000 0.0000
      vertex 26.6000 5.0000 20.0000
      vertex 26.1314 6.1314 20.0000
    endloop
  endfacet
  facet normal -9.238795e-01 -3.826834e-01 0.000000e+00
    outer loop
      vertex 26.6000 5.0000 0.0000
      vertex 26.1314 6.1314 20.0000
      vertex 26.1314 6.1314 0.0000
    endloop
  endfacet
  facet normal -3.826834e-01 -9.238795e-01 0.000000e+00
    outer loop
      vertex 26.1314 6.1314 0.0000
      vertex 26.1314 6.1314 20.0000
      vertex 25.0000 6.6000 20.0000
    endloop
  endfacet
  facet normal -3.826834e-01 -9.238795e-01 0.000000e+00
    outer loop
      vertex 26.1314 6.1314 0.0000
      vertex 25.0000 6.6000 20.0000
      vertex 25.0000 6.6000 0.0000
    endloop
  endfacet
  facet normal 3.826834e-01 -9.238795e-01 0.000000e+00
    outer loop
      vertex 25.0000 6.6000 0.0000
      vertex 25.0000 6.6000 20.0000
      vertex 23.8686 6.1314 20.0000
    endloop
  endfacet
  facet normal 3.826834e-01 -9.238795e-01 0.000000e+00
    outer loop
      vertex 25.0000 6.6000 0.0000
      vertex 23.8686 6.1314 20.0000
      vertex 23.8686 6.1314 0.0000
    endloop
  endfacet
  facet normal 9.238795e-01 -3.826834e-01 0.000000e+00
    outer loop
      vertex 23.8686 6.1314 0.0000
      vertex 23.8686 6.1314 20.0000
      vertex 23.4000 5.0000 20.0000
    endloop
  endfacet
  facet normal 9.238795e-01 -3.826834e-01 0.000000e+00
    outer loop
      vertex 23.8686 6.1314 0.0000
      vertex 23.4000 5.0000 20.0000
      vertex 23.4000 5.0000 0.0000
    endloop
  endfacet
  facet normal 9.238795e-01 3.826834e-01 -0.000000e+00
    outer loop
      vertex 23.4000 5.0000 0.0000
      vertex 23.4000 5.0000 20.0000
      vertex 23.8686 3.8686 20.0000
    endloop
  endfacet
  facet normal 9.238795e-01 3.826834e-01 0.000000e+00
    outer loop
      vertex 23.4000 5.0000 0.0000
      vertex 23.8686 3.8686 20.0000
      vertex 23.8686 3.8686 0.0000
    endloop
  endfacet
  facet normal 3.826834e-01 9.238795e-01 -0.000000e+00
    outer loop
      vertex 23.8686 3.8686 0.0000
      vertex 23.8686 3.8686 20.0000
      vertex 25.0000 3.4000 20.0000
    endloop
  endfacet
  facet normal 3.826834e-01 9.238795e-01 0.000000e+00
    outer loop
      vertex 23.8686 3.8686 0.0000
      vertex 25.0000 3.4000 20.0000
      vertex 25.0000 3.4000 0.0000
    endloop
  endfacet
  facet normal -3.826834e-01 9.238795e-01 0.000000e+00
    outer loop
      vertex 25.0000 3.4000 0.0000
      vertex 25.0000 3.4000 20.0000
      vertex 26.1314 3.8686 20.0000
    endloop
  endfacet
  facet normal -3.826834e-01 9.238795e-01 0.000000e+00
    outer loop
      vertex 25.0000 3.4000 0.0000
      vertex 26.1314 3.8686 20.0000
      vertex 26.1314 3.8686 0.0000
    endloop
  endfacet
  facet normal -9.238795e-01 3.826834e-01 0.000000e+00
    outer loop
      vertex 26.1314 3.8686 0.0000
      vertex 26.1314 3.8686 20.0000
      vertex 26.6000 5.0000 20.0000
    endloop
  endfacet
  facet normal -9.238795e-01 3.826834e-01 0.000000e+00
    outer loop
      vertex 26.1314 3.8686 0.0000
      vertex 26.6000 5.0000 20.0000
      vertex 26.6000 5.0000 0.0000
    endloop
  endfacet
  facet normal -9.238795e-01 -3.826834e-01 0.000000e+00
    outer loop
      vertex 26.6000 10.0000 0.0000
      vertex 26.6000 10.0000 20.0000
      vertex 26.1314 11.1314 20.0000
    endloop
  endfacet
  facet normal -9.238795e-01 -3.826834e-01 0.000000e+00
    outer loop
      vertex 26.6000 10.0000 0.0000
      vertex 26.1314 11.1314 20.0000
      vertex 26.1314 11.1314 0.0000
    endloop
  endfacet
  facet normal -3.826834e-01 -9.238795e-01 0.000000e+00
    outer loop
      vertex 26.1314 11.1314 0.0000
      vertex 26.1314 11.1314 20.0000
      vertex 25.0000 11.6000 20.0000
    endloop
  endfacet
  facet normal -3.826834e-01 -9.238795e-01 0.000000e+00
    outer loop
      vertex 26.1314 11.1314 0.0000
      vertex 25.0000 11.6000 20.0000
      vertex 25.0000 11.6000 0.0000
    endloop
  endfacet
  facet normal 3.826834e-01 -9.238795e-01 0.000000e+00
    outer loop
      vertex 25.0000 11.6000 0.0000
      vertex 25.0000 11.6000 20.0000
      vertex 23.8686 11.1314 20.0000
    endloop
  endfacet
  facet normal 3.826834e-01 -9.238795e-01 0.000000e+00
    outer loop
      vertex 25.0000 11.6000 0.0000
      vertex 23.8686 11.1314 20.0000
      vertex 23.8686 11.1314 0.0000
    endloop
  endfacet
  facet normal 9.238795e-01 -3.826834e-01 0.000000e+00
    outer loop
      vertex 23.8686 11.1314 0.0000
      vertex 23.8686 11.1314 20.0000
      vertex 23.4000 10.0000 20.0000
    endloop
  endfacet
  facet normal 9.238795e-01 -3.826834e-01 0.000000e+00
    outer loop
      vertex 23.8686 11.1314 0.0000
      vertex 23.4000 10.0000 20.0000
      vertex 23.4000 10.0000 0.0000
    endloop
  endfacet
  facet normal 9.238795e-01 3.826834e-01 -0.000000e+00
    outer loop
      vertex 23.4000 10.0000 0.0000
      vertex 23.4000 10.0000 20.0000
      vertex 23.8686 8.8686 20.0000
    endloop
  endfacet
  facet normal 9.238795e-01 3.826834e-01 0.000000e+00
    outer loop
      vertex 23.4000 10.0000 0.0000
      vertex 23.8686 8.8686 20.0000
      vertex 23.8686 8.8686 0.0000
    endloop
  endfacet
  facet normal 3.826834e-01 9.238795e-01 -0.000000e+00
    outer loop
      vertex 23.8686 8.8686 0.0000
      vertex 23.8686 8.8686 20.0000
      vertex 25.0000 8.4000 20.0000
    endloop
  endfacet
  facet normal 3.826834e-01 9.238795e-01 0.000000e+00
    outer loop
      vertex 23.8686 8.8686 0.0000
      vertex 25.0000 8.4000 20.0000
      vertex 25.0000 8.4000 0.0000
    endloop
  endfacet
  facet normal -3.826834e-01 9.238795e-01 0.000000e+00
    outer loop
      vertex 25.0000 8.4000 0.0000
      vertex 25.0000 8.4000 20.0000
      vertex 26.1314 8.8686 20.0000
    endloop
  endfacet
  facet normal -3.826834e-01 9.238795e-01 0.000000e+00
    outer loop
      vertex 25.0000 8.4000 0.0000
      vertex 26.1314 8.8686 20.0000
      vertex 26.1314 8.8686 0.0000
    endloop
  endfacet
  facet normal -9.238795e-01 3.826834e-01 0.000000e+00
    outer loop
      vertex 26.1314 8.8686 0.0000
      vertex 26.1314 8.8686 20.0000
      vertex 26.6000 10.0000 20.0000
    endloop
  endfacet
  facet normal -9.238795e-01 3.826834e-01 0.000000e+00
    outer loop
      vertex 26.1314 8.8686 0.0000
      vertex 26.6000 10.0000 20.0000
      vertex 26.6000 10.0000 0.0000
    endloop
  endfacet
  facet normal -9.238795e-01 -3.826834e-01 0.000000e+00
    outer loop
      vertex 26.6000 15.0000 0.0000
      vertex 26.6000 15.0000 20.0000
      vertex 26.1314 16.1314 20.0000
    endloop
  endfacet
  facet normal -9.238795e-01 -3.826834e-01 0.000000e+00
    outer loop
      vertex 26.6000 15.0000 0.0000
      vertex 26.1314 16.1314 20.0000
      vertex 26.1314 16.1314 0.0000
    endloop
  endfacet
  facet normal -3.826834e-01 -9.238795e-01 0.000000e+00
    outer loop
      vertex 26.1314 16.1314 0.0000
      vertex 26.1314 16.1314 20.0000
      vertex 25.0000 16.6000 20.0000
    endloop
  endfacet
  facet normal -3.826834e-01 -9.238795e-01 0.000000e+00
    outer loop
      vertex 26.1314 16.1314 0.0000
      vertex 25.0000 16.6000 20.0000
      vertex 25.0000 16.6000 0.0000
    endloop
  endfacet
  facet normal 3.826834e-01 -9.238795e-01 0.000000e+00
    outer loop
      vertex 25.0000 16.6000 0.0000
      vertex 25.0000 16.6000 20.0000
      vertex 23.8686 16.1314 20.0000
    endloop
  endfacet
  facet normal 3.826834e-01 -9.238795e-01 0.000000e+00
    outer loop
      vertex 25.0000 16.6000 0.0000
      vertex 23.8686 16.1314 20.0000
      vertex 23.8686 16.1314 0.0000
    endloop
  endfacet
  facet normal 9.238795e-01 -3.826834e-01 0.000000e+00
    outer loop
      vertex 23.8686 16.1314 0.0000
      vertex 23.8686 16.1314 20.0000
      vertex 23.4000 15.0000 20.0000
    endloop
  endfacet
  facet normal 9.238795e-01 -3.826834e-01 0.000000e+00
    outer loop
      vertex 23.8686 16.1314 0.0000
      vertex 23.4000 15.0000 20.0000
      vertex 23.4000 15.0000 0.0000
    endloop
  endfacet
  facet normal 9.238795e-01 3.826834e-01 -0.000000e+00
    outer loop
      vertex 23.4000 15.0000 0.0000
      vertex 23.4000 15.0000 20.0000
      vertex 23.8686 13.8686 20.0000
    endloop
  endfacet
  facet normal 9.238795e-01 3.826834e-01 0.000000e+00
    outer loop
      vertex 23.4000 15.0000 0.0000
      vertex 23.8686 13.8686 20.0000
      vertex 23.8686 13.8686 0.0000
    endloop
  endfacet
  facet normal 3.826834e-01 9.238795e-01 -0.000000e+00
    outer loop
      vertex 23.8686 13.8686 0.0000
      vertex 23.8686 13.8686 20.0000
      vertex 25.0000 13.4000 20.0000
    endloop
  endfacet
  facet normal 3.826834e-01 9.238795e-01 0.000000e+00
    outer loop
      vertex 23.8686 13.8686 0.0000
      vertex 25.0000 13.4000 20.0000
      vertex 25.0000 13.4000 0.0000
    endloop
  endfacet
  facet normal -3.826834e-01 9.238795e-01 0.000000e+00
    outer loop
      vertex 25.0000 13.4000 0.0000
      vertex 25.0000 13.4000 20.0000
      vertex 26.1314 13.8686 20.0000
    endloop
  endfacet
  facet normal -3.826834e-01 9.238795e-01 0.000000e+00
    outer loop
      vertex 25.0000 13.4000 0.0000
      vertex 26.1314 13.8686 20.0000
      vertex 26.1314 13.8686 0.0000
    endloop
  endfacet
  facet normal -9.238795e-01 3.826834e-01 0.000000e+00
    outer loop
      vertex 26.1314 13.8686 0.0000
      vertex 26.1314 13.8686 20.0000
      vertex 26.6000 15.0000 20.0000
    endloop
  endfacet
  facet normal -9.238795e-01 3.826834e-01 0.000000e+00
    outer loop
      vertex 26.1314 13.8686 0.0000
      vertex 26.6000 15.0000 20.0000
      vertex 26.6000 15.0000 0.0000
    endloop
  endfacet
  facet normal -9.238795e-01 -3.826834e-01 0.000000e+00
    outer loop
      vertex 26.6000 20.0000 0.0000
      vertex 26.6000 20.0000 20.0000
      vertex 26.1314 21.1314 20.0000
    endloop
  endfacet
  facet normal -9.238795e-01 -3.826834e-01 0.000000e+00
    outer loop
      vertex 26.6000 20.0000 0.0000
      vertex 26.1314 21.1314 20.0000
      vertex 26.1314 21.1314 0.0000
    endloop
  endfacet
  facet normal -3.826834e-01 -9.238795e-01 0.000000e+00
    outer loop
      vertex 26.1314 21.1314 0.0000
      vertex 26.1314 21.1314 20.0000
      vertex 25.0000 21.6000 20.0000
    endloop
  endfacet
  facet normal -3.826834e-01 -9.238795e-01 0.000000e+00
    outer loop
      vertex 26.1314 21.1314 0.0000
      vertex 25.0000 21.6000 20.0000
      vertex 25.0000 21.6000 0.0000
    endloop
  endfacet
  facet normal 3.826834e-01 -9.238795e-01 0.000000e+00
    outer loop
      vertex 25.0000 21.6000 0.0000
      vertex 25.0000 21.6000 20.0000
      vertex 23.8686 21.1314 20.0000
    endloop
  endfacet
  facet normal 3.826834e-01 -9.238795e-01 0.000000e+00
    outer loop
      vertex 25.0000 21.6000 0.0000
      vertex 23.8686 21.1314 20.0000
      vertex 23.8686 21.1314 0.0000
    endloop
  endfacet
  facet normal 9.238795e-01 -3.826834e-01 0.000000e+00
    outer loop
      vertex 23.8686 21.1314 0.0000
      vertex 23.8686 21.1314 20.0000
      vertex 23.4000 20.0000 20.0000
    endloop
  endfacet
  facet normal 9.238795e-01 -3.826834e-01 0.000000e+00
    outer loop
      vertex 23.8686 21.1314 0.0000
      vertex 23.4000 20.0000 20.0000
      vertex 23.4000 20.0000 0.0000
    endloop
  endfacet
  facet normal 9.238795e-01 3.826834e-01 -0.000000e+00
    outer loop
      vertex 23.4000 20.0000 0.0000
      vertex 23.4000 20.0000 20.0000
      vertex 23.8686 18.8686 20.0000
    endloop
  endfacet
  facet normal 9.238795e-01 3.826834e-01 0.000000e+00
    outer loop
      vertex 23.4000 20.0000 0.0000
      vertex 23.8686 18.8686 20.0000
      vertex 23.8686 18.8686 0.0000
    endloop
  endfacet
  facet normal 3.826834e-01 9.238795e-01 -0.000000e+00
    outer loop
      vertex 23.8686 18.8686 0.0000
      vertex 23.8686 18.8686 20.0000
      vertex 25.0000 18.4000 20.0000
    endloop
  endfacet
  facet normal 3.826834e-01 9.238795e-01 0.000000e+00
    outer loop
      vertex 23.8686 18.8686 0.0000
      vertex 25.0000 18.4000 20.0000
      vertex 25.0000 18.4000 0.0000
    endloop
  endfacet
  facet normal -3.826834e-01 9.238795e-01 0.000000e+00
    outer loop
      vertex 25.0000 18.4000 0.0000
      vertex 25.0000 18.4000 20.0000
      vertex 26.1314 18.8686 20.0000
    endloop
  endfacet
  facet normal -3.826834e-01 9.238795e-01 0.000000e+00
    outer loop
      vertex 25.0000 18.4000 0.0000
      vertex 26.1314 18.8686 20.0000
      vertex 26.1314 18.8686 0.0000
    endloop
  endfacet
  facet normal -9.238795e-01 3.826834e-01 0.000000e+00
    outer loop
      vertex 26.1314 18.8686 0.0000
      vertex 26.1314 18.8686 20.0000
      vertex 26.6000 20.0000 20.0000
    endloop
  endfacet
  facet normal -9.238795e-01 3.826834e-01 0.000000e+00
    outer loop
      vertex 26.1314 18.8686 0.0000
      vertex 26.6000 20.0000 20.0000
      vertex 26.6000 20.0000 0.0000
    endloop
  endfacet
  facet normal -9.238795e-01 -3.826834e-01 0.000000e+00
    outer loop
      vertex 26.6000 25.0000 0.0000
      vertex 26.6000 25.0000 20.0000
      vertex 26.1314 26.1314 20.0000
    endloop
  endfacet
  facet normal -9.238795e-01 -3.826834e-01 0.000000e+00
    outer loop
      vertex 26.6000 25.0000 0.0000
      vertex 26.1314 26.1314 20.0000
      vertex 26.1314 26.1314 0.0000
    endloop
  endfacet
  facet normal -3.826834e-01 -9.238795e-01 0.000000e+00
    outer loop
      vertex 26.1314 26.1314 0.0000
      vertex 26.1314 26.1314 20.0000
      vertex 25.0000 26.6000 20.0000
    endloop
  endfacet
  facet normal -3.826834e-01 -9.238795e-01 0.000000e+00
    outer loop
      vertex 26.1314 26.1314 0.0000
      vertex 25.0000 26.6000 20.0000
      vertex 25.0000 26.6000 0.0000
    endloop
  endfacet
  facet normal 3.826834e-01 -9.238795e-01 0.000000e+00
    outer loop
      vertex 25.0000 26.6000 0.0000
      vertex 25.0000 26.6000 20.0000
      vertex 23.8686 26.1314 20.0000
    endloop
  endfacet
  facet normal 3.826834e-01 -9.238795e-01 0.000000e+00
    outer loop
      vertex 25.0000 26.6000 0.0000
      vertex 23.8686 26.1314 20.0000
      vertex 23.8686 26.1314 0.0000
    endloop
  endfacet
  facet normal 9.238795e-01 -3.826834e-01 0.000000e+00
    outer loop
      vertex 23.8686 26.1314 0.0000
      vertex 23.8686 26.1314 20.0000
      vertex 23.4000 25.0000 20.0000
    endloop
  endfacet
  facet normal 9.238795e-01 -3.826834e-01 0.000000e+00
    outer loop
      vertex 23.8686 26.1314 0.0000
      vertex 23.4000 25.0000 20.0000
      vertex 23.4000 25.0000 0.0000
    endloop
  endfacet
  facet normal 9.238795e-01 3.826834e-01 -0.000000e+00
    outer loop
      vertex 23.4000 25.0000 0.0000
      vertex 23.4000 25.0000 20.0000
      vertex 23.8686 23.8686 20.0000
    endloop
  endfacet
  facet normal 9.238795e-01 3.826834e-01 0.000000e+00
    outer loop
      vertex 23.4000 25.0000 0.0000
      vertex 23.8686 23.8686 20.0000
      vertex 23.8686 23.8686 0.0000
    endloop
  endfacet
  facet normal 3.826834e-01 9.238795e-01 -0.000000e+00
    outer loop
      vertex 23.8686 23.8686 0.0000
      vertex 23.8686 23.8686 20.0000
      vertex 25.0000 23.4000 20.0000
    endloop
  endfacet
  facet normal 3.826834e-01 9.238795e-01 0.000000e+00
    outer loop
      vertex 23.8686 23.8686 0.0000
      vertex 25.0000 23.4000 20.0000
      vertex 25.0000 23.4000 0.0000
    endloop
  endfacet
  facet normal -3.826834e-01 9.238795e-01 0.000000e+00
    outer loop
      vertex 25.0000 23.4000 0.0000
      vertex 25.0000 23.4000 20.0000
      vertex 26.1314 23.8686 20.0000
    endloop
  endfacet
  facet normal -3.826834e-01 9.238795e-01 0.000000e+00
    outer loop
      vertex 25.0000 23.4000 0.0000
      vertex 26.1314 23.8686 20.0000
      vertex 26.1314 23.8686 0.0000
    endloop
  endfacet
  facet normal -9.238795e-01 3.826834e-01 0.000000e+00
    outer loop
      vertex 26.1314 23.8686 0.0000
      vertex 26.1314 23.8686 20.0000
      vertex 26.6000 25.0000 20.0000
    endloop
  endfacet
  facet normal -9.238795e-01 3.826834e-01 0.000000e+00
    outer loop
      vertex 26.1314 23.8686 0.0000
      vertex 26.6000 25.0000 20.0000
      vertex 26.6000 25.0000 0.0000
    endloop
  endfacet
  facet normal -9.238795e-01 -3.826834e-01 0.000000e+00
    outer loop
      vertex 26.6000 30.0000 0.0000
      vertex 26.6000 30.0000 20.0000
      vertex 26.1314 31.1314 20.0000
    endloop
  endfacet
  facet normal -9.238795e-01 -3.826834e-01 0.000000e+00
    outer loop
      vertex 26.6000 30.0000 0.0000
      vertex 26.1314 31.1314 20.0000
      vertex 26.1314 31.1314 0.0000
    endloop
  endfacet
  facet normal -3.826834e-01 -9.238795e-01 0.000000e+00
    outer loop
      vertex 26.1314 31.1314 0.0000
      vertex 26.1314 31.1314 20.0000
      vertex 25.0000 31.6000 20.0000
    endloop
  endfacet
  facet normal -3.826834e-01 -9.238795e-01 0.000000e+00
    outer loop
      vertex 26.1314 31.1314 0.0000
      vertex 25.0000 31.6000 20.0000
      vertex 25.0000 31.6000 0.0000
    endloop
  endfacet
  facet normal 3.826834e-01 -9.238795e-01 0.000000e+00
    outer loop
      vertex 25.0000 31.6000 0.0000
      vertex 25.0000 31.6000 20.0000
      vertex 23.8686 31.1314 20.0000
    endloop
  endfacet
  facet normal 3.826834e-01 -9.238795e-01 0.000000e+00
    outer loop
      vertex 25.0000 31.6000 0.0000
      vertex 23.8686 31.1314 20.0000
      vertex 23.8686 31.1314 0.0000
    endloop
  endfacet
  facet normal 9.238795e-01 -3.826834e-01 0.000000e+00
    outer loop
      vertex 23.8686 31.1314 0.0000
      vertex 23.8686 31.1314 20.0000
      vertex 23.4000 30.0000 20.0000
    endloop
  endfacet
  facet normal 9.238795e-01 -3.826834e-01 0.000000e+00
    outer loop
      vertex 23.8686 31.1314 0.0000
      vertex 23.4000 30.0000 20.0000
      vertex 23.4000 30.0000 0.0000
    endloop
  endfacet
  facet normal 9.238795e-01 3.826834e-01 -0.000000e+00
    outer loop
      vertex 23.4000 30.0000 0.0000
      vertex 23.4000 30.0000 20.0000
      vertex 23.8686 28.8686 20.0000
    endloop
  endfacet
  facet normal 9.238795e-01 3.826834e-01 0.000000e+00
    outer loop
      vertex 23.4000 30.0000 0.0000
      vertex 23.8686 28.8686 20.0000
      vertex 23.8686 28.8686 0.0000
    endloop
  endfacet
  facet normal 3.826834e-01 9.238795e-01 -0.000000e+00
    outer loop
      vertex 23.8686 28.8686 0.0000
      vertex 23.8686 28.8686 20.0000
      vertex 25.0000 28.4000 20.0000
    endloop
  endfacet
  facet normal 3.826834e-01 9.238795e-01 0.000000e+00
    outer loop
      vertex 23.8686 28.8686 0.0000
      vertex 25.0000 28.4000 20.0000
      vertex 25.0000 28.4000 0.0000
    endloop
  endfacet
  facet normal -3.826834e-01 9.238795e-01 0.000000e+00
    outer loop
      vertex 25.0000 28.4000 0.0000
      vertex 25.0000 28.4000 20.0000
      vertex 26.1314 28.8686 20.0000
    endloop
  endfacet
  facet normal -3.826834e-01 9.238795e-01 0.000000e+00
    outer loop
      vertex 25.0000 28.4000 0.0000
      vertex 26.1314 28.8686 20.0000
      vertex 26.1314 28.8686 0.0000
    endloop
  endfacet
  facet normal -9.238795e-01 3.826834e-01 0.000000e+00
    outer loop
      vertex 26.1314 28.8686 0.0000
      vertex 26.1314 28.8686 20.0000
      vertex 26.6000 30.0000 20.0000
    endloop
  endfacet
  facet normal -9.238795e-01 3.826834e-01 0.000000e+00
    outer loop
      vertex 26.1314 28.8686 0.0000
      vertex 26.6000 30.0000 20.0000
      vertex 26.6000 30.0000 0.0000
    endloop
  endfacet
  facet normal -9.238795e-01 -3.826834e-01 0.000000e+00
    outer loop
      vertex 31.6000 -30.0000 0.0000
      vertex 31.6000 -30.0000 20.0000
      vertex 31.1314 -28.8686 20.0000
    endloop
  endfacet
  facet normal -9.238795e-01 -3.826834e-01 0.000000e+00
    outer loop
      vertex 31.6000 -30.0000 0.0000
      vertex 31.1314 -28.8686 20.0000
      vertex 31.1314 -28.8686 0.0000
    endloop
  endfacet
  facet normal -3.826834e-01 -9.238795e-01 0.000000e+00
    outer loop
      vertex 31.1314 -28.8686 0.0000
      vertex 31.1314 -28.8686 20.0000
      vertex 30.0000 -28.4000 20.0000
    endloop
  endfacet
  facet normal -3.826834e-01 -9.238795e-01 0.000000e+00
    outer loop
      vertex 31.1314 -28.8686 0.0000
      vertex 30.0000 -28.4000 20.0000
      vertex 30.0000 -28.4000 0.0000
    endloop
  endfacet
  facet normal 3.826834e-01 -9.238795e-01 0.000000e+00
    outer loop
      vertex 30.0000 -28.4000 0.0000
      vertex 30.0000 -28.4000 20.0000
      vertex 28.8686 -28.8686 20.0000
    endloop
  endfacet
  facet normal 3.826834e-01 -9.238795e-01 0.000000e+00
    outer loop
      vertex 30.0000 -28.4000 0.0000
      vertex 28.8686 -28.8686 20.0000
      vertex 28.8686 -28.8686 0.0000
    endloop
  endfacet
  facet normal 9.238795e-01 -3.826834e-01 0.000000e+00
    outer loop
      vertex 28.8686 -28.8686 0.0000
      vertex 28.8686 -28.8686 20.0000
      vertex 28.4000 -30.0000 20.0000
    endloop
  endfacet
  facet normal 9.238795e-01 -3.826834e-01 0.000000e+00
    outer loop
      vertex 28.8686 -28.8686 0.0000
      vertex 28.4000 -30.0000 20.0000
      vertex 28.4000 -30.0000 0.0000
    endloop
  endfacet
  facet normal 9.238795e-01 3.826834e-01 -0.000000e+00
    outer loop
      vertex 28.4000 -30.0000 0.0000
      vertex 28.4000 -30.0000 20.0000
      vertex 28.8686 -31.1314 20.0000
    endloop
  endfacet
  facet normal 9.238795e-01 3.826834e-01 0.000000e+00
    outer loop
      vertex 28.4000 -30.0000 0.0000
      vertex 28.8686 -31.1314 20.0000
      vertex 28.8686 -31.1314 0.0000
    endloop
  endfacet
  facet normal 3.826834e-01 9.238795e-01 -0.000000e+00
    outer loop
      vertex 28.8686 -31.1314 0.0000
      vertex 28.8686 -31.1314 20.0000
      vertex 30.0000 -31.6000 20.0000
    endloop
  endfacet
  facet normal 3.826834e-01 9.238795e-01 0.000000e+00
    outer loop
      vertex 28.8686 -31.1314 0.0000
      vertex 30.0000 -31.6000 20.0000
      vertex 30.0000 -31.6000 0.0000
    endloop
  endfacet
  facet normal -3.826834e-01 9.238795e-01 0.000000e+00
    outer loop
      vertex 30.0000 -31.6000 0.0000
      vertex 30.0000 -31.6000 20.0000
      vertex 31.1314 -31.1314 20.0000
    endloop
  endfacet
  facet normal -3.826834e-01 9.238795e-01 0.000000e+00
    outer loop
      vertex 30.0000 -31.6000 0.0000
      vertex 31.1314 -31.1314 20.0000
      vertex 31.1314 -31.1314 0.0000
    endloop
  endfacet
  facet normal -9.238795e-01 3.826834e-01 0.000000e+00
    outer loop
      vertex 31.1314 -31.1314 0.0000
      vertex 31.1314 -31.1314 20.0000
      vertex 31.6000 -30.0000 20.0000
    endloop
  endfacet
  facet normal -9.238795e-01 3.826834e-01 0.000000e+00
    outer loop
      vertex 31.1314 -31.1314 0.0000
      vertex 31.6000 -30.0000 20.0000
      vertex 31.6000 -30.0000 0.0000
    endloop
  endfacet
  facet normal -9.238795e-01 -3.826834e-01 0.000000e+00
    outer loop
      vertex 31.6000 -25.0000 0.0000
      vertex 31.6000 -25.0000 20.0000
      vertex 31.1314 -23.8686 20.0000
    endloop
  endfacet
  facet normal -9.238795e-01 -3.826834e-01 0.000000e+00
    outer loop
      vertex 31.6000 -25.0000 0.0000
      vertex 31.1314 -23.8686 20.0000
      vertex 31.1314 -23.8686 0.0000
    endloop
  endfacet
  facet normal -3.826834e-01 -9.238795e-01 0.000000e+00
    outer loop
      vertex 31.1314 -23.8686 0.0000
      vertex 31.1314 -23.8686 20.0000
      vertex 30.0000 -23.4000 20.0000
    endloop
  endfacet
  facet normal -3.826834e-01 -9.238795e-01 0.000000e+00
    outer loop
      vertex 31.1314 -23.8686 0.0000
      vertex 30.0000 -23.4000 20.0000
      vertex 30.0000 -23.4000 0.0000
    endloop
  endfacet
  facet normal 3.826834e-01 -9.238795e-01 0.000000e+00
    outer loop
      vertex 30.0000 -23.4000 0.0000
      vertex 30.0000 -23.4000 20.0000
      vertex 28.8686 -23.8686 20.0000
    endloop
  endfacet
  facet normal 3.826834e-01 -9.238795e-01 0.000000e+00
    outer loop
      vertex 30.0000 -23.4000 0.0000
      vertex 28.8686 -23.8686 20.0000
      vertex 28.8686 -23.8686 0.0000
    endloop
  endfacet
  facet normal 9.238795e-01 -3.826834e-01 0.000000e+00
    outer loop
      vertex 28.8686 -23.8686 0.0000
      vertex 28.8686 -23.8686 20.0000
      vertex 28.4000 -25.0000 20.0000
    endloop
  endfacet
  facet normal 9.238795e-01 -3.826834e-01 0.000000e+00
    outer loop
      vertex 28.8686 -23.8686 0.0000
      vertex 28.4000 -25.0000 20.0000
      vertex 28.4000 -25.0000 0.0000
    endloop
  endfacet
  facet normal 9.238795e-01 3.826834e-01 -0.000000e+00
    outer loop
      vertex 28.4000 -25.0000 0.0000
      vertex 28.4000 -25.0000 20.0000
      vertex 28.8686 -26.1314 20.0000
    endloop
  endfacet
  facet normal 9.238795e-01 3.826834e-01 0.000000e+00
    outer loop
      vertex 28.4000 -25.0000 0.0000
      vertex 28.8686 -26.1314 20.0000
      vertex 28.8686 -26.1314 0.0000
    endloop
  endfacet
  facet normal 3.826834e-01 9.238795e-01 -0.000000e+00
    outer loop
      vertex 28.8686 -26.1314 0.0000
      vertex 28.8686 -26.1314 20.0000
      vertex 30.0000 -26.6000 20.0000
    endloop
  endfacet
  facet normal 3.826834e-01 9.238795e-01 0.000000e+00
    outer loop
      vertex 28.8686 -26.1314 0.0000
      vertex 30.0000 -26.6000 20.0000
      vertex 30.0000 -26.6000 0.0000
    endloop
  endfacet
  facet normal -3.826834e-01 9.238795e-01 0.000000e+00
    outer loop
      vertex 30.0000 -26.6000 0.0000
      vertex 30.0000 -26.6000 20.0000
      vertex 31.1314 -26.1314 20.0000
    endloop
  endfacet
  facet normal -3.826834e-01 9.238795e-01 0.000000e+00
    outer loop
      vertex 30.0000 -26.6000 0.0000
      vertex 31.1314 -26.1314 20.0000
      vertex 31.1314 -26.1314 0.0000
    endloop
  endfacet
  facet normal -9.238795e-01 3.826834e-01 0.000000e+00
    outer loop
      vertex 31.1314 -26.1314 0.0000
      vertex 31.1314 -26.1314 20.0000
      vertex 31.6000 -25.0000 20.0000
    endloop
  endfacet
  facet normal -9.238795e-01 3.826834e-01 0.000000e+00
    outer loop
      vertex 31.1314 -26.1314 0.0000
      vertex 31.6000 -25.0000 20.0000
      vertex 31.6000 -25.0000 0.0000
    endloop
  endfacet
  facet normal -9.238795e-01 -3.826834e-01 0.000000e+00
    outer loop
      vertex 31.6000 -20.0000 0.0000
      vertex 31.6000 -20.0000 20.0000
      vertex 31.1314 -18.8686 20.0000
    endloop
  endfacet
  facet normal -9.238795e-01 -3.826834e-01 0.000000e+00
    outer loop
      vertex 31.6000 -20.0000 0.0000
      vertex 31.1314 -18.8686 20.0000
      vertex 31.1314 -18.8686 0.0000
    endloop
  endfacet
  facet normal -3.826834e-01 -9.238795e-01 0.000000e+00
    outer loop
      vertex 31.1314 -18.8686 0.0000
      vertex 31.1314 -18.8686 20.0000
      vertex 30.0000 -18.4000 20.0000
    endloop
  endfacet
  facet normal -3.826834e-01 -9.238795e-01 0.000000e+00
    outer loop
      vertex 31.1314 -18.8686 0.0000
      vertex 30.0000 -18.4000 20.0000
      vertex 30.0000 -18.4000 0.0000
    endloop
  endfacet
  facet normal 3.826834e-01 -9.238795e-01 0.000000e+00
    outer loop
      vertex 30.0000 -18.4000 0.0000
      vertex 30.0000 -18.4000 20.0000
      vertex 28.8686 -18.8686 20.0000
    endloop
  endfacet
  facet normal 3.826834e-01 -9.238795e-01 0.000000e+00
    outer loop
      vertex 30.0000 -18.4000 0.0000
      vertex 28.8686 -18.8686 20.0000
      vertex 28.8686 -18.8686 0.0000
    endloop
  endfacet
  facet normal 9.238795e-01 -3.826834e-01 0.000000e+00
    outer loop
      vertex 28.8686 -18.8686 0.0000
      vertex 28.8686 -18.8686 20.0000
      vertex 28.4000 -20.0000 20.0000
    endloop
  endfacet
  facet normal 9.238795e-01 -3.826834e-01 0.000000e+00
    outer loop
      vertex 28.8686 -18.8686 0.0000
      vertex 28.4000 -20.0000 20.0000
      vertex 28.4000 -20.0000 0.0000
    endloop
  endfacet
  facet normal 9.238795e-01 3.826834e-01 -0.000000e+00
    outer loop
      vertex 28.4000 -20.0000 0.0000
      vertex 28.4000 -20.0000 20.0000
      vertex 28.8686 -21.1314 20.0000
    endloop
  endfacet
  facet normal 9.238795e-01 3.826834e-01 0.000000e+00
    outer loop
      vertex 28.4000 -20.0000 0.0000
      vertex 28.8686 -21.1314 20.0000
      vertex 28.8686 -21.1314 0.0000
    endloop
  endfacet
  facet normal 3.826834e-01 9.238795e-01 -0.000000e+00
    outer loop
      vertex 28.8686 -21.1314 0.0000
      vertex 28.8686 -21.1314 20.0000
      vertex 30.0000 -21.6000 20.0000
    endloop
  endfacet
  facet normal 3.826834e-01 9.238795e-01 0.000000e+00
    outer loop
      vertex 28.8686 -21.1314 0.0000
      vertex 30.0000 -21.6000 20.0000
      vertex 30.0000 -21.6000 0.0000
    endloop
  endfacet
  facet normal -3.826834e-01 9.238795e-01 0.000000e+00
    outer loop
      vertex 30.0000 -21.6000 0.0000
      vertex 30.0000 -21.6000 20.0000
      vertex 31.1314 -21.1314 20.0000
    endloop
  endfacet
  facet normal -3.826834e-01 9.238795e-01 0.000000e+00
    outer loop
      vertex 30.0000 -21.6000 0.0000
      vertex 31.1314 -21.1314 20.0000
      vertex 31.1314 -21.1314 0.0000
    endloop
  endfacet
  facet normal -9.238795e-01 3.826834e-01 0.000000e+00
    outer loop
      vertex 31.1314 -21.1314 0.0000
      vertex 31.1314 -21.1314 20.0000
      vertex 31.6000 -20.0000 20.0000
    endloop
  endfacet
  facet normal -9.238795e-01 3.826834e-01 0.000000e+00
    outer loop
      vertex 31.1314 -21.1314 0.0000
      vertex 31.6000 -20.0000 20.0000
      vertex 31.6000 -20.0000 0.0000
    endloop
  endfacet
  facet normal -9.238795e-01 -3.826834e-01 0.000000e+00
    outer loop
      vertex 31.6000 -15.0000 0.0000
      vertex 31.6000 -15.0000 20.0000
      vertex 31.1314 -13.8686 20.0000
    endloop
  endfacet
  facet normal -9.238795e-01 -3.826834e-01 0.000000e+00
    outer loop
      vertex 31.6000 -15.0000 0.0000
      vertex 31.1314 -13.8686 20.0000
      vertex 31.1314 -13.8686 0.0000
    endloop
  endfacet
  facet normal -3.826834e-01 -9.238795e-01 0.000000e+00
    outer loop
      vertex 31.1314 -13.8686 0.0000
      vertex 31.1314 -13.8686 20.0000
      vertex 30.0000 -13.4000 20.0000
    endloop
  endfacet
  facet normal -3.826834e-01 -9.238795e-01 0.000000e+00
    outer loop
      vertex 31.1314 -13.8686 0.0000
      vertex 30.0000 -13.4000 20.0000
      vertex 30.0000 -13.4000 0.0000
    endloop
  endfacet
  facet normal 3.826834e-01 -9.238795e-01 0.000000e+00
    outer loop
      vertex 30.0000 -13.4000 0.0000
      vertex 30.0000 -13.4000 20.0000
      vertex 28.8686 -13.8686 20.0000
    endloop
  endfacet
  facet normal 3.826834e-01 -9.238795e-01 0.000000e+00
    outer loop
      vertex 30.0000 -13.4000 0.0000
      vertex 28.8686 -13.8686 20.0000
      vertex 28.8686 -13.8686 0.0000
    endloop
  endfacet
  facet normal 9.238795e-01 -3.826834e-01 0.000000e+00
    outer loop
      vertex 28.8686 -13.8686 0.0000
      vertex 28.8686 -13.8686 20.0000
      vertex 28.4000 -15.0000 20.0000
    endloop
  endfacet
  facet normal 9.238795e-01 -3.826834e-01 0.000000e+00
    outer loop
      vertex 28.8686 -13.8686 0.0000
      vertex 28.4000 -15.0000 20.0000
      vertex 28.4000 -15.0000 0.0000
    endloop
  endfacet
  facet normal 9.238795e-01 3.826834e-01 -0.000000e+00
    outer loop
      vertex 28.4000 -15.0000 0.0000
      vertex 28.4000 -15.0000 20.0000
      vertex 28.8686 -16.1314 20.0000
    endloop
  endfacet
  facet normal 9.238795e-01 3.826834e-01 0.000000e+00
    outer loop
      vertex 28.4000 -15.0000 0.0000
      vertex 28.8686 -16.1314 20.0000
      vertex 28.8686 -16.1314 0.0000
    endloop
  endfacet
  facet normal 3.826834e-01 9.238795e-01 -0.000000e+00
    outer loop
      vertex 28.8686 -16.1314 0.0000
      vertex 28.8686 -16.1314 20.0000
      vertex 30.0000 -16.6000 20.0000
    endloop
  endfacet
  facet normal 3.826834e-01 9.238795e-01 0.000000e+00
    outer loop
      vertex 28.8686 -16.1314 0.0000
      vertex 30.0000 -16.6000 20.0000
      vertex 30.0000 -16.6000 0.0000
    endloop
  endfacet
  facet normal -3.826834e-01 9.238795e-01 0.000000e+00
    outer loop
      vertex 30.0000 -16.6000 0.0000
      vertex 30.0000 -16.6000 20.0000
      vertex 31.1314 -16.1314 20.0000
    endloop
  endfacet
  facet normal -3.826834e-01 9.238795e-01 0.000000e+00
    outer loop
      vertex 30.0000 -16.6000 0.0000
      vertex 31.1314 -16.1314 20.0000
      vertex 31.1314 -16.1314 0.0000
    endloop
  endfacet
  facet normal -9.238795e-01 3.826834e-01 0.000000e+00
    outer loop
      vertex 31.1314 -16.1314 0.0000
      vertex 31.1314 -16.1314 20.0000
      vertex 31.6000 -15.0000 20.0000
    endloop
  endfacet
  facet normal -9.238795e-01 3.826834e-01 0.000000e+00
    outer loop
      vertex 31.1314 -16.1314 0.0000
      vertex 31.6000 -15.0000 20.0000
      vertex 31.6000 -15.0000 0.0000
    endloop
  endfacet
  facet normal -9.238795e-01 -3.826834e-01 0.000000e+00
    outer loop
      vertex 31.6000 -10.0000 0.0000
      vertex 31.6000 -10.0000 20.0000
      vertex 31.1314 -8.8686 20.0000
    endloop
  endfacet
  facet normal -9.238795e-01 -3.826834e-01 0.000000e+00
    outer loop
      vertex 31.6000 -10.0000 0.0000
      vertex 31.1314 -8.8686 20.0000
      vertex 31.1314 -8.8686 0.0000
    endloop
  endfacet
  facet normal -3.826834e-01 -9.238795e-01 0.000000e+00
    outer loop
      vertex 31.1314 -8.8686 0.0000
      vertex 31.1314 -8.8686 20.0000
      vertex 30.0000 -8.4000 20.0000
    endloop
  endfacet
  facet normal -3.826834e-01 -9.238795e-01 0.000000e+00
    outer loop
      vertex 31.1314 -8.8686 0.0000
      vertex 30.0000 -8.4000 20.0000
      vertex 30.0000 -8.4000 0.0000
    endloop
  endfacet
  facet normal 3.826834e-01 -9.238795e-01 0.000000e+00
    outer loop
      vertex 30.0000 -8.4000 0.0000
      vertex 30.0000 -8.4000 20.0000
      vertex 28.8686 -8.8686 20.0000
    endloop
  endfacet
  facet normal 3.826834e-01 -9.238795e-01 0.000000e+00
    outer loop
      vertex 30.0000 -8.4000 0.0000
      vertex 28.8686 -8.8686 20.0000
      vertex 28.8686 -8.8686 0.0000
    endloop
  endfacet
  facet normal 9.238795e-01 -3.826834e-01 0.000000e+00
    outer loop
      vertex 28.8686 -8.8686 0.0000
      vertex 28.8686 -8.8686 20.0000
      vertex 28.4000 -10.0000 20.0000
    endloop
  endfacet
  facet normal 9.238795e-01 -3.826834e-01 0.000000e+00
    outer loop
      vertex 28.8686 -8.8686 0.0000
      vertex 28.4000 -10.0000 20.0000
      vertex 28.4000 -10.0000 0.0000
    endloop
  endfacet
  facet normal 9.238795e-01 3.826834e-01 -0.000000e+00
    outer loop
      vertex 28.4000 -10.0000 0.0000
      vertex 28.4000 -10.0000 20.0000
      vertex 28.8686 -11.1314 20.0000
    endloop
  endfacet
  facet normal 9.238795e-01 3.826834e-01 0.000000e+00
    outer loop
      vertex 28.4000 -10.0000 0.0000
      vertex 28.8686 -11.1314 20.0000
      vertex 28.8686 -11.1314 0.0000
    endloop
  endfacet
  facet normal 3.826834e-01 9.238795e-01 -0.000000e+00
    outer loop
      vertex 28.8686 -11.1314 0.0000
      vertex 28.8686 -11.1314 20.0000
      vertex 30.0000 -11.6000 20.0000
    endloop
  endfacet
  facet normal 3.826834e-01 9.238795e-01 0.000000e+00
    outer loop
      vertex 28.8686 -11.1314 0.0000
      vertex 30.0000 -11.6000 20.0000
      vertex 30.0000 -11.6000 0.0000
    endloop
  endfacet
  facet normal -3.826834e-01 9.238795e-01 0.000000e+00
    outer loop
      vertex 30.0000 -11.6000 0.0000
      vertex 30.0000 -11.6000 20.0000
      vertex 31.1314 -11.1314 20.0000
    endloop
  endfacet
  facet normal -3.826834e-01 9.238795e-01 0.000000e+00
    outer loop
      vertex 30.0000 -11.6000 0.0000
      vertex 31.1314 -11.1314 20.0000
      vertex 31.1314 -11.1314 0.0000
    endloop
  endfacet
  facet normal -9.238795e-01 3.826834e-01 0.000000e+00
    outer loop
      vertex 31.1314 -11.1314 0.0000
      vertex 31.1314 -11.1314 20.0000
      vertex 31.6000 -10.0000 20.0000
    endloop
  endfacet
  facet normal -9.238795e-01 3.826834e-01 0.000000e+00
    outer loop
      vertex 31.1314 -11.1314 0.0000
      vertex 31.6000 -10.0000 20.0000
      vertex 31.6000 -10.0000 0.0000
    endloop
  endfacet
  facet normal -9.238795e-01 -3.826834e-01 0.000000e+00
    outer loop
      vertex 31.6000 -5.0000 0.0000
      vertex 31.6000 -5.0000 20.0000
      vertex 31.1314 -3.8686 20.0000
    endloop
  endfacet
  facet normal -9.238795e-01 -3.826834e-01 0.000000e+00
    outer loop
      vertex 31.6000 -5.0000 0.0000
      vertex 31.1314 -3.8686 20.0000
      vertex 31.1314 -3.8686 0.0000
    endloop
  endfacet
  facet normal -3.826834e-01 -9.238795e-01 0.000000e+00
    outer loop
      vertex 31.1314 -3.8686 0.0000
      vertex 31.1314 -3.8686 20.0000
      vertex 30.0000 -3.4000 20.0000
    endloop
  endfacet
  facet normal -3.826834e-01 -9.238795e-01 0.000000e+00
    outer loop
      vertex 31.1314 -3.8686 0.0000
      vertex 30.0000 -3.4000 20.0000
      vertex 30.0000 -3.4000 0.0000
    endloop
  endfacet
  facet normal 3.826834e-01 -9.238795e-01 0.000000e+00
    outer loop
      vertex 30.0000 -3.4000 0.0000
      vertex 30.0000 -3.4000 20.0000
      vertex 28.8686 -3.8686 20.0000
    endloop
  endfacet
  facet normal 3.826834e-01 -9.238795e-01 0.000000e+00
    outer loop
      vertex 30.0000 -3.4000 0.0000
      vertex 28.8686 -3.8686 20.0000
      vertex 28.8686 -3.8686 0.0000
    endloop
  endfacet
  facet normal 9.238795e-01 -3.826834e-01 0.000000e+00
    outer loop
      vertex 28.8686 -3.8686 0.0000
      vertex 28.8686 -3.8686 20.0000
      vertex 28.4000 -5.0000 20.0000
    endloop
  endfacet
  facet normal 9.238795e-01 -3.826834e-01 0.000000e+00
    outer loop
      vertex 28.8686 -3.8686 0.0000
      vertex 28.4000 -5.0000 20.0000
      vertex 28.4000 -5.0000 0.0000
    endloop
  endfacet
  facet normal 9.238795e-01 3.826834e-01 -0.000000e+00
    outer loop
      vertex 28.4000 -5.0000 0.0000
      vertex 28.4000 -5.0000 20.0000
      vertex 28.8686 -6.1314 20.0000
    endloop
  endfacet
  facet normal 9.238795e-01 3.826834e-01 0.000000e+00
    outer loop
      vertex 28.4000 -5.0000 0.0000
      vertex 28.8686 -6.1314 20.0000
      vertex 28.8686 -6.1314 0.0000
    endloop
  endfacet
  facet normal 3.826834e-01 9.238795e-01 -0.000000e+00
    outer loop
      vertex 28.8686 -6.1314 0.0000
      vertex 28.8686 -6.1314 20.0000
      vertex 30.0000 -6.6000 20.0000
    endloop
  endfacet
  facet normal 3.826834e-01 9.238795e-01 0.000000e+00
    outer loop
      vertex 28.8686 -6.1314 0.0000
      vertex 30.0000 -6.6000 20.0000
      vertex 30.0000 -6.6000 0.0000
    endloop
  endfacet
  facet normal -3.826834e-01 9.238795e-01 0.000000e+00
    outer loop
      vertex 30.0000 -6.6000 0.0000
      vertex 30.0000 -6.6000 20.0000
      vertex 31.1314 -6.1314 20.0000
    endloop
  endfacet
  facet normal -3.826834e-01 9.238795e-01 0.000000e+00
    outer loop
      vertex 30.0000 -6.6000 0.0000
      vertex 31.1314 -6.1314 20.0000
      vertex 31.1314 -6.1314 0.0000
    endloop
  endfacet
  facet normal -9.238795e-01 3.826834e-01 0.000000e+00
    outer loop
      vertex 31.1314 -6.1314 0.0000
      vertex 31.1314 -6.1314 20.0000
      vertex 31.6000 -5.0000 20.0000
    endloop
  endfacet
  facet normal -9.238795e-01 3.826834e-01 0.000000e+00
    outer loop
      vertex 31.1314 -6.1314 0.0000
      vertex 31.6000 -5.0000 20.0000
      vertex 31.6000 -5.0000 0.0000
    endloop
  endfacet
  facet normal -9.238795e-01 -3.826834e-01 0.000000e+00
    outer loop
      vertex 31.6000 0.0000 0.0000
      vertex 31.6000 0.0000 20.0000
      vertex 31.1314 1.1314 20.0000
    endloop
  endfacet
  facet normal -9.238795e-01 -3.826834e-01 0.000000e+00
    outer loop
      vertex 31.6000 0.0000 0.0000
      vertex 31.1314 1.1314 20.0000
      vertex 31.1314 1.1314 0.0000
    endloop
  endfacet
  facet normal -3.826834e-01 -9.238795e-01 0.000000e+00
    outer loop
      vertex 31.1314 1.1314 0.0000
      vertex 31.1314 1.1314 20.0000
      vertex 30.0000 1.6000 20.0000
    endloop
  endfacet
  facet normal -3.826834e-01 -9.238795e-01 0.000000e+00
    outer loop
      vertex 31.1314 1.1314 0.0000
      vertex 30.0000 1.6000 20.0000
      vertex 30.0000 1.6000 0.0000
    endloop
  endfacet
  facet normal 3.826834e-01 -9.238795e-01 0.000000e+00
    outer loop
      vertex 30.0000 1.6000 0.0000
      vertex 30.0000 1.6000 20.0000
      vertex 28.8686 1.1314 20.0000
    endloop
  endfacet
  facet normal 3.826834e-01 -9.238795e-01 0.000000e+00
    outer loop
      vertex 30.0000 1.6000 0.0000
      vertex 28.8686 1.1314 20.0000
      vertex 28.8686 1.1314 0.0000
    endloop
  endfacet
  facet normal 9.238795e-01 -3.826834e-01 0.000000e+00
    outer loop
      vertex 28.8686 1.1314 0.0000
      vertex 28.8686 1.1314 20.0000
      vertex 28.4000 0.0000 20.0000
    endloop
  endfacet
  facet normal 9.238795e-01 -3.826834e-01 0.000000e+00
    outer loop
      vertex 28.8686 1.1314 0.0000
      vertex 28.4000 0.0000 20.0000
      vertex 28.4000 0.0000 0.0000
    endloop
  endfacet
  facet normal 9.238795e-01 3.826834e-01 -0.000000e+00
    outer loop
      vertex 28.4000 0.0000 0.0000
      vertex 28.4000 0.0000 20.0000
      vertex 28.8686 -1.1314 20.0000
    endloop
  endfacet
  facet normal 9.238795e-01 3.826834e-01 0.000000e+00
    outer loop
      vertex 28.4000 0.0000 0.0000
      vertex 28.8686 -1.1314 20.0000
      vertex 28.8686 -1.1314 0.0000
    endloop
  endfacet
  facet normal 3.826834e-01 9.238795e-01 -0.000000e+00
    outer loop
      vertex 28.8686 -1.1314 0.0000
      vertex 28.8686 -1.1314 20.0000
      vertex 30.0000 -1.6000 20.0000
    endloop
  endfacet
  facet normal 3.826834e-01 9.238795e-01 0.000000e+00
    outer loop
      vertex 28.8686 -1.1314 0.0000
      vertex 30.0000 -1.6000 20.0000
      vertex 30.0000 -1.6000 0.0000
    endloop
  endfacet
  facet normal -3.826834e-01 9.238795e-01 0.000000e+00
    outer loop
      vertex 30.0000 -1.6000 0.0000
      vertex 30.0000 -1.6000 20.0000
      vertex 31.1314 -1.1314 20.0000
    endloop
  endfacet
  facet normal -3.826834e-01 9.238795e-01 0.000000e+00
    outer loop
      vertex 30.0000 -1.6000 0.0000
      vertex 31.1314 -1.1314 20.0000
      vertex 31.1314 -1.1314 0.0000
    endloop
  endfacet
  facet normal -9.238795e-01 3.826834e-01 0.000000e+00
    outer loop
      vertex 31.1314 -1.1314 0.0000
      vertex 31.1314 -1.1314 20.0000
      vertex 31.6000 0.0000 20.0000
    endloop
  endfacet
  facet normal -9.238795e-01 3.826834e-01 0.000000e+00
    outer loop
      vertex 31.1314 -1.1314 0.0000
      vertex 31.6000 0.0000 20.0000
      vertex 31.6000 0.0000 0.0000
    endloop
  endfacet
  facet normal -9.238795e-01 -3.826834e-01 0.000000e+00
    outer loop
      vertex 31.6000 5.0000 0.0000
      vertex 31.6000 5.0000 20.0000
      vertex 31.1314 6.1314 20.0000
    endloop
  endfacet
  facet normal -9.238795e-01 -3.826834e-01 0.000000e+00
    outer loop
      vertex 31.6000 5.0000 0.0000
      vertex 31.1314 6.1314 20.0000
      vertex 31.1314 6.1314 0.0000
    endloop
  endfacet
  facet normal -3.826834e-01 -9.238795e-01 0.000000e+00
    outer loop
      vertex 31.1314 6.1314 0.0000
      vertex 31.1314 6.1314 20.0000
      vertex 30.0000 6.6000 20.0000
    endloop
  endfacet
  facet normal -3.826834e-01 -9.238795e-01 0.000000e+00
    outer loop
      vertex 31.1314 6.1314 0.0000
      vertex 30.0000 6.6000 20.0000
      vertex 30.0000 6.6000 0.0000
    endloop
  endfacet
  facet normal 3.826834e-01 -9.238795e-01 0.000000e+00
    outer loop
      vertex 30.0000 6.6000 0.0000
      vertex 30.0000 6.6000 20.0000
      vertex 28.8686 6.1314 20.0000
    endloop
  endfacet
  facet normal 3.826834e-01 -9.238795e-01 0.000000e+00
    outer loop
      vertex 30.0000 6.6000 0.0000
      vertex 28.8686 6.1314 20.0000
      vertex 28.8686 6.1314 0.0000
    endloop
  endfacet
  facet normal 9.238795e-01 -3.826834e-01 0.000000e+00
    outer loop
      vertex 28.8686 6.1314 0.0000
      vertex 28.8686 6.1314 20.0000
      vertex 28.4000 5.0000 20.0000
    endloop
  endfacet
  facet normal 9.238795e-01 -3.826834e-01 0.000000e+00
    outer loop
      vertex 28.8686 6.1314 0.0000
      vertex 28.4000 5.0000 20.0000
      vertex 28.4000 5.0000 0.0000
    endloop
  endfacet
  facet normal 9.238795e-01 3.826834e-01 -0.000000e+00
    outer loop
      vertex 28.4000 5.0000 0.0000
      vertex 28.4000 5.0000 20.0000
      vertex 28.8686 3.8686 20.0000
    endloop
  endfacet
  facet normal 9.238795e-01 3.826834e-01 0.000000e+00
    outer loop
      vertex 28.4000 5.0000 0.0000
      vertex 28.8686 3.8686 20.0000
      vertex 28.8686 3.8686 0.0000
    endloop
  endfacet
  facet normal 3.826834e-01 9.238795e-01 -0.000000e+00
    outer loop
      vertex 28.8686 3.8686 0.0000
      vertex 28.8686 3.8686 20.0000
      vertex 30.0000 3.4000 20.0000
    endloop
  endfacet
  facet normal 3.826834e-01 9.238795e-01 0.000000e+00
    outer loop
      vertex 28.8686 3.8686 0.0000
      vertex 30.0000 3.4000 20.0000
      vertex 30.0000 3.4000 0.0000
    endloop
  endfacet
  facet normal -3.826834e-01 9.238795e-01 0.000000e+00
    outer loop
      vertex 30.0000 3.4000 0.0000
      vertex 30.0000 3.4000 20.0000
      vertex 31.1314 3.8686 20.0000
    endloop
  endfacet
  facet normal -3.826834e-01 9.238795e-01 0.000000e+00
    outer loop
      vertex 30.0000 3.4000 0.0000
      vertex 31.1314 3.8686 20.0000
      vertex 31.1314 3.8686 0.0000
    endloop
  endfacet
  facet normal -9.238795e-01 3.826834e-01 0.000000e+00
    outer loop
      vertex 31.1314 3.8686 0.0000
      vertex 31.1314 3.8686 20.0000
      vertex 31.6000 5.0000 20.0000
    endloop
  endfacet
  facet normal -9.238795e-01 3.826834e-01 0.000000e+00
    outer loop
      vertex 31.1314 3.8686 0.0000
      vertex 31.6000 5.0000 20.0000
      vertex 31.6000 5.0000 0.0000
    endloop
  endfacet
  facet normal -9.238795e-01 -3.826834e-01 0.000000e+00
    outer loop
      vertex 31.6000 10.0000 0.0000
      vertex 31.6000 10.0000 20.0000
      vertex 31.1314 11.1314 20.0000
    endloop
  endfacet
  facet normal -9.238795e-01 -3.826834e-01 0.000000e+00
    outer loop
      vertex 31.6000 10.0000 0.0000
      vertex 31.1314 11.1314 20.0000
      vertex 31.1314 11.1314 0.0000
    endloop
  endfacet
  facet normal -3.826834e-01 -9.238795e-01 0.000000e+00
    outer loop
      vertex 31.1314 11.1314 0.0000
      vertex 31.1314 11.1314 20.0000
      vertex 30.0000 11.6000 20.0000
    endloop
  endfacet
  facet normal -3.826834e-01 -9.238795e-01 0.000000e+00
    outer loop
      vertex 31.1314 11.1314 0.0000
      vertex 30.0000 11.6000 20.0000
      vertex 30.0000 11.6000 0.0000
    endloop
  endfacet
  facet normal 3.826834e-01 -9.238795e-01 0.000000e+00
    outer loop
      vertex 30.0000 11.6000 0.0000
      vertex 30.0000 11.6000 20.0000
      vertex 28.8686 11.1314 20.0000
    endloop
  endfacet
  facet normal 3.826834e-01 -9.238795e-01 0.000000e+00
    outer loop
      vertex 30.0000 11.6000 0.0000
      vertex 28.8686 11.1314 20.0000
      vertex 28.8686 11.1314 0.0000
    endloop
  endfacet
  facet normal 9.238795e-01 -3.826834e-01 0.000000e+00
    outer loop
      vertex 28.8686 11.1314 0.0000
      vertex 28.8686 11.1314 20.0000
      vertex 28.4000 10.0000 20.0000
    endloop
  endfacet
  facet normal 9.238795e-01 -3.826834e-01 0.000000e+00
    outer loop
      vertex 28.8686 11.1314 0.0000
      vertex 28.4000 10.0000 20.0000
      vertex 28.4000 10.0000 0.0000
    endloop
  endfacet
  facet normal 9.238795e-01 3.826834e-01 -0.000000e+00
    outer loop
      vertex 28.4000 10.0000 0.0000
      vertex 28.4000 10.0000 20.0000
      vertex 28.8686 8.8686 20.0000
    endloop
  endfacet
  facet normal 9.238795e-01 3.826834e-01 0.000000e+00
    outer loop
      vertex 28.4000 10.0000 0.0000
      vertex 28.8686 8.8686 20.0000
      vertex 28.8686 8.8686 0.0000
    endloop
  endfacet
  facet normal 3.826834e-01 9.238795e-01 -0.000000e+00
    outer loop
      vertex 28.8686 8.8686 0.0000
      vertex 28.8686 8.8686 20.0000
      vertex 30.0000 8.4000 20.0000
    endloop
  endfacet
  facet normal 3.826834e-01 9.238795e-01 0.000000e+00
    outer loop
      vertex 28.8686 8.8686 0.0000
      vertex 30.0000 8.4000 20.0000
      vertex 30.0000 8.4000 0.0000
    endloop
  endfacet
  facet normal -3.826834e-01 9.238795e-01 0.000000e+00
    outer loop
      vertex 30.0000 8.4000 0.0000
      vertex 30.0000 8.4000 20.0000
      vertex 31.1314 8.8686 20.0000
    endloop
  endfacet
  facet normal -3.826834e-01 9.238795e-01 0.000000e+00
    outer loop
      vertex 30.0000 8.4000 0.0000
      vertex 31.1314 8.8686 20.0000
      vertex 31.1314 8.8686 0.0000
    endloop
  endfacet
  facet normal -9.238795e-01 3.826834e-01 0.000000e+00
    outer loop
      vertex 31.1314 8.8686 0.0000
      vertex 31.1314 8.8686 20.0000
      vertex 31.6000 10.0000 20.0000
    endloop
  endfacet
  facet normal -9.238795e-01 3.826834e-01 0.000000e+00
    outer loop
      vertex 31.1314 8.8686 0.0000
      vertex 31.6000 10.0000 20.0000
      vertex 31.6000 10.0000 0.0000
    endloop
  endfacet
  facet normal -9.238795e-01 -3.826834e-01 0.000000e+00
    outer loop
      vertex 31.6000 15.0000 0.0000
      vertex 31.6000 15.0000 20.0000
      vertex 31.1314 16.1314 20.0000
    endloop
  endfacet
  facet normal -9.238795e-01 -3.826834e-01 0.000000e+00
    outer loop
      vertex 31.6000 15.0000 0.0000
      vertex 31.1314 16.1314 20.0000
      vertex 31.1314 16.1314 0.0000
    endloop
  endfacet
  facet normal -3.826834e-01 -9.238795e-01 0.000000e+00
    outer loop
      vertex 31.1314 16.1314 0.0000
      vertex 31.1314 16.1314 20.0000
      vertex 30.0000 16.6000 20.0000
    endloop
  endfacet
  facet normal -3.826834e-01 -9.238795e-01 0.000000e+00
    outer loop
      vertex 31.1314 16.1314 0.0000
      vertex 30.0000 16.6000 20.0000
      vertex 30.0000 16.6000 0.0000
    endloop
  endfacet
  facet normal 3.826834e-01 -9.238795e-01 0.000000e+00
    outer loop
      vertex 30.0000 16.6000 0.0000
      vertex 30.0000 16.6000 20.0000
      vertex 28.8686 16.1314 20.0000
    endloop
  endfacet
  facet normal 3.826834e-01 -9.238795e-01 0.000000e+00
    outer loop
      vertex 30.0000 16.6000 0.0000
      vertex 28.8686 16.1314 20.0000
      vertex 28.8686 16.1314 0.0000
    endloop
  endfacet
  facet normal 9.238795e-01 -3.826834e-01 0.000000e+00
    outer loop
      vertex 28.8686 16.1314 0.0000
      vertex 28.8686 16.1314 20.0000
      vertex 28.4000 15.0000 20.0000
    endloop
  endfacet
  facet normal 9.238795e-01 -3.826834e-01 0.000000e+00
    outer loop
      vertex 28.8686 16.1314 0.0000
      vertex 28.4000 15.0000 20.0000
      vertex 28.4000 15.0000 0.0000
    endloop
  endfacet
  facet normal 9.238795e-01 3.826834e-01 -0.000000e+00
    outer loop
      vertex 28.4000 15.0000 0.0000
      vertex 28.4000 15.0000 20.0000
      vertex 28.8686 13.8686 20.0000
    endloop
  endfacet
  facet normal 9.238795e-01 3.826834e-01 0.000000e+00
    outer loop
      vertex 28.4000 15.0000 0.0000
      vertex 28.8686 13.8686 20.0000
      vertex 28.8686 13.8686 0.0000
    endloop
  endfacet
  facet normal 3.826834e-01 9.238795e-01 -0.000000e+00
    outer loop
      vertex 28.8686 13.8686 0.0000
      vertex 28.8686 13.8686 20.0000
      vertex 30.0000 13.4000 20.0000
    endloop
  endfacet
  facet normal 3.826834e-01 9.238795e-01 0.000000e+00
    outer loop
      vertex 28.8686 13.8686 0.0000
      vertex 30.0000 13.4000 20.0000
      vertex 30.0000 13.4000 0.0000
    endloop
  endfacet
  facet normal -3.826834e-01 9.238795e-01 0.000000e+00
    outer loop
      vertex 30.0000 13.4000 0.0000
      vertex 30.0000 13.4000 20.0000
      vertex 31.1314 13.8686 20.0000
    endloop
  endfacet
  facet normal -3.826834e-01 9.238795e-01 0.000000e+00
    outer loop
      vertex 30.0000 13.4000 0.0000
      vertex 31.1314 13.8686 20.0000
      vertex 31.1314 13.8686 0.0000
    endloop
  endfacet
  facet normal -9.238795e-01 3.826834e-01 0.000000e+00
    outer loop
      vertex 31.1314 13.8686 0.0000
      vertex 31.1314 13.8686 20.0000
      vertex 31.6000 15.0000 20.0000
    endloop
  endfacet
  facet normal -9.238795e-01 3.826834e-01 0.000000e+00
    outer loop
      vertex 31.1314 13.8686 0.0000
      vertex 31.6000 15.0000 20.0000
      vertex 31.6000 15.0000 0.0000
    endloop
  endfacet
  facet normal -9.238795e-01 -3.826834e-01 0.000000e+00
    outer loop
      vertex 31.6000 20.0000 0.0000
      vertex 31.6000 20.0000 20.0000
      vertex 31.1314 21.1314 20.0000
    endloop
  endfacet
  facet normal -9.238795e-01 -3.826834e-01 0.000000e+00
    outer loop
      vertex 31.6000 20.0000 0.0000
      vertex 31.1314 21.1314 20.0000
      vertex 31.1314 21.1314 0.0000
    endloop
  endfacet
  facet normal -3.826834e-01 -9.238795e-01 0.000000e+00
    outer loop
      vertex 31.1314 21.1314 0.0000
      vertex 31.1314 21.1314 20.0000
      vertex 30.0000 21.6000 20.0000
    endloop
  endfacet
  facet normal -3.826834e-01 -9.238795e-01 0.000000e+00
    outer loop
      vertex 31.1314 21.1314 0.0000
      vertex 30.0000 21.6000 20.0000
      vertex 30.0000 21.6000 0.0000
    endloop
  endfacet
  facet normal 3.826834e-01 -9.238795e-01 0.000000e+00
    outer loop
      vertex 30.0000 21.6000 0.0000
      vertex 30.0000 21.6000 20.0000
      vertex 28.8686 21.1314 20.0000
    endloop
  endfacet
  facet normal 3.826834e-01 -9.238795e-01 0.000000e+00
    outer loop
      vertex 30.0000 21.6000 0.0000
      vertex 28.8686 21.1314 20.0000
      vertex 28.8686 21.1314 0.0000
    endloop
  endfacet
  facet normal 9.238795e-01 -3.826834e-01 0.000000e+00
    outer loop
      vertex 28.8686 21.1314 0.0000
      vertex 28.8686 21.1314 20.0000
      vertex 28.4000 20.0000 20.0000
    endloop
  endfacet
  facet normal 9.238795e-01 -3.826834e-01 0.000000e+00
    outer loop
      vertex 28.8686 21.1314 0.0000
      vertex 28.4000 20.0000 20.0000
      vertex 28.4000 20.0000 0.0000
    endloop
  endfacet
  facet normal 9.238795e-01 3.826834e-01 -0.000000e+00
    outer loop
      vertex 28.4000 20.0000 0.0000
      vertex 28.4000 20.0000 20.0000
      vertex 28.8686 18.8686 20.0000
    endloop
  endfacet
  facet normal 9.238795e-01 3.826834e-01 0.000000e+00
    outer loop
      vertex 28.4000 20.0000 0.0000
      vertex 28.8686 18.8686 20.0000
      vertex 28.8686 18.8686 0.0000
    endloop
  endfacet
  facet normal 3.826834e-01 9.238795e-01 -0.000000e+00
    outer loop
      vertex 28.8686 18.8686 0.0000
      vertex 28.8686 18.8686 20.0000
      vertex 30.0000 18.4000 20.0000
    endloop
  endfacet
  facet normal 3.826834e-01 9.238795e-01 0.000000e+00
    outer loop
      vertex 28.8686 18.8686 0.0000
      vertex 30.0000 18.4000 20.0000
      vertex 30.0000 18.4000 0.0000
    endloop
  endfacet
  facet normal -3.826834e-01 9.238795e-01 0.000000e+00
    outer loop
      vertex 30.0000 18.4000 0.0000
      vertex 30.0000 18.4000 20.0000
      vertex 31.1314 18.8686 20.0000
    endloop
  endfacet
  facet normal -3.826834e-01 9.238795e-01 0.000000e+00
    outer loop
      vertex 30.0000 18.4000 0.0000
      vertex 31.1314 18.8686 20.0000
      vertex 31.1314 18.8686 0.0000
    endloop
  endfacet
  facet normal -9.238795e-01 3.826834e-01 0.000000e+00
    outer loop
      vertex 31.1314 18.8686 0.0000
      vertex 31.1314 18.8686 20.0000
      vertex 31.6000 20.0000 20.0000
    endloop
  endfacet
  facet normal -9.238795e-01 3.826834e-01 0.000000e+00
    outer loop
      vertex 31.1314 18.8686 0.0000
      vertex 31.6000 20.0000 20.0000
      vertex 31.6000 20.0000 0.0000
    endloop
  endfacet
  facet normal -9.238795e-01 -3.826834e-01 0.000000e+00
    outer loop
      vertex 31.6000 25.0000 0.0000
      vertex 31.6000 25.0000 20.0000
      vertex 31.1314 26.1314 20.0000
    endloop
  endfacet
  facet normal -9.238795e-01 -3.826834e-01 0.000000e+00
    outer loop
      vertex 31.6000 25.0000 0.0000
      vertex 31.1314 26.1314 20.0000
      vertex 31.1314 26.1314 0.0000
    endloop
  endfacet
  facet normal -3.826834e-01 -9.238795e-01 0.000000e+00
    outer loop
      vertex 31.1314 26.1314 0.0000
      vertex 31.1314 26.1314 20.0000
      vertex 30.0000 26.6000 20.0000
    endloop
  endfacet
  facet normal -3.826834e-01 -9.238795e-01 0.000000e+00
    outer loop
      vertex 31.1314 26.1314 0.0000
      vertex 30.0000 26.6000 20.0000
      vertex 30.0000 26.6000 0.0000
    endloop
  endfacet
  facet normal 3.826834e-01 -9.238795e-01 0.000000e+00
    outer loop
      vertex 30.0000 26.6000 0.0000
      vertex 30.0000 26.6000 20.0000
      vertex 28.8686 26.1314 20.0000
    endloop
  endfacet
  facet normal 3.826834e-01 -9.238795e-01 0.000000e+00
    outer loop
      vertex 30.0000 26.6000 0.0000
      vertex 28.8686 26.1314 20.0000
      vertex 28.8686 26.1314 0.0000
    endloop
  endfacet
  facet normal 9.238795e-01 -3.826834e-01 0.000000e+00
    outer loop
      vertex 28.8686 26.1314 0.0000
      vertex 28.8686 26.1314 20.0000
      vertex 28.4000 25.0000 20.0000
    endloop
  endfacet
  facet normal 9.238795e-01 -3.826834e-01 0.000000e+00
    outer loop
      vertex 28.8686 26.1314 0.0000
      vertex 28.4000 25.0000 20.0000
      vertex 28.4000 25.0000 0.0000
    endloop
  endfacet
  facet normal 9.238795e-01 3.826834e-01 -0.000000e+00
    outer loop
      vertex 28.4000 25.0000 0.0000
      vertex 28.4000 25.0000 20.0000
      vertex 28.8686 23.8686 20.0000
    endloop
  endfacet
  facet normal 9.238795e-01 3.826834e-01 0.000000e+00
    outer loop
      vertex 28.4000 25.0000 0.0000
      vertex 28.8686 23.8686 20.0000
      vertex 28.8686 23.8686 0.0000
    endloop
  endfacet
  facet normal 3.826834e-01 9.238795e-01 -0.000000e+00
    outer loop
      vertex 28.8686 23.8686 0.0000
      vertex 28.8686 23.8686 20.0000
      vertex 30.0000 23.4000 20.0000
    endloop
  endfacet
  facet normal 3.826834e-01 9.238795e-01 0.000000e+00
    outer loop
      vertex 28.8686 23.8686 0.0000
      vertex 30.0000 23.4000 20.0000
      vertex 30.0000 23.4000 0.0000
    endloop
  endfacet
  facet normal -3.826834e-01 9.238795e-01 0.000000e+00
    outer loop
      vertex 30.0000 23.4000 0.0000
      vertex 30.0000 23.4000 20.0000
      vertex 31.1314 23.8686 20.0000
    endloop
  endfacet
  facet normal -3.826834e-01 9.238795e-01 0.000000e+00
    outer loop
      vertex 30.0000 23.4000 0.0000
      vertex 31.1314 23.8686 20.0000
      vertex 31.1314 23.8686 0.0000
    endloop
  endfacet
  facet normal -9.238795e-01 3.826834e-01 0.000000e+00
    outer loop
      vertex 31.1314 23.8686 0.0000
      vertex 31.1314 23.8686 20.0000
      vertex 31.6000 25.0000 20.0000
    endloop
  endfacet
  facet normal -9.238795e-01 3.826834e-01 0.000000e+00
    outer loop
      vertex 31.1314 23.8686 0.0000
      vertex 31.6000 25.0000 20.0000
      vertex 31.6000 25.0000 0.0000
    endloop
  endfacet
  facet normal -9.238795e-01 -3.826834e-01 0.000000e+00
    outer loop
      vertex 31.6000 30.0000 0.0000
      vertex 31.6000 30.0000 20.0000
      vertex 31.1314 31.1314 20.0000
    endloop
  endfacet
  facet normal -9.238795e-01 -3.826834e-01 0.000000e+00
    outer loop
      vertex 31.6000 30.0000 0.0000
      vertex 31.1314 31.1314 20.0000
      vertex 31.1314 31.1314 0.0000
    endloop
  endfacet
  facet normal -3.826834e-01 -9.238795e-01 0.000000e+00
    outer loop
      vertex 31.1314 31.1314 0.0000
      vertex 31.1314 31.1314 20.0000
      vertex 30.0000 31.6000 20.0000
    endloop
  endfacet
  facet normal -3.826834e-01 -9.238795e-01 0.000000e+00
    outer loop
      vertex 31.1314 31.1314 0.0000
      vertex 30.0000 31.6000 20.0000
      vertex 30.0000 31.6000 0.0000
    endloop
  endfacet
  facet normal 3.826834e-01 -9.238795e-01 0.000000e+00
    outer loop
      vertex 30.0000 31.6000 0.0000
      vertex 30.0000 31.6000 20.0000
      vertex 28.8686 31.1314 20.0000
    endloop
  endfacet
  facet normal 3.826834e-01 -9.238795e-01 0.000000e+00
    outer loop
      vertex 30.0000 31.6000 0.0000
      vertex 28.8686 31.1314 20.0000
      vertex 28.8686 31.1314 0.0000
    endloop
  endfacet
  facet normal 9.238795e-01 -3.826834e-01 0.000000e+00
    outer loop
      vertex 28.8686 31.1314 0.0000
      vertex 28.8686 31.1314 20.0000
      vertex 28.4000 30.0000 20.0000
    endloop
  endfacet
  facet normal 9.238795e-01 -3.826834e-01 0.000000e+00
    outer loop
      vertex 28.8686 31.1314 0.0000
      vertex 28.4000 30.0000 20.0000
      vertex 28.4000 30.0000 0.0000
    endloop
  endfacet
  facet normal 9.238795e-01 3.826834e-01 -0.000000e+00
    outer loop
      vertex 28.4000 30.0000 0.0000
      vertex 28.4000 30.0000 20.0000
      vertex 28.8686 28.8686 20.0000
    endloop
  endfacet
  facet normal 9.238795e-01 3.826834e-01 0.000000e+00
    outer loop
      vertex 28.4000 30.0000 0.0000
      vertex 28.8686 28.8686 20.0000
      vertex 28.8686 28.8686 0.0000
    endloop
  endfacet
  facet normal 3.826834e-01 9.238795e-01 -0.000000e+00
    outer loop
      vertex 28.8686 28.8686 0.0000
      vertex 28.8686 28.8686 20.0000
      vertex 30.0000 28.4000 20.0000
    endloop
  endfacet
  facet normal 3.826834e-01 9.238795e-01 0.000000e+00
    outer loop
      vertex 28.8686 28.8686 0.0000
      vertex 30.0000 28.4000 20.0000
      vertex 30.0000 28.4000 0.0000
    endloop
  endfacet
  facet normal -3.826834e-01 9.238795e-01 0.000000e+00
    outer loop
      vertex 30.0000 28.4000 0.0000
      vertex 30.0000 28.4000 20.0000
      vertex 31.1314 28.8686 20.0000
    endloop
  endfacet
  facet normal -3.826834e-01 9.238795e-01 0.000000e+00
    outer loop
      vertex 30.0000 28.4000 0.0000
      vertex 31.1314 28.8686 20.0000
      vertex 31.1314 28.8686 0.0000
    endloop
  endfacet
  facet normal -9.238795e-01 3.826834e-01 0.000000e+00
    outer loop
      vertex 31.1314 28.8686 0.0000
      vertex 31.1314 28.8686 20.0000
      vertex 31.6000 30.0000 20.0000
    endloop
  endfacet
  facet normal -9.238795e-01 3.826834e-01 0.000000e+00
    outer loop
      vertex 31.1314 28.8686 0.0000
      vertex 31.6000 30.0000 20.0000
      vertex 31.6000 30.0000 0.0000
    endloop
  endfacet
  facet normal 1.000000e+00 0.000000e+00 0.000000e+00
    outer loop
      vertex 40.0000 -35.0000 0.0000
      vertex 40.0000 35.0000 0.0000
      vertex 40.0000 35.0000 20.0000
    endloop
  endfacet
  facet normal 1.000000e+00 0.000000e+00 0.000000e+00
    outer loop
      vertex 40.0000 -35.0000 0.0000
      vertex 40.0000 35.0000 20.0000
      vertex 40.0000 -35.0000 20.0000
    endloop
  endfacet
  facet normal -1.000000e+00 0.000000e+00 0.000000e+00
    outer loop
      vertex -40.0000 35.0000 0.0000
      vertex -40.0000 -35.0000 0.0000
      vertex -40.0000 -35.0000 20.0000
    endloop
  endfacet
  facet normal -1.000000e+00 0.000000e+00 0.000000e+00
    outer loop
      vertex -40.0000 35.0000 0.0000
      vertex -40.0000 -35.0000 20.0000
      vertex -40.0000 35.0000 20.0000
    endloop
  endfacet
  facet normal 0.000000e+00 1.000000e+00 0.000000e+00
    outer loop
      vertex 40.0000 35.0000 0.0000
      vertex -40.0000 35.0000 0.0000
      vertex -40.0000 35.0000 20.0000
    endloop
  endfacet
  facet normal 0.000000e+00 1.000000e+00 -0.000000e+00
    outer loop
      vertex 40.0000 35.0000 0.0000
      vertex -40.0000 35.0000 20.0000
      vertex 40.0000 35.0000 20.0000
    endloop
  endfacet
  facet normal 0.000000e+00 -1.000000e+00 0.000000e+00
    outer loop
      vertex -40.0000 -35.0000 0.0000
      vertex 40.0000 -35.0000 0.0000
      vertex 40.0000 -35.0000 20.0000
    endloop
  endfacet
  facet normal 0.000000e+00 -1.000000e+00 0.000000e+00
    outer loop
      vertex -40.0000 -35.0000 0.0000
      vertex 40.0000 -35.0000 20.0000
      vertex -40.0000 -35.0000 20.0000
    endloop
  endfacet
endsolid phantom_pegboard
